# 3ds Max Wavefront OBJ Exporter v0.99 - (c)2007 guruware
# File Created: 11.04.2025 00:46:35

mtllib Carro_Muffin.mtl

#
# object Object001
#

v  5.1933 1.0520 4.8934
v  5.2958 1.6335 4.8934
v  4.8981 0.5407 4.8934
v  5.1933 2.2149 4.8934
v  4.8981 2.7262 4.8934
v  4.4458 3.1057 4.8934
v  3.8910 3.3076 4.8934
v  3.3006 3.3076 4.8934
v  2.7458 3.1057 4.8934
v  2.2936 2.7262 4.8934
v  1.9984 2.2149 4.8934
v  1.8958 1.6335 4.8934
v  1.9984 1.0520 4.8934
v  2.2936 0.5407 4.8934
v  2.7458 0.1612 4.8934
v  3.3006 -0.0407 4.8934
v  3.8910 -0.0407 4.8934
v  4.4458 0.1612 4.8934
v  -1.9417 14.1800 1.0334
v  0.0583 14.1800 -0.9666
v  0.0583 14.1800 1.0334
v  -1.2021 16.3464 0.7462
v  -0.7073 16.3464 0.7462
v  -1.2021 16.3464 -0.6793
v  0.0583 14.8100 1.0334
v  -1.9417 14.8100 1.0334
v  0.0583 14.8100 -0.9666
v  -1.9417 14.8100 -0.9666
v  -1.9417 14.1800 -0.9666
v  -1.8327 15.5215 0.9132
v  -0.0507 15.5215 0.9132
v  -0.7073 16.3464 -0.6793
v  -0.0507 15.5215 -0.8463
v  -1.8327 15.5215 -0.8463
v  -0.3108 16.2900 0.7462
v  -0.3108 16.2900 -0.6793
v  -1.5897 16.2893 -0.6793
v  -1.5897 16.2893 0.7462
v  -4.6237 0.6726 -4.0000
v  -4.3435 0.6726 -4.0000
v  -4.6237 0.6726 4.0000
v  4.2762 0.6726 4.0000
v  4.2762 0.6726 -4.0000
v  5.5688 0.6726 4.0000
v  -4.6237 5.9419 4.0000
v  -4.3435 6.1346 4.0000
v  -4.6237 5.9419 -4.0000
v  -4.3435 14.1741 4.0000
v  2.5000 14.1741 -4.0000
v  -4.3435 14.1741 -4.0000
v  4.2762 6.1346 4.0000
v  4.5688 5.9419 4.0000
v  4.2762 6.1346 -4.0000
v  -5.6237 1.7323 4.0000
v  -5.6237 5.0942 4.0000
v  -4.3435 1.7323 4.0000
v  4.2762 1.7323 4.0000
v  6.5688 1.7323 4.0000
v  6.5688 1.7323 -4.0000
v  6.5688 4.2465 4.0000
v  4.5688 5.9419 -4.0000
v  6.5688 4.2465 -4.0000
v  4.2762 1.7323 -4.0000
v  -4.3435 6.1346 -4.0000
v  -4.3435 1.7323 -4.0000
v  -5.6237 1.7323 -4.0000
v  -5.6237 5.0942 -4.0000
v  3.6070 6.4741 4.0000
v  -3.7936 6.4741 4.0000
v  2.0479 13.6729 4.0000
v  2.5000 14.1741 4.0000
v  -3.7936 13.6729 4.0000
v  4.1697 6.4646 -3.4500
v  4.1697 6.4646 3.4500
v  2.6065 13.6824 -3.4500
v  2.6065 13.6824 3.4500
v  -3.7936 6.4741 -4.0000
v  3.6070 6.4741 -4.0000
v  -3.7936 13.6729 -4.0000
v  2.0479 13.6729 -4.0000
v  -4.3435 6.4741 3.4500
v  -4.3435 6.4741 -3.4500
v  -4.3435 13.6729 3.4500
v  -4.3435 13.6729 -3.4500
v  -5.6237 1.5203 4.0000
v  -5.6237 1.5203 -4.0000
v  6.5688 1.5203 -4.0000
v  6.5688 1.5203 4.0000
v  -4.3435 0.6726 4.0000
v  6.0080 5.4968 4.0000
v  6.0080 5.4968 -4.0000
v  -5.3762 5.7321 -4.0000
v  -5.3762 5.7321 4.0000
v  5.5688 0.6726 -4.0000
v  6.3213 0.8824 -4.0000
v  6.3213 0.8824 4.0000
v  -5.3762 0.8824 4.0000
v  -5.3762 0.8824 -4.0000
v  5.1933 1.0520 4.0234
v  4.8981 0.5407 4.0234
v  5.2958 1.6335 4.0234
v  5.1933 2.2149 4.1974
v  5.2958 1.6335 4.1974
v  5.1933 2.2149 4.0234
v  4.8981 2.7262 4.1974
v  4.8981 2.7262 4.0234
v  4.4458 3.1057 4.1974
v  4.4458 3.1057 4.0234
v  3.8910 3.3076 4.1974
v  3.8910 3.3076 4.0234
v  3.3006 3.3076 4.1974
v  3.3006 3.3076 4.0234
v  2.7458 3.1057 4.1974
v  2.7458 3.1057 4.0234
v  2.2936 2.7262 4.1974
v  2.2936 2.7262 4.0234
v  1.9984 2.2149 4.1974
v  1.9984 2.2149 4.0234
v  1.8958 1.6335 4.1974
v  1.8958 1.6335 4.0234
v  1.9984 1.0520 4.1974
v  1.9984 1.0520 4.0234
v  2.2936 0.5407 4.1974
v  2.2936 0.5407 4.0234
v  2.7458 0.1612 4.1974
v  2.7458 0.1612 4.0234
v  3.3006 -0.0407 4.1974
v  3.3006 -0.0407 4.0234
v  3.8910 -0.0407 4.1974
v  3.8910 -0.0407 4.0234
v  4.4458 0.1612 4.1974
v  4.4458 0.1612 4.0234
v  4.8981 0.5407 4.1974
v  5.1933 1.0520 4.1974
v  5.1933 2.2149 4.3714
v  5.2958 1.6335 4.3714
v  4.8981 2.7262 4.3714
v  4.4458 3.1057 4.3714
v  3.8910 3.3076 4.3714
v  3.3006 3.3076 4.3714
v  2.7458 3.1057 4.3714
v  2.2936 2.7262 4.3714
v  1.9984 2.2149 4.3714
v  1.8958 1.6335 4.3714
v  1.9984 1.0520 4.3714
v  2.2936 0.5407 4.3714
v  2.7458 0.1612 4.3714
v  3.3006 -0.0407 4.3714
v  3.8910 -0.0407 4.3714
v  4.4458 0.1612 4.3714
v  4.8981 0.5407 4.3714
v  5.1933 1.0520 4.3714
v  5.1933 2.2149 4.5454
v  5.2958 1.6335 4.5454
v  4.8981 2.7262 4.5454
v  4.4458 3.1057 4.5454
v  3.8910 3.3076 4.5454
v  3.3006 3.3076 4.5454
v  2.7458 3.1057 4.5454
v  2.2936 2.7262 4.5454
v  1.9984 2.2149 4.5454
v  1.8958 1.6335 4.5454
v  1.9984 1.0520 4.5454
v  2.2936 0.5407 4.5454
v  2.7458 0.1612 4.5454
v  3.3006 -0.0407 4.5454
v  3.8910 -0.0407 4.5454
v  4.4458 0.1612 4.5454
v  4.8981 0.5407 4.5454
v  5.1933 1.0520 4.5454
v  5.1933 2.2149 4.7194
v  5.2958 1.6335 4.7194
v  4.8981 2.7262 4.7194
v  4.4458 3.1057 4.7194
v  3.8910 3.3076 4.7194
v  3.3006 3.3076 4.7194
v  2.7458 3.1057 4.7194
v  2.2936 2.7262 4.7194
v  1.9984 2.2149 4.7194
v  1.8958 1.6335 4.7194
v  1.9984 1.0520 4.7194
v  2.2936 0.5407 4.7194
v  2.7458 0.1612 4.7194
v  3.3006 -0.0407 4.7194
v  3.8910 -0.0407 4.7194
v  4.4458 0.1612 4.7194
v  4.8981 0.5407 4.7194
v  5.1933 1.0520 4.7194
v  3.2964 6.4316 -0.0573
v  3.4295 6.6289 -0.1439
v  3.4380 6.6415 -0.0573
v  3.4049 6.5924 -0.2201
v  3.3672 6.5366 -0.2766
v  3.3210 6.4681 -0.3067
v  3.2718 6.3952 -0.3067
v  3.2256 6.3267 -0.2766
v  3.1880 6.2708 -0.2201
v  3.1634 6.2344 -0.1439
v  3.1549 6.2217 -0.0573
v  3.1634 6.2344 0.0293
v  3.1880 6.2708 0.1054
v  3.2256 6.3267 0.1620
v  3.2718 6.3952 0.1920
v  3.3210 6.4681 0.1920
v  3.3672 6.5366 0.1620
v  3.4049 6.5924 0.1054
v  3.4295 6.6289 0.0293
v  3.5625 6.8261 -0.2305
v  3.5796 6.8515 -0.0573
v  3.1549 6.2217 -0.4959
v  3.2473 6.3587 -0.5560
v  3.0795 6.1101 -0.3828
v  3.1549 6.2217 0.3812
v  3.0795 6.1101 0.2682
v  3.2473 6.3587 0.4414
v  3.5625 6.8261 0.1159
v  3.6956 7.0234 -0.3171
v  3.7212 7.0614 -0.0573
v  3.0841 6.1168 -0.7151
v  3.2227 6.3223 -0.8053
v  2.9711 5.9493 -0.5456
v  3.0841 6.1168 0.6005
v  2.9711 5.9493 0.4309
v  3.2227 6.3223 0.6907
v  3.6956 7.0234 0.2025
v  3.8286 7.2206 -0.4037
v  3.8628 7.2713 -0.0573
v  3.7303 7.0748 -0.7083
v  3.6218 6.9140 -0.5456
v  3.5796 6.8515 -0.9344
v  3.5088 6.7465 -0.7151
v  3.3948 6.5774 -1.0547
v  3.3702 6.5410 -0.8053
v  3.1981 6.2858 -1.0547
v  3.0133 6.0118 -0.9344
v  2.8626 5.7885 -0.7083
v  2.7643 5.6427 -0.4037
v  2.8973 5.8399 -0.3171
v  2.7301 5.5920 -0.0573
v  2.8717 5.8019 -0.0573
v  2.7643 5.6427 0.2891
v  2.8973 5.8399 0.2025
v  2.8626 5.7885 0.5937
v  3.0133 6.0118 0.8198
v  3.1981 6.2858 0.9401
v  3.3948 6.5774 0.9401
v  3.3702 6.5410 0.6907
v  3.5796 6.8515 0.8198
v  3.5088 6.7465 0.6005
v  3.7303 7.0748 0.5937
v  3.6218 6.9140 0.4309
v  3.8286 7.2206 0.2891
v  3.7559 7.2697 -0.4037
v  3.7900 7.3203 -0.0573
v  3.6575 7.1239 -0.7083
v  3.5069 6.9005 -0.9344
v  3.3220 6.6265 -1.0547
v  3.1253 6.3349 -1.0547
v  2.9405 6.0609 -0.9344
v  2.7899 5.8375 -0.7083
v  2.6915 5.6917 -0.4037
v  2.6574 5.6411 -0.0573
v  2.6915 5.6917 0.2891
v  2.7899 5.8375 0.5937
v  2.9405 6.0609 0.8198
v  3.1253 6.3349 0.9401
v  3.3220 6.6265 0.9401
v  3.5069 6.9005 0.8198
v  3.6575 7.1239 0.5937
v  3.7559 7.2697 0.2891
v  3.6831 7.3188 -0.4037
v  3.7173 7.3694 -0.0573
v  3.5848 7.1730 -0.7083
v  3.4341 6.9496 -0.9344
v  3.2493 6.6756 -1.0547
v  3.0526 6.3840 -1.0547
v  2.8678 6.1100 -0.9344
v  2.7171 5.8866 -0.7083
v  2.6188 5.7408 -0.4037
v  2.5846 5.6902 -0.0573
v  2.6188 5.7408 0.2891
v  2.7171 5.8866 0.5937
v  2.8678 6.1100 0.8198
v  3.0526 6.3840 0.9401
v  3.2493 6.6756 0.9401
v  3.4341 6.9496 0.8198
v  3.5848 7.1730 0.5937
v  3.6831 7.3188 0.2891
v  3.6104 7.3678 -0.4037
v  3.6445 7.4185 -0.0573
v  3.5120 7.2220 -0.7083
v  3.3614 6.9987 -0.9344
v  3.1765 6.7246 -1.0547
v  2.9799 6.4331 -1.0547
v  2.7950 6.1590 -0.9344
v  2.6444 5.9357 -0.7083
v  2.5460 5.7899 -0.4037
v  2.5119 5.7392 -0.0573
v  2.5460 5.7899 0.2891
v  2.6444 5.9357 0.5937
v  2.7950 6.1590 0.8198
v  2.9799 6.4331 0.9401
v  3.1765 6.7246 0.9401
v  3.3614 6.9987 0.8198
v  3.5120 7.2220 0.5937
v  3.6104 7.3678 0.2891
v  3.5376 7.4169 -0.4037
v  3.5718 7.4675 -0.0573
v  3.4393 7.2711 -0.7083
v  3.2886 7.0477 -0.9344
v  3.1038 6.7737 -1.0547
v  2.9071 6.4821 -1.0547
v  2.7223 6.2081 -0.9344
v  2.5716 5.9847 -0.7083
v  2.4733 5.8389 -0.4037
v  2.4391 5.7883 -0.0573
v  2.4733 5.8389 0.2891
v  2.5716 5.9847 0.5937
v  2.7223 6.2081 0.8198
v  2.9071 6.4821 0.9401
v  3.1038 6.7737 0.9401
v  3.2886 7.0477 0.8198
v  3.4393 7.2711 0.5937
v  3.5376 7.4169 0.2891
v  3.4649 7.4660 -0.4037
v  3.4990 7.5166 -0.0573
v  3.3665 7.3202 -0.7083
v  3.2159 7.0968 -0.9344
v  3.0310 6.8228 -1.0547
v  2.8344 6.5312 -1.0547
v  2.6495 6.2572 -0.9344
v  2.4989 6.0338 -0.7083
v  2.4005 5.8880 -0.4037
v  2.3664 5.8374 -0.0573
v  2.4005 5.8880 0.2891
v  2.4989 6.0338 0.5937
v  2.6495 6.2572 0.8198
v  2.8344 6.5312 0.9401
v  3.0310 6.8228 0.9401
v  3.2159 7.0968 0.8198
v  3.3665 7.3202 0.5937
v  3.4649 7.4660 0.2891
v  3.3318 7.2687 -0.3171
v  3.3574 7.3067 -0.0573
v  3.2581 7.1594 -0.5456
v  3.1451 6.9918 -0.7151
v  3.0065 6.7863 -0.8053
v  2.8589 6.5676 -0.8053
v  2.7203 6.3621 -0.7151
v  2.6073 6.1946 -0.5456
v  2.5336 6.0853 -0.3171
v  2.5080 6.0473 -0.0573
v  2.5336 6.0853 0.2025
v  2.6073 6.1946 0.4309
v  2.7203 6.3621 0.6005
v  2.8589 6.5676 0.6907
v  3.0065 6.7863 0.6907
v  3.1451 6.9918 0.6005
v  3.2581 7.1594 0.4309
v  3.3318 7.2687 0.2025
v  3.1988 7.0715 -0.2305
v  3.2159 7.0968 -0.0573
v  2.7911 6.4671 -0.4959
v  2.8835 6.6041 -0.5560
v  2.7158 6.3554 -0.3828
v  2.7911 6.4671 0.3812
v  2.7158 6.3554 0.2682
v  2.8835 6.6041 0.4414
v  3.1988 7.0715 0.1159
v  3.0657 6.8742 -0.1439
v  3.0743 6.8869 -0.0573
v  2.8619 6.5720 -0.2766
v  2.9081 6.6405 -0.3067
v  2.8242 6.5162 -0.2201
v  2.8619 6.5720 0.1620
v  2.8242 6.5162 0.1054
v  2.9081 6.6405 0.1920
v  3.0657 6.8742 0.0293
v  2.9327 6.6770 -0.0573
v  3.0412 6.8378 -0.2201
v  3.0035 6.7819 -0.2766
v  2.9573 6.7134 -0.3067
v  2.7997 6.4797 -0.1439
v  2.7911 6.4671 -0.0573
v  2.7997 6.4797 0.0293
v  2.9573 6.7134 0.1920
v  3.0035 6.7819 0.1620
v  3.0412 6.8378 0.1054
v  4.3227 5.7198 -0.0650
v  4.3463 5.7536 -0.0800
v  4.3479 5.7557 -0.0650
v  4.3420 5.7473 -0.0932
v  4.3353 5.7378 -0.1030
v  4.3271 5.7260 -0.1082
v  4.3183 5.7136 -0.1082
v  4.3101 5.7018 -0.1030
v  4.3034 5.6923 -0.0932
v  4.2991 5.6860 -0.0800
v  4.2975 5.6839 -0.0650
v  4.2991 5.6860 -0.0500
v  4.3034 5.6923 -0.0368
v  4.3101 5.7018 -0.0270
v  4.3183 5.7136 -0.0218
v  4.3271 5.7260 -0.0218
v  4.3353 5.7378 -0.0270
v  4.3420 5.7473 -0.0368
v  4.3463 5.7536 -0.0500
v  4.3700 5.7873 -0.0950
v  4.3730 5.7916 -0.0650
v  4.3612 5.7748 -0.1214
v  4.3479 5.7557 -0.1410
v  4.3314 5.7323 -0.1514
v  4.3140 5.7073 -0.1514
v  4.2975 5.6839 -0.1410
v  4.2842 5.6648 -0.1214
v  4.2754 5.6523 -0.0950
v  4.2724 5.6479 -0.0650
v  4.2754 5.6523 -0.0350
v  4.2842 5.6648 -0.0086
v  4.2975 5.6839 0.0109
v  4.3140 5.7073 0.0214
v  4.3314 5.7323 0.0214
v  4.3479 5.7557 0.0109
v  4.3612 5.7748 -0.0086
v  4.3700 5.7873 -0.0350
v  4.3936 5.8211 -0.1100
v  4.3982 5.8276 -0.0650
v  4.3805 5.8024 -0.1496
v  4.3604 5.7737 -0.1790
v  4.3358 5.7385 -0.1946
v  4.3096 5.7011 -0.1946
v  4.2850 5.6659 -0.1790
v  4.2649 5.6372 -0.1496
v  4.2518 5.6185 -0.1100
v  4.2472 5.6120 -0.0650
v  4.2518 5.6185 -0.0200
v  4.2649 5.6372 0.0196
v  4.2850 5.6659 0.0489
v  4.3096 5.7011 0.0645
v  4.3358 5.7385 0.0645
v  4.3604 5.7737 0.0489
v  4.3805 5.8024 0.0196
v  4.3936 5.8211 -0.0200
v  4.4172 5.8548 -0.1250
v  4.4233 5.8635 -0.0650
v  4.3998 5.8299 -0.1778
v  4.3730 5.7916 -0.2169
v  4.3402 5.7447 -0.2378
v  4.3052 5.6948 -0.2378
v  4.2724 5.6479 -0.2169
v  4.2456 5.6097 -0.1778
v  4.2282 5.5848 -0.1250
v  4.2221 5.5761 -0.0650
v  4.2282 5.5848 -0.0050
v  4.2456 5.6097 0.0477
v  4.2724 5.6479 0.0869
v  4.3052 5.6948 0.1077
v  4.3402 5.7447 0.1077
v  4.3730 5.7916 0.0869
v  4.3998 5.8299 0.0477
v  4.4172 5.8548 -0.0050
v  4.1663 6.0305 -0.1250
v  4.1724 6.0392 -0.0650
v  4.1489 6.0056 -0.1778
v  4.1221 5.9673 -0.2169
v  4.0893 5.9204 -0.2378
v  4.0543 5.8705 -0.2378
v  4.0215 5.8236 -0.2169
v  3.9947 5.7854 -0.1778
v  3.9772 5.7605 -0.1250
v  3.9712 5.7518 -0.0650
v  3.9772 5.7605 -0.0050
v  3.9947 5.7854 0.0477
v  4.0215 5.8236 0.0869
v  4.0543 5.8705 0.1077
v  4.0893 5.9204 0.1077
v  4.1221 5.9673 0.0869
v  4.1489 6.0056 0.0477
v  4.1663 6.0305 -0.0050
v  3.9154 6.2062 -0.1250
v  3.9215 6.2149 -0.0650
v  3.8979 6.1813 -0.1778
v  3.8712 6.1430 -0.2169
v  3.8383 6.0961 -0.2378
v  3.8034 6.0462 -0.2378
v  3.7706 5.9993 -0.2169
v  3.7438 5.9611 -0.1778
v  3.7263 5.9362 -0.1250
v  3.7203 5.9275 -0.0650
v  3.7263 5.9362 -0.0050
v  3.7438 5.9611 0.0477
v  3.7706 5.9993 0.0869
v  3.8034 6.0462 0.1077
v  3.8383 6.0961 0.1077
v  3.8712 6.1430 0.0869
v  3.8979 6.1813 0.0477
v  3.9154 6.2062 -0.0050
v  3.6645 6.3819 -0.1250
v  3.6706 6.3906 -0.0650
v  3.6470 6.3569 -0.1778
v  3.6203 6.3187 -0.2169
v  3.5874 6.2718 -0.2378
v  3.5525 6.2219 -0.2378
v  3.5196 6.1750 -0.2169
v  3.4929 6.1368 -0.1778
v  3.4754 6.1118 -0.1250
v  3.4693 6.1032 -0.0650
v  3.4754 6.1118 -0.0050
v  3.4929 6.1368 0.0477
v  3.5196 6.1750 0.0869
v  3.5525 6.2219 0.1077
v  3.5874 6.2718 0.1077
v  3.6203 6.3187 0.0869
v  3.6470 6.3569 0.0477
v  3.6645 6.3819 -0.0050
v  3.4136 6.5576 -0.1250
v  3.4197 6.5663 -0.0650
v  3.3961 6.5326 -0.1778
v  3.3693 6.4944 -0.2169
v  3.3365 6.4475 -0.2378
v  3.3016 6.3976 -0.2378
v  3.2687 6.3507 -0.2169
v  3.2420 6.3125 -0.1778
v  3.2245 6.2875 -0.1250
v  3.2184 6.2789 -0.0650
v  3.2245 6.2875 -0.0050
v  3.2420 6.3125 0.0477
v  3.2687 6.3507 0.0869
v  3.3016 6.3976 0.1077
v  3.3365 6.4475 0.1077
v  3.3693 6.4944 0.0869
v  3.3961 6.5326 0.0477
v  3.4136 6.5576 -0.0050
v  3.1627 6.7333 -0.1250
v  3.1687 6.7419 -0.0650
v  3.1452 6.7083 -0.1778
v  3.1184 6.6701 -0.2169
v  3.0856 6.6232 -0.2378
v  3.0507 6.5733 -0.2378
v  3.0178 6.5264 -0.2169
v  2.9911 6.4882 -0.1778
v  2.9736 6.4632 -0.1250
v  2.9675 6.4546 -0.0650
v  2.9736 6.4632 -0.0050
v  2.9911 6.4882 0.0477
v  3.0178 6.5264 0.0869
v  3.0507 6.5733 0.1077
v  3.0856 6.6232 0.1077
v  3.1184 6.6701 0.0869
v  3.1452 6.7083 0.0477
v  3.1627 6.7333 -0.0050
v  3.1390 6.6995 -0.1100
v  3.1436 6.7060 -0.0650
v  3.1259 6.6808 -0.1496
v  3.1059 6.6521 -0.1790
v  3.0812 6.6170 -0.1946
v  3.0550 6.5795 -0.1946
v  3.0304 6.5444 -0.1790
v  3.0103 6.5157 -0.1496
v  2.9972 6.4970 -0.1100
v  2.9927 6.4905 -0.0650
v  2.9972 6.4970 -0.0200
v  3.0103 6.5157 0.0196
v  3.0304 6.5444 0.0489
v  3.0550 6.5795 0.0645
v  3.0812 6.6170 0.0645
v  3.1059 6.6521 0.0489
v  3.1259 6.6808 0.0196
v  3.1390 6.6995 -0.0200
v  3.1154 6.6658 -0.0950
v  3.1184 6.6701 -0.0650
v  3.1067 6.6533 -0.1214
v  3.0933 6.6342 -0.1410
v  3.0769 6.6107 -0.1514
v  3.0594 6.5858 -0.1514
v  3.0430 6.5623 -0.1410
v  3.0296 6.5432 -0.1214
v  3.0209 6.5307 -0.0950
v  3.0178 6.5264 -0.0650
v  3.0209 6.5307 -0.0350
v  3.0296 6.5432 -0.0086
v  3.0430 6.5623 0.0109
v  3.0594 6.5858 0.0214
v  3.0769 6.6107 0.0214
v  3.0933 6.6342 0.0109
v  3.1067 6.6533 -0.0086
v  3.1154 6.6658 -0.0350
v  3.0918 6.6320 -0.0800
v  3.0933 6.6342 -0.0650
v  3.0874 6.6258 -0.0932
v  3.0807 6.6162 -0.1030
v  3.0725 6.6045 -0.1082
v  3.0638 6.5920 -0.1082
v  3.0555 6.5803 -0.1030
v  3.0489 6.5707 -0.0932
v  3.0445 6.5645 -0.0800
v  3.0430 6.5623 -0.0650
v  3.0445 6.5645 -0.0500
v  3.0489 6.5707 -0.0368
v  3.0555 6.5803 -0.0270
v  3.0638 6.5920 -0.0218
v  3.0725 6.6045 -0.0218
v  3.0807 6.6162 -0.0270
v  3.0874 6.6258 -0.0368
v  3.0918 6.6320 -0.0500
v  3.0681 6.5983 -0.0650
v  -1.0005 1.0520 4.0086
v  -1.2957 0.5407 4.0086
v  -0.8979 1.6335 4.0086
v  -1.0005 2.2149 4.1826
v  -0.8979 1.6335 4.1826
v  -1.0005 2.2149 4.0086
v  -1.2957 2.7262 4.1826
v  -1.2957 2.7262 4.0086
v  -1.7479 3.1057 4.1826
v  -1.7479 3.1057 4.0086
v  -2.3027 3.3076 4.1826
v  -2.3027 3.3076 4.0086
v  -2.8931 3.3076 4.1826
v  -2.8931 3.3076 4.0086
v  -3.4479 3.1057 4.1826
v  -3.4479 3.1057 4.0086
v  -3.9002 2.7262 4.1826
v  -3.9002 2.7262 4.0086
v  -4.1954 2.2149 4.1826
v  -4.1954 2.2149 4.0086
v  -4.2979 1.6335 4.1826
v  -4.2979 1.6335 4.0086
v  -4.1954 1.0520 4.1826
v  -4.1954 1.0520 4.0086
v  -3.9002 0.5407 4.1826
v  -3.9002 0.5407 4.0086
v  -3.4479 0.1612 4.1826
v  -3.4479 0.1612 4.0086
v  -2.8931 -0.0407 4.1826
v  -2.8931 -0.0407 4.0086
v  -2.3027 -0.0407 4.1826
v  -2.3027 -0.0407 4.0086
v  -1.7479 0.1612 4.1826
v  -1.7479 0.1612 4.0086
v  -1.2957 0.5407 4.1826
v  -1.0005 1.0520 4.1826
v  -1.0005 2.2149 4.3566
v  -0.8979 1.6335 4.3566
v  -1.2957 2.7262 4.3566
v  -1.7479 3.1057 4.3566
v  -2.3027 3.3076 4.3566
v  -2.8931 3.3076 4.3566
v  -3.4479 3.1057 4.3566
v  -3.9002 2.7262 4.3566
v  -4.1954 2.2149 4.3566
v  -4.2979 1.6335 4.3566
v  -4.1954 1.0520 4.3566
v  -3.9002 0.5407 4.3566
v  -3.4479 0.1612 4.3566
v  -2.8931 -0.0407 4.3566
v  -2.3027 -0.0407 4.3566
v  -1.7479 0.1612 4.3566
v  -1.2957 0.5407 4.3566
v  -1.0005 1.0520 4.3566
v  -1.0005 2.2149 4.5306
v  -0.8979 1.6335 4.5306
v  -1.2957 2.7262 4.5306
v  -1.7479 3.1057 4.5306
v  -2.3027 3.3076 4.5306
v  -2.8931 3.3076 4.5306
v  -3.4479 3.1057 4.5306
v  -3.9002 2.7262 4.5306
v  -4.1954 2.2149 4.5306
v  -4.2979 1.6335 4.5306
v  -4.1954 1.0520 4.5306
v  -3.9002 0.5407 4.5306
v  -3.4479 0.1612 4.5306
v  -2.8931 -0.0407 4.5306
v  -2.3027 -0.0407 4.5306
v  -1.7479 0.1612 4.5306
v  -1.2957 0.5407 4.5306
v  -1.0005 1.0520 4.5306
v  -1.0005 2.2149 4.7046
v  -0.8979 1.6335 4.7046
v  -1.2957 2.7262 4.7046
v  -1.7479 3.1057 4.7046
v  -2.3027 3.3076 4.7046
v  -2.8931 3.3076 4.7046
v  -3.4479 3.1057 4.7046
v  -3.9002 2.7262 4.7046
v  -4.1954 2.2149 4.7046
v  -4.2979 1.6335 4.7046
v  -4.1954 1.0520 4.7046
v  -3.9002 0.5407 4.7046
v  -3.4479 0.1612 4.7046
v  -2.8931 -0.0407 4.7046
v  -2.3027 -0.0407 4.7046
v  -1.7479 0.1612 4.7046
v  -1.2957 0.5407 4.7046
v  -1.0005 1.0520 4.7046
v  -1.0005 2.2149 4.8786
v  -0.8979 1.6335 4.8786
v  -1.2957 2.7262 4.8786
v  -1.7479 3.1057 4.8786
v  -2.3027 3.3076 4.8786
v  -2.8931 3.3076 4.8786
v  -3.4479 3.1057 4.8786
v  -3.9002 2.7262 4.8786
v  -4.1954 2.2149 4.8786
v  -4.2979 1.6335 4.8786
v  -4.1954 1.0520 4.8786
v  -3.9002 0.5407 4.8786
v  -3.4479 0.1612 4.8786
v  -2.8931 -0.0407 4.8786
v  -2.3027 -0.0407 4.8786
v  -1.7479 0.1612 4.8786
v  -1.2957 0.5407 4.8786
v  -1.0005 1.0520 4.8786
v  5.2958 1.6335 -4.8803
v  5.1933 2.2149 -4.7063
v  5.2958 1.6335 -4.7063
v  5.1933 2.2149 -4.8803
v  4.8981 2.7262 -4.7063
v  4.8981 2.7262 -4.8803
v  4.4458 3.1057 -4.7063
v  4.4458 3.1057 -4.8803
v  3.8910 3.3076 -4.7063
v  3.8910 3.3076 -4.8803
v  3.3006 3.3076 -4.7063
v  3.3006 3.3076 -4.8803
v  2.7458 3.1057 -4.7063
v  2.7458 3.1057 -4.8803
v  2.2936 2.7262 -4.7063
v  2.2936 2.7262 -4.8803
v  1.9984 2.2149 -4.7063
v  1.9984 2.2149 -4.8803
v  1.8958 1.6335 -4.7063
v  1.8958 1.6335 -4.8803
v  1.9984 1.0520 -4.7063
v  1.9984 1.0520 -4.8803
v  2.2936 0.5407 -4.7063
v  2.2936 0.5407 -4.8803
v  2.7458 0.1612 -4.7063
v  2.7458 0.1612 -4.8803
v  3.3006 -0.0407 -4.7063
v  3.3006 -0.0407 -4.8803
v  3.8910 -0.0407 -4.7063
v  3.8910 -0.0407 -4.8803
v  4.4458 0.1612 -4.7063
v  4.4458 0.1612 -4.8803
v  4.8981 0.5407 -4.7063
v  4.8981 0.5407 -4.8803
v  5.1933 1.0520 -4.7063
v  5.1933 1.0520 -4.8803
v  5.1933 2.2149 -4.5323
v  5.2958 1.6335 -4.5323
v  4.8981 2.7262 -4.5323
v  4.4458 3.1057 -4.5323
v  3.8910 3.3076 -4.5323
v  3.3006 3.3076 -4.5323
v  2.7458 3.1057 -4.5323
v  2.2936 2.7262 -4.5323
v  1.9984 2.2149 -4.5323
v  1.8958 1.6335 -4.5323
v  1.9984 1.0520 -4.5323
v  2.2936 0.5407 -4.5323
v  2.7458 0.1612 -4.5323
v  3.3006 -0.0407 -4.5323
v  3.8910 -0.0407 -4.5323
v  4.4458 0.1612 -4.5323
v  4.8981 0.5407 -4.5323
v  5.1933 1.0520 -4.5323
v  5.1933 2.2149 -4.3583
v  5.2958 1.6335 -4.3583
v  4.8981 2.7262 -4.3583
v  4.4458 3.1057 -4.3583
v  3.8910 3.3076 -4.3583
v  3.3006 3.3076 -4.3583
v  2.7458 3.1057 -4.3583
v  2.2936 2.7262 -4.3583
v  1.9984 2.2149 -4.3583
v  1.8958 1.6335 -4.3583
v  1.9984 1.0520 -4.3583
v  2.2936 0.5407 -4.3583
v  2.7458 0.1612 -4.3583
v  3.3006 -0.0407 -4.3583
v  3.8910 -0.0407 -4.3583
v  4.4458 0.1612 -4.3583
v  4.8981 0.5407 -4.3583
v  5.1933 1.0520 -4.3583
v  5.1933 2.2149 -4.1843
v  5.2958 1.6335 -4.1843
v  4.8981 2.7262 -4.1843
v  4.4458 3.1057 -4.1843
v  3.8910 3.3076 -4.1843
v  3.3006 3.3076 -4.1843
v  2.7458 3.1057 -4.1843
v  2.2936 2.7262 -4.1843
v  1.9984 2.2149 -4.1843
v  1.8958 1.6335 -4.1843
v  1.9984 1.0520 -4.1843
v  2.2936 0.5407 -4.1843
v  2.7458 0.1612 -4.1843
v  3.3006 -0.0407 -4.1843
v  3.8910 -0.0407 -4.1843
v  4.4458 0.1612 -4.1843
v  4.8981 0.5407 -4.1843
v  5.1933 1.0520 -4.1843
v  5.1933 2.2149 -4.0103
v  5.2958 1.6335 -4.0103
v  4.8981 2.7262 -4.0103
v  4.4458 3.1057 -4.0103
v  3.8910 3.3076 -4.0103
v  3.3006 3.3076 -4.0103
v  2.7458 3.1057 -4.0103
v  2.2936 2.7262 -4.0103
v  1.9984 2.2149 -4.0103
v  1.8958 1.6335 -4.0103
v  1.9984 1.0520 -4.0103
v  2.2936 0.5407 -4.0103
v  2.7458 0.1612 -4.0103
v  3.3006 -0.0407 -4.0103
v  3.8910 -0.0407 -4.0103
v  4.4458 0.1612 -4.0103
v  4.8981 0.5407 -4.0103
v  5.1933 1.0520 -4.0103
v  -0.9157 1.6335 -4.8942
v  -1.0183 2.2149 -4.7202
v  -0.9157 1.6335 -4.7202
v  -1.0183 2.2149 -4.8942
v  -1.3135 2.7262 -4.7202
v  -1.3135 2.7262 -4.8942
v  -1.7657 3.1057 -4.7202
v  -1.7657 3.1057 -4.8942
v  -2.3205 3.3076 -4.7202
v  -2.3205 3.3076 -4.8942
v  -2.9109 3.3076 -4.7202
v  -2.9109 3.3076 -4.8942
v  -3.4657 3.1057 -4.7202
v  -3.4657 3.1057 -4.8942
v  -3.9180 2.7262 -4.7202
v  -3.9180 2.7262 -4.8942
v  -4.2132 2.2149 -4.7202
v  -4.2132 2.2149 -4.8942
v  -4.3157 1.6335 -4.7202
v  -4.3157 1.6335 -4.8942
v  -4.2132 1.0520 -4.7202
v  -4.2132 1.0520 -4.8942
v  -3.9180 0.5407 -4.7202
v  -3.9180 0.5407 -4.8942
v  -3.4657 0.1612 -4.7202
v  -3.4657 0.1612 -4.8942
v  -2.9109 -0.0407 -4.7202
v  -2.9109 -0.0407 -4.8942
v  -2.3205 -0.0407 -4.7202
v  -2.3205 -0.0407 -4.8942
v  -1.7657 0.1612 -4.7202
v  -1.7657 0.1612 -4.8942
v  -1.3135 0.5407 -4.7202
v  -1.3135 0.5407 -4.8942
v  -1.0183 1.0520 -4.7202
v  -1.0183 1.0520 -4.8942
v  -1.0183 2.2149 -4.5462
v  -0.9157 1.6335 -4.5462
v  -1.3135 2.7262 -4.5462
v  -1.7657 3.1057 -4.5462
v  -2.3205 3.3076 -4.5462
v  -2.9109 3.3076 -4.5462
v  -3.4657 3.1057 -4.5462
v  -3.9180 2.7262 -4.5462
v  -4.2132 2.2149 -4.5462
v  -4.3157 1.6335 -4.5462
v  -4.2132 1.0520 -4.5462
v  -3.9180 0.5407 -4.5462
v  -3.4657 0.1612 -4.5462
v  -2.9109 -0.0407 -4.5462
v  -2.3205 -0.0407 -4.5462
v  -1.7657 0.1612 -4.5462
v  -1.3135 0.5407 -4.5462
v  -1.0183 1.0520 -4.5462
v  -1.0183 2.2149 -4.3722
v  -0.9157 1.6335 -4.3722
v  -1.3135 2.7262 -4.3722
v  -1.7657 3.1057 -4.3722
v  -2.3205 3.3076 -4.3722
v  -2.9109 3.3076 -4.3722
v  -3.4657 3.1057 -4.3722
v  -3.9180 2.7262 -4.3722
v  -4.2132 2.2149 -4.3722
v  -4.3157 1.6335 -4.3722
v  -4.2132 1.0520 -4.3722
v  -3.9180 0.5407 -4.3722
v  -3.4657 0.1612 -4.3722
v  -2.9109 -0.0407 -4.3722
v  -2.3205 -0.0407 -4.3722
v  -1.7657 0.1612 -4.3722
v  -1.3135 0.5407 -4.3722
v  -1.0183 1.0520 -4.3722
v  -1.0183 2.2149 -4.1982
v  -0.9157 1.6335 -4.1982
v  -1.3135 2.7262 -4.1982
v  -1.7657 3.1057 -4.1982
v  -2.3205 3.3076 -4.1982
v  -2.9109 3.3076 -4.1982
v  -3.4657 3.1057 -4.1982
v  -3.9180 2.7262 -4.1982
v  -4.2132 2.2149 -4.1982
v  -4.3157 1.6335 -4.1982
v  -4.2132 1.0520 -4.1982
v  -3.9180 0.5407 -4.1982
v  -3.4657 0.1612 -4.1982
v  -2.9109 -0.0407 -4.1982
v  -2.3205 -0.0407 -4.1982
v  -1.7657 0.1612 -4.1982
v  -1.3135 0.5407 -4.1982
v  -1.0183 1.0520 -4.1982
v  -1.0183 2.2149 -4.0242
v  -0.9157 1.6335 -4.0242
v  -1.3135 2.7262 -4.0242
v  -1.7657 3.1057 -4.0242
v  -2.3205 3.3076 -4.0242
v  -2.9109 3.3076 -4.0242
v  -3.4657 3.1057 -4.0242
v  -3.9180 2.7262 -4.0242
v  -4.2132 2.2149 -4.0242
v  -4.3157 1.6335 -4.0242
v  -4.2132 1.0520 -4.0242
v  -3.9180 0.5407 -4.0242
v  -3.4657 0.1612 -4.0242
v  -2.9109 -0.0407 -4.0242
v  -2.3205 -0.0407 -4.0242
v  -1.7657 0.1612 -4.0242
v  -1.3135 0.5407 -4.0242
v  -1.0183 1.0520 -4.0242
# 930 vertices

vn 0.0000 0.0000 1.0000
vn 0.0000 -1.0000 -0.0000
vn 0.0000 1.0000 -0.0000
vn 1.0000 0.0000 -0.0000
vn 0.0000 0.0000 -1.0000
vn -1.0000 0.0000 -0.0000
vn 0.0273 0.1625 0.9863
vn 0.9885 0.1514 -0.0000
vn -0.0514 0.1587 -0.9860
vn -0.9885 0.1514 -0.0000
vn 0.1408 0.9900 -0.0000
vn 0.0316 0.2225 0.9744
vn 0.9472 0.3207 -0.0000
vn 0.0316 0.2225 -0.9744
vn -0.1457 0.9893 -0.0000
vn -0.0327 0.2223 0.9744
vn -0.0327 0.2223 -0.9744
vn -0.9534 0.3018 -0.0000
vn 0.0000 0.1666 0.9860
vn -0.0095 0.1912 0.9815
vn 0.0000 0.1984 0.9801
vn 0.0540 0.1583 -0.9859
vn 0.0000 0.1838 -0.9830
vn -0.5666 0.8240 -0.0000
vn 0.5498 0.8353 -0.0000
vn 0.9517 0.3070 -0.0000
vn 0.9755 0.2113 0.0621
vn 0.9773 0.2117 -0.0000
vn 0.2955 0.9553 -0.0000
vn 0.9124 0.4093 -0.0000
vn -0.2686 0.9633 -0.0000
vn -0.9323 0.3617 -0.0000
vn 0.2686 -0.9633 -0.0000
vn 0.9323 -0.3617 -0.0000
vn -0.2686 -0.9633 -0.0000
vn -0.9323 -0.3617 -0.0000
vn 0.9764 0.2157 0.0038
vn 0.9747 0.2153 -0.0595
vn -0.9998 -0.0184 -0.0000
vn 0.9397 0.3420 -0.0000
vn 0.7660 0.6428 -0.0000
vn 0.5000 0.8660 -0.0000
vn 0.1736 0.9848 -0.0000
vn -0.1736 0.9848 -0.0000
vn -0.5000 0.8660 -0.0000
vn -0.7660 0.6428 -0.0000
vn -0.9397 0.3420 -0.0000
vn -1.0000 -0.0000 -0.0000
vn -0.9397 -0.3420 -0.0000
vn -0.7660 -0.6428 -0.0000
vn -0.5000 -0.8660 -0.0000
vn -0.1736 -0.9848 -0.0000
vn 0.1736 -0.9848 -0.0000
vn 0.5000 -0.8660 -0.0000
vn 0.7660 -0.6428 -0.0000
vn 0.9397 -0.3420 -0.0000
vn 0.8290 -0.5592 -0.0000
vn 0.8290 -0.5592 0.0000
vn 0.5592 0.8290 -0.0000
vn 0.5255 0.7790 -0.3420
vn 0.5592 0.8290 0.0000
vn 0.4284 0.6351 -0.6428
vn 0.2796 0.4145 -0.8660
vn 0.0971 0.1440 -0.9848
vn -0.0971 -0.1440 -0.9848
vn -0.2796 -0.4145 -0.8660
vn -0.4284 -0.6351 -0.6428
vn -0.5255 -0.7790 -0.3420
vn -0.5592 -0.8290 0.0000
vn -0.5255 -0.7790 0.3420
vn -0.4284 -0.6351 0.6428
vn -0.2796 -0.4145 0.8660
vn -0.0971 -0.1440 0.9848
vn 0.0971 0.1440 0.9848
vn 0.2796 0.4145 0.8660
vn 0.4284 0.6351 0.6428
vn 0.5255 0.7790 0.3420
vn -0.5592 -0.8290 -0.0000
vn -0.8290 0.5592 0.0000
vn -0.8290 0.5592 -0.0000
vn -0.1913 -0.2835 0.9397
vn -0.4843 -0.7180 -0.5000
vn -0.3594 -0.5329 -0.7660
vn 0.4843 0.7180 0.5000
vn 0.3594 0.5329 0.7660
vn 0.1913 0.2835 0.9397
vn -0.0000 -0.0000 1.0000
vn -0.1913 -0.2835 -0.9397
vn 0.5507 0.8164 0.1736
vn -0.4843 -0.7180 0.5000
vn -0.5507 -0.8164 0.1736
vn -0.5507 -0.8164 -0.1736
vn -0.3594 -0.5329 0.7660
vn 0.4843 0.7180 -0.5000
vn 0.5507 0.8164 -0.1736
vn 0.3594 0.5329 -0.7660
vn 0.1913 0.2835 -0.9397
vn -0.0000 -0.0000 -1.0000
vn 0.8192 -0.5736 -0.0000
vn 0.8192 -0.5736 0.0000
vn 0.8191 -0.5736 -0.0000
vn 0.8191 -0.5736 0.0000
vn 0.5736 0.8192 0.0000
vn 0.5390 0.7698 -0.3420
vn 0.5390 0.7697 -0.3420
vn 0.4394 0.6275 -0.6428
vn 0.2868 0.4096 -0.8660
vn 0.0996 0.1422 -0.9848
vn -0.0996 -0.1422 -0.9848
vn -0.2868 -0.4096 -0.8660
vn -0.4394 -0.6275 -0.6428
vn -0.5390 -0.7698 -0.3420
vn -0.5736 -0.8192 -0.0000
vn -0.5390 -0.7698 0.3420
vn -0.4394 -0.6275 0.6428
vn -0.2868 -0.4096 0.8660
vn -0.0996 -0.1422 0.9848
vn 0.0996 0.1422 0.9848
vn 0.2868 0.4096 0.8660
vn 0.4394 0.6275 0.6428
vn 0.5390 0.7698 0.3420
vn 0.5736 0.8192 -0.0000
vn -0.5736 -0.8192 0.0000
vn -0.8192 0.5736 0.0000
vn -0.8192 0.5736 -0.0000
vn -0.8191 0.5736 0.0000
vn -0.8191 0.5736 -0.0000
vn 0.0000 -0.0000 -1.0000
vn -0.0000 0.0000 -1.0000
vn 1.0000 -0.0000 -0.0000
vn 0.0000 -0.0000 1.0000
vn -0.0000 0.0000 1.0000
# 132 vertex normals

vt 0.3752 0.5804 1.0000
vt 0.3835 0.5886 1.0000
vt 0.3511 0.5886 -0.3473
vt 0.3817 0.5804 1.0000
vt 0.3850 0.5804 1.0000
vt 0.3882 0.5804 1.0000
vt 0.3915 0.5804 1.0000
vt 0.3914 0.5804 0.8794
vt 0.3849 0.5446 0.6527
vt 0.3817 0.5804 0.3473
vt 0.3745 0.5409 0.0000
vt 0.3649 0.5409 -0.3473
vt 0.3510 0.5446 -0.6527
vt 0.3457 0.5804 -0.8794
vt 0.3395 0.5804 -1.0000
vt 0.3452 0.5729 -1.0000
vt 0.3453 0.5729 -0.8794
vt 0.3397 0.5804 -0.6527
vt 0.2214 0.9435 0.0000
vt 0.1937 0.9712 0.0000
vt 0.1937 0.9435 0.0000
vt 0.2169 0.9603 0.0000
vt 0.2169 0.9610 0.0000
vt 0.1637 0.9221 0.0000
vt 0.2414 0.9381 0.0000
vt 0.1637 0.9381 0.0000
vt 0.2166 0.9603 0.0000
vt 0.2176 0.9603 0.0000
vt 0.2176 0.9610 0.0000
vt 0.2166 0.9610 0.0000
vt 0.2214 0.9712 0.0000
vt 0.2414 0.9221 0.0000
vt 0.0493 0.5724 0.0000
vt 0.0443 0.5724 0.0000
vt 0.0493 0.5642 0.0000
vt 0.3920 0.0849 0.0000
vt 0.3060 0.0715 0.0000
vt 0.3930 0.0767 0.0000
vt 0.5818 0.6070 0.0000
vt 0.5854 0.6070 0.0000
vt 0.5818 0.6574 0.0000
vt 0.2006 0.4132 0.0000
vt 0.3011 0.3953 0.0000
vt 0.3005 0.4158 0.0000
vt 0.8501 0.1804 0.0000
vt 0.8503 0.1788 0.0000
vt 0.8935 0.1869 0.0000
vt 0.0415 0.5847 0.0000
vt 0.0630 0.6635 0.0000
vt 0.0415 0.6476 0.0000
vt 0.1324 0.5930 0.0000
vt 0.3011 0.6537 0.0000
vt 0.1320 0.6602 0.0000
vt 0.4186 0.5904 0.0000
vt 0.4559 0.6134 0.0000
vt 0.4183 0.6562 0.0000
vt 0.8290 0.1622 0.0000
vt 0.9658 0.1744 0.0000
vt 0.8497 0.1139 0.0000
vt 0.4579 0.6117 0.0000
vt 0.4394 0.6811 0.0000
vt 0.4611 0.6544 0.0000
vt 0.3055 0.5809 0.0000
vt 0.1370 0.6610 0.0000
vt 0.3056 0.6551 0.0000
vt 0.0665 0.5839 0.0000
vt 0.0398 0.5839 0.0000
vt 0.0665 0.6696 0.0000
vt 0.3092 0.1059 0.0000
vt 0.2567 0.1040 0.0000
vt 0.2693 0.1521 0.0000
vt 0.7465 0.1998 0.0000
vt 0.7514 0.2009 0.0000
vt 0.2011 0.3927 0.0000
vt 0.7216 0.3300 0.0000
vt 0.7408 0.2267 0.0000
vt 0.7167 0.3288 0.0000
vt 0.0669 0.5642 0.0000
vt 0.0669 0.5724 0.0000
vt 0.1268 0.0568 0.0000
vt 0.1380 0.0680 0.0000
vt 0.1378 0.0566 0.0000
vt 0.3079 0.0570 0.0000
vt 0.3939 0.0704 0.0000
vt 0.2085 0.5602 0.0000
vt 0.2662 0.5602 0.0000
vt 0.0443 0.5642 0.0000
vt 0.8520 0.1676 0.0000
vt 0.8954 0.1740 0.0000
vt 0.4631 0.6546 0.0000
vt 0.4515 0.6738 0.0000
vt 0.4454 0.6790 0.0000
vt 0.9852 0.1318 0.0000
vt 0.8587 0.1024 0.0000
vt 0.8570 0.1034 0.0000
vt 0.4492 0.6616 0.0000
vt 0.5687 0.6574 0.0000
vt 0.5687 0.6070 0.0000
vt 0.0415 0.6635 0.0000
vt 0.0398 0.6523 0.0000
vt 0.0398 0.6696 0.0000
vt 0.0606 0.6696 0.0000
vt 0.5742 0.6479 0.0000
vt 0.5783 0.6059 0.0000
vt 0.5677 0.6549 0.0000
vt 0.3071 0.0633 0.0000
vt 0.5854 0.6574 0.0000
vt 0.8938 0.1852 0.0000
vt 0.0690 0.5847 0.0000
vt 0.0690 0.6635 0.0000
vt 0.3015 0.5865 0.0000
vt 0.4180 0.5920 0.0000
vt 0.4180 0.6574 0.0000
vt 0.1368 0.5945 0.0000
vt 0.2774 0.1110 0.0000
vt 0.2952 0.1647 0.0000
vt 0.2518 0.1785 0.0000
vt 0.1270 0.0682 0.0000
vt 0.5737 0.6463 0.0000
vt 0.5761 0.6130 0.0000
vt 0.5909 0.6165 0.0000
vt 0.7457 0.2257 0.0000
vt 0.7375 0.2440 0.0000
vt 0.7476 0.2136 0.0000
vt 0.4087 0.5536 -0.0000
vt 0.4061 0.5536 -0.3473
vt 0.4160 0.5536 1.0000
vt 0.4170 0.5578 1.0000
vt 0.4160 0.5578 1.0000
vt 0.4170 0.5536 1.0000
vt 0.4180 0.5578 1.0000
vt 0.4180 0.5536 1.0000
vt 0.4190 0.5578 1.0000
vt 0.4190 0.5536 1.0000
vt 0.4200 0.5578 1.0000
vt 0.4021 0.5536 1.0000
vt 0.4031 0.5578 1.0000
vt 0.4021 0.5578 1.0000
vt 0.4031 0.5536 1.0000
vt 0.4041 0.5578 1.0000
vt 0.4041 0.5536 1.0000
vt 0.4051 0.5578 1.0000
vt 0.4051 0.5536 1.0000
vt 0.4061 0.5578 1.0000
vt 0.4061 0.5536 1.0000
vt 0.4071 0.5578 1.0000
vt 0.4071 0.5536 1.0000
vt 0.4081 0.5578 1.0000
vt 0.4081 0.5536 1.0000
vt 0.4091 0.5578 1.0000
vt 0.4091 0.5536 1.0000
vt 0.4100 0.5578 1.0000
vt 0.4100 0.5536 1.0000
vt 0.4110 0.5578 1.0000
vt 0.4110 0.5536 1.0000
vt 0.4120 0.5578 1.0000
vt 0.4120 0.5536 1.0000
vt 0.4130 0.5578 1.0000
vt 0.4130 0.5536 1.0000
vt 0.4140 0.5578 1.0000
vt 0.4140 0.5536 1.0000
vt 0.4150 0.5578 1.0000
vt 0.4150 0.5536 1.0000
vt 0.4170 0.5621 1.0000
vt 0.4160 0.5621 1.0000
vt 0.4180 0.5621 1.0000
vt 0.4190 0.5621 1.0000
vt 0.4200 0.5621 1.0000
vt 0.4031 0.5621 1.0000
vt 0.4021 0.5621 1.0000
vt 0.4041 0.5621 1.0000
vt 0.4051 0.5621 1.0000
vt 0.4061 0.5621 1.0000
vt 0.4071 0.5621 1.0000
vt 0.4081 0.5621 1.0000
vt 0.4091 0.5621 1.0000
vt 0.4100 0.5621 1.0000
vt 0.4110 0.5621 1.0000
vt 0.4120 0.5621 1.0000
vt 0.4130 0.5621 1.0000
vt 0.4140 0.5621 1.0000
vt 0.4150 0.5621 1.0000
vt 0.4170 0.5663 1.0000
vt 0.4160 0.5663 1.0000
vt 0.4180 0.5663 1.0000
vt 0.4190 0.5663 1.0000
vt 0.4200 0.5663 1.0000
vt 0.4031 0.5663 1.0000
vt 0.4021 0.5663 1.0000
vt 0.4041 0.5663 1.0000
vt 0.4051 0.5663 1.0000
vt 0.4061 0.5663 1.0000
vt 0.4071 0.5663 1.0000
vt 0.4081 0.5663 1.0000
vt 0.4091 0.5663 1.0000
vt 0.4100 0.5663 1.0000
vt 0.4110 0.5663 1.0000
vt 0.4120 0.5663 1.0000
vt 0.4130 0.5663 1.0000
vt 0.4140 0.5663 1.0000
vt 0.4150 0.5663 1.0000
vt 0.4170 0.5706 1.0000
vt 0.4160 0.5706 1.0000
vt 0.4180 0.5706 1.0000
vt 0.4190 0.5706 1.0000
vt 0.4200 0.5706 1.0000
vt 0.4031 0.5706 1.0000
vt 0.4021 0.5706 1.0000
vt 0.4041 0.5706 1.0000
vt 0.4051 0.5706 1.0000
vt 0.4061 0.5706 1.0000
vt 0.4071 0.5706 1.0000
vt 0.4081 0.5706 1.0000
vt 0.4091 0.5706 1.0000
vt 0.4100 0.5706 1.0000
vt 0.4110 0.5706 1.0000
vt 0.4120 0.5706 1.0000
vt 0.4130 0.5706 1.0000
vt 0.4140 0.5706 1.0000
vt 0.4150 0.5706 1.0000
vt 0.4170 0.5748 1.0000
vt 0.4160 0.5748 1.0000
vt 0.4180 0.5748 1.0000
vt 0.4190 0.5748 1.0000
vt 0.4200 0.5748 1.0000
vt 0.4031 0.5748 1.0000
vt 0.4021 0.5748 1.0000
vt 0.4041 0.5748 1.0000
vt 0.4051 0.5748 1.0000
vt 0.4061 0.5748 1.0000
vt 0.4071 0.5748 1.0000
vt 0.4081 0.5748 1.0000
vt 0.4091 0.5748 1.0000
vt 0.4100 0.5748 1.0000
vt 0.4110 0.5748 1.0000
vt 0.4120 0.5748 1.0000
vt 0.4130 0.5748 1.0000
vt 0.4140 0.5748 1.0000
vt 0.4150 0.5748 1.0000
vt 0.4042 0.5536 -0.6527
vt 0.4031 0.5536 -0.8794
vt 0.4031 0.5536 -1.0000
vt 0.4041 0.5536 -1.0000
vt 0.4060 0.5536 -0.8794
vt 0.4085 0.5536 -0.6527
vt 0.4115 0.5536 -0.3473
vt 0.4144 0.5536 -0.0000
vt 0.4170 0.5536 0.3473
vt 0.4189 0.5536 0.6527
vt 0.4199 0.5536 0.8794
vt 0.4200 0.5536 1.0000
vt 0.2321 0.2077 0.0000
vt 0.2351 0.2077 0.2500
vt 0.2346 0.2077 0.2500
vt 0.2357 0.2077 0.2500
vt 0.2362 0.2077 0.2500
vt 0.2368 0.2077 0.2500
vt 0.2274 0.2077 0.2500
vt 0.2268 0.2077 0.2500
vt 0.2279 0.2077 0.2500
vt 0.2285 0.2077 0.2500
vt 0.2290 0.2077 0.2500
vt 0.2296 0.2077 0.2500
vt 0.2302 0.2077 0.2500
vt 0.2307 0.2077 0.2500
vt 0.2313 0.2077 0.2500
vt 0.2318 0.2077 0.2500
vt 0.2324 0.2077 0.2500
vt 0.2329 0.2077 0.2500
vt 0.2335 0.2077 0.2500
vt 0.2340 0.2077 0.2500
vt 0.2351 0.2077 0.5000
vt 0.2346 0.2077 0.5000
vt 0.2279 0.2077 0.5000
vt 0.2274 0.2077 0.5000
vt 0.2285 0.2077 0.5000
vt 0.2313 0.2077 0.5000
vt 0.2307 0.2077 0.5000
vt 0.2318 0.2077 0.5000
vt 0.2340 0.2077 0.5000
vt 0.2351 0.2077 0.7500
vt 0.2346 0.2077 0.7500
vt 0.2279 0.2077 0.7500
vt 0.2274 0.2077 0.7500
vt 0.2285 0.2077 0.7500
vt 0.2313 0.2077 0.7500
vt 0.2307 0.2077 0.7500
vt 0.2318 0.2077 0.7500
vt 0.2340 0.2077 0.7500
vt 0.2351 0.2077 1.0000
vt 0.2346 0.2077 1.0000
vt 0.2357 0.2077 1.0000
vt 0.2357 0.2077 0.7500
vt 0.2362 0.2077 1.0000
vt 0.2362 0.2077 0.7500
vt 0.2368 0.2077 1.0000
vt 0.2268 0.2077 0.7500
vt 0.2274 0.2077 1.0000
vt 0.2268 0.2077 1.0000
vt 0.2279 0.2077 1.0000
vt 0.2285 0.2077 1.0000
vt 0.2290 0.2077 1.0000
vt 0.2290 0.2077 0.7500
vt 0.2296 0.2077 1.0000
vt 0.2296 0.2077 0.7500
vt 0.2302 0.2077 1.0000
vt 0.2302 0.2077 0.7500
vt 0.2307 0.2077 1.0000
vt 0.2313 0.2077 1.0000
vt 0.2318 0.2077 1.0000
vt 0.2324 0.2077 1.0000
vt 0.2324 0.2077 0.7500
vt 0.2329 0.2077 1.0000
vt 0.2329 0.2077 0.7500
vt 0.2335 0.2077 1.0000
vt 0.2335 0.2077 0.7500
vt 0.2340 0.2077 1.0000
vt 0.2351 0.2097 1.0000
vt 0.2346 0.2097 1.0000
vt 0.2357 0.2097 1.0000
vt 0.2362 0.2097 1.0000
vt 0.2368 0.2097 1.0000
vt 0.2274 0.2097 1.0000
vt 0.2268 0.2097 1.0000
vt 0.2279 0.2097 1.0000
vt 0.2285 0.2097 1.0000
vt 0.2290 0.2097 1.0000
vt 0.2296 0.2097 1.0000
vt 0.2302 0.2097 1.0000
vt 0.2307 0.2097 1.0000
vt 0.2313 0.2097 1.0000
vt 0.2318 0.2097 1.0000
vt 0.2324 0.2097 1.0000
vt 0.2329 0.2097 1.0000
vt 0.2335 0.2097 1.0000
vt 0.2340 0.2097 1.0000
vt 0.2351 0.2117 1.0000
vt 0.2346 0.2117 1.0000
vt 0.2357 0.2117 1.0000
vt 0.2362 0.2117 1.0000
vt 0.2368 0.2117 1.0000
vt 0.2274 0.2117 1.0000
vt 0.2268 0.2117 1.0000
vt 0.2279 0.2117 1.0000
vt 0.2285 0.2117 1.0000
vt 0.2290 0.2117 1.0000
vt 0.2296 0.2117 1.0000
vt 0.2302 0.2117 1.0000
vt 0.2307 0.2117 1.0000
vt 0.2313 0.2117 1.0000
vt 0.2318 0.2117 1.0000
vt 0.2324 0.2117 1.0000
vt 0.2329 0.2117 1.0000
vt 0.2335 0.2117 1.0000
vt 0.2340 0.2117 1.0000
vt 0.2351 0.2137 1.0000
vt 0.2346 0.2137 1.0000
vt 0.2357 0.2137 1.0000
vt 0.2362 0.2137 1.0000
vt 0.2368 0.2137 1.0000
vt 0.2274 0.2137 1.0000
vt 0.2268 0.2137 1.0000
vt 0.2279 0.2137 1.0000
vt 0.2285 0.2137 1.0000
vt 0.2290 0.2137 1.0000
vt 0.2296 0.2137 1.0000
vt 0.2302 0.2137 1.0000
vt 0.2307 0.2137 1.0000
vt 0.2313 0.2137 1.0000
vt 0.2318 0.2137 1.0000
vt 0.2324 0.2137 1.0000
vt 0.2329 0.2137 1.0000
vt 0.2335 0.2137 1.0000
vt 0.2340 0.2137 1.0000
vt 0.2351 0.2157 1.0000
vt 0.2346 0.2157 1.0000
vt 0.2357 0.2157 1.0000
vt 0.2362 0.2157 1.0000
vt 0.2368 0.2157 1.0000
vt 0.2274 0.2157 1.0000
vt 0.2268 0.2157 1.0000
vt 0.2279 0.2157 1.0000
vt 0.2285 0.2157 1.0000
vt 0.2290 0.2157 1.0000
vt 0.2296 0.2157 1.0000
vt 0.2302 0.2157 1.0000
vt 0.2307 0.2157 1.0000
vt 0.2313 0.2157 1.0000
vt 0.2318 0.2157 1.0000
vt 0.2324 0.2157 1.0000
vt 0.2329 0.2157 1.0000
vt 0.2335 0.2157 1.0000
vt 0.2340 0.2157 1.0000
vt 0.2351 0.2177 1.0000
vt 0.2346 0.2177 1.0000
vt 0.2357 0.2177 1.0000
vt 0.2362 0.2177 1.0000
vt 0.2368 0.2177 1.0000
vt 0.2274 0.2177 1.0000
vt 0.2268 0.2177 1.0000
vt 0.2279 0.2177 1.0000
vt 0.2285 0.2177 1.0000
vt 0.2290 0.2177 1.0000
vt 0.2296 0.2177 1.0000
vt 0.2302 0.2177 1.0000
vt 0.2307 0.2177 1.0000
vt 0.2313 0.2177 1.0000
vt 0.2318 0.2177 1.0000
vt 0.2324 0.2177 1.0000
vt 0.2329 0.2177 1.0000
vt 0.2335 0.2177 1.0000
vt 0.2340 0.2177 1.0000
vt 0.2351 0.2177 0.7500
vt 0.2346 0.2177 0.7500
vt 0.2357 0.2177 0.7500
vt 0.2362 0.2177 0.7500
vt 0.2368 0.2177 0.7500
vt 0.2274 0.2177 0.7500
vt 0.2268 0.2177 0.7500
vt 0.2279 0.2177 0.7500
vt 0.2285 0.2177 0.7500
vt 0.2290 0.2177 0.7500
vt 0.2296 0.2177 0.7500
vt 0.2302 0.2177 0.7500
vt 0.2307 0.2177 0.7500
vt 0.2313 0.2177 0.7500
vt 0.2318 0.2177 0.7500
vt 0.2324 0.2177 0.7500
vt 0.2329 0.2177 0.7500
vt 0.2335 0.2177 0.7500
vt 0.2340 0.2177 0.7500
vt 0.2351 0.2177 0.5000
vt 0.2346 0.2177 0.5000
vt 0.2279 0.2177 0.5000
vt 0.2274 0.2177 0.5000
vt 0.2285 0.2177 0.5000
vt 0.2313 0.2177 0.5000
vt 0.2307 0.2177 0.5000
vt 0.2318 0.2177 0.5000
vt 0.2340 0.2177 0.5000
vt 0.2351 0.2177 0.2500
vt 0.2346 0.2177 0.2500
vt 0.2279 0.2177 0.2500
vt 0.2274 0.2177 0.2500
vt 0.2285 0.2177 0.2500
vt 0.2313 0.2177 0.2500
vt 0.2307 0.2177 0.2500
vt 0.2318 0.2177 0.2500
vt 0.2340 0.2177 0.2500
vt 0.2321 0.2177 0.0000
vt 0.2357 0.2177 0.2500
vt 0.2362 0.2177 0.2500
vt 0.2368 0.2177 0.2500
vt 0.2268 0.2177 0.2500
vt 0.2290 0.2177 0.2500
vt 0.2296 0.2177 0.2500
vt 0.2302 0.2177 0.2500
vt 0.2324 0.2177 0.2500
vt 0.2329 0.2177 0.2500
vt 0.2335 0.2177 0.2500
vt 0.2368 0.2077 0.7500
vt 0.2401 0.2091 0.0000
vt 0.2434 0.2091 0.2500
vt 0.2428 0.2091 0.2500
vt 0.2440 0.2091 0.2500
vt 0.2447 0.2091 0.2500
vt 0.2453 0.2091 0.2500
vt 0.2349 0.2091 0.2500
vt 0.2343 0.2091 0.2500
vt 0.2355 0.2091 0.2500
vt 0.2361 0.2091 0.2500
vt 0.2367 0.2091 0.2500
vt 0.2373 0.2091 0.2500
vt 0.2379 0.2091 0.2500
vt 0.2385 0.2091 0.2500
vt 0.2391 0.2091 0.2500
vt 0.2398 0.2091 0.2500
vt 0.2404 0.2091 0.2500
vt 0.2410 0.2091 0.2500
vt 0.2416 0.2091 0.2500
vt 0.2422 0.2091 0.2500
vt 0.2434 0.2091 0.5000
vt 0.2428 0.2091 0.5000
vt 0.2440 0.2091 0.5000
vt 0.2447 0.2091 0.5000
vt 0.2453 0.2091 0.5000
vt 0.2349 0.2091 0.5000
vt 0.2343 0.2091 0.5000
vt 0.2355 0.2091 0.5000
vt 0.2361 0.2091 0.5000
vt 0.2367 0.2091 0.5000
vt 0.2373 0.2091 0.5000
vt 0.2379 0.2091 0.5000
vt 0.2385 0.2091 0.5000
vt 0.2391 0.2091 0.5000
vt 0.2398 0.2091 0.5000
vt 0.2404 0.2091 0.5000
vt 0.2410 0.2091 0.5000
vt 0.2416 0.2091 0.5000
vt 0.2422 0.2091 0.5000
vt 0.2434 0.2091 0.7500
vt 0.2428 0.2091 0.7500
vt 0.2440 0.2091 0.7500
vt 0.2447 0.2091 0.7500
vt 0.2453 0.2091 0.7500
vt 0.2349 0.2091 0.7500
vt 0.2343 0.2091 0.7500
vt 0.2355 0.2091 0.7500
vt 0.2361 0.2091 0.7500
vt 0.2367 0.2091 0.7500
vt 0.2373 0.2091 0.7500
vt 0.2379 0.2091 0.7500
vt 0.2385 0.2091 0.7500
vt 0.2391 0.2091 0.7500
vt 0.2398 0.2091 0.7500
vt 0.2404 0.2091 0.7500
vt 0.2410 0.2091 0.7500
vt 0.2416 0.2091 0.7500
vt 0.2422 0.2091 0.7500
vt 0.2434 0.2091 1.0000
vt 0.2428 0.2091 1.0000
vt 0.2440 0.2091 1.0000
vt 0.2447 0.2091 1.0000
vt 0.2453 0.2091 1.0000
vt 0.2349 0.2091 1.0000
vt 0.2343 0.2091 1.0000
vt 0.2355 0.2091 1.0000
vt 0.2361 0.2091 1.0000
vt 0.2367 0.2091 1.0000
vt 0.2373 0.2091 1.0000
vt 0.2379 0.2091 1.0000
vt 0.2385 0.2091 1.0000
vt 0.2391 0.2091 1.0000
vt 0.2398 0.2091 1.0000
vt 0.2404 0.2091 1.0000
vt 0.2410 0.2091 1.0000
vt 0.2416 0.2091 1.0000
vt 0.2422 0.2091 1.0000
vt 0.2434 0.2113 1.0000
vt 0.2428 0.2113 1.0000
vt 0.2440 0.2113 1.0000
vt 0.2447 0.2113 1.0000
vt 0.2453 0.2113 1.0000
vt 0.2349 0.2113 1.0000
vt 0.2343 0.2113 1.0000
vt 0.2355 0.2113 1.0000
vt 0.2361 0.2113 1.0000
vt 0.2367 0.2113 1.0000
vt 0.2373 0.2113 1.0000
vt 0.2379 0.2113 1.0000
vt 0.2385 0.2113 1.0000
vt 0.2391 0.2113 1.0000
vt 0.2398 0.2113 1.0000
vt 0.2404 0.2113 1.0000
vt 0.2410 0.2113 1.0000
vt 0.2416 0.2113 1.0000
vt 0.2422 0.2113 1.0000
vt 0.2434 0.2135 1.0000
vt 0.2428 0.2135 1.0000
vt 0.2440 0.2135 1.0000
vt 0.2447 0.2135 1.0000
vt 0.2453 0.2135 1.0000
vt 0.2349 0.2135 1.0000
vt 0.2343 0.2135 1.0000
vt 0.2355 0.2135 1.0000
vt 0.2361 0.2135 1.0000
vt 0.2367 0.2135 1.0000
vt 0.2373 0.2135 1.0000
vt 0.2379 0.2135 1.0000
vt 0.2385 0.2135 1.0000
vt 0.2391 0.2135 1.0000
vt 0.2398 0.2135 1.0000
vt 0.2404 0.2135 1.0000
vt 0.2410 0.2135 1.0000
vt 0.2416 0.2135 1.0000
vt 0.2422 0.2135 1.0000
vt 0.2434 0.2158 1.0000
vt 0.2428 0.2158 1.0000
vt 0.2440 0.2158 1.0000
vt 0.2447 0.2158 1.0000
vt 0.2453 0.2158 1.0000
vt 0.2349 0.2158 1.0000
vt 0.2343 0.2158 1.0000
vt 0.2355 0.2158 1.0000
vt 0.2361 0.2158 1.0000
vt 0.2367 0.2158 1.0000
vt 0.2373 0.2158 1.0000
vt 0.2379 0.2158 1.0000
vt 0.2385 0.2158 1.0000
vt 0.2391 0.2158 1.0000
vt 0.2398 0.2158 1.0000
vt 0.2404 0.2158 1.0000
vt 0.2410 0.2158 1.0000
vt 0.2416 0.2158 1.0000
vt 0.2422 0.2158 1.0000
vt 0.2434 0.2180 1.0000
vt 0.2428 0.2180 1.0000
vt 0.2440 0.2180 1.0000
vt 0.2447 0.2180 1.0000
vt 0.2453 0.2180 1.0000
vt 0.2349 0.2180 1.0000
vt 0.2343 0.2180 1.0000
vt 0.2355 0.2180 1.0000
vt 0.2361 0.2180 1.0000
vt 0.2367 0.2180 1.0000
vt 0.2373 0.2180 1.0000
vt 0.2379 0.2180 1.0000
vt 0.2385 0.2180 1.0000
vt 0.2391 0.2180 1.0000
vt 0.2398 0.2180 1.0000
vt 0.2404 0.2180 1.0000
vt 0.2410 0.2180 1.0000
vt 0.2416 0.2180 1.0000
vt 0.2422 0.2180 1.0000
vt 0.2434 0.2202 1.0000
vt 0.2428 0.2202 1.0000
vt 0.2440 0.2202 1.0000
vt 0.2447 0.2202 1.0000
vt 0.2453 0.2202 1.0000
vt 0.2349 0.2202 1.0000
vt 0.2343 0.2202 1.0000
vt 0.2355 0.2202 1.0000
vt 0.2361 0.2202 1.0000
vt 0.2367 0.2202 1.0000
vt 0.2373 0.2202 1.0000
vt 0.2379 0.2202 1.0000
vt 0.2385 0.2202 1.0000
vt 0.2391 0.2202 1.0000
vt 0.2398 0.2202 1.0000
vt 0.2404 0.2202 1.0000
vt 0.2410 0.2202 1.0000
vt 0.2416 0.2202 1.0000
vt 0.2422 0.2202 1.0000
vt 0.2434 0.2202 0.7500
vt 0.2428 0.2202 0.7500
vt 0.2440 0.2202 0.7500
vt 0.2447 0.2202 0.7500
vt 0.2453 0.2202 0.7500
vt 0.2349 0.2202 0.7500
vt 0.2343 0.2202 0.7500
vt 0.2355 0.2202 0.7500
vt 0.2361 0.2202 0.7500
vt 0.2367 0.2202 0.7500
vt 0.2373 0.2202 0.7500
vt 0.2379 0.2202 0.7500
vt 0.2385 0.2202 0.7500
vt 0.2391 0.2202 0.7500
vt 0.2398 0.2202 0.7500
vt 0.2404 0.2202 0.7500
vt 0.2410 0.2202 0.7500
vt 0.2416 0.2202 0.7500
vt 0.2422 0.2202 0.7500
vt 0.2434 0.2202 0.5000
vt 0.2428 0.2202 0.5000
vt 0.2440 0.2202 0.5000
vt 0.2447 0.2202 0.5000
vt 0.2453 0.2202 0.5000
vt 0.2349 0.2202 0.5000
vt 0.2343 0.2202 0.5000
vt 0.2355 0.2202 0.5000
vt 0.2361 0.2202 0.5000
vt 0.2367 0.2202 0.5000
vt 0.2373 0.2202 0.5000
vt 0.2379 0.2202 0.5000
vt 0.2385 0.2202 0.5000
vt 0.2391 0.2202 0.5000
vt 0.2398 0.2202 0.5000
vt 0.2404 0.2202 0.5000
vt 0.2410 0.2202 0.5000
vt 0.2416 0.2202 0.5000
vt 0.2422 0.2202 0.5000
vt 0.2434 0.2202 0.2500
vt 0.2428 0.2202 0.2500
vt 0.2440 0.2202 0.2500
vt 0.2447 0.2202 0.2500
vt 0.2453 0.2202 0.2500
vt 0.2349 0.2202 0.2500
vt 0.2343 0.2202 0.2500
vt 0.2355 0.2202 0.2500
vt 0.2361 0.2202 0.2500
vt 0.2367 0.2202 0.2500
vt 0.2373 0.2202 0.2500
vt 0.2379 0.2202 0.2500
vt 0.2385 0.2202 0.2500
vt 0.2391 0.2202 0.2500
vt 0.2398 0.2202 0.2500
vt 0.2404 0.2202 0.2500
vt 0.2410 0.2202 0.2500
vt 0.2416 0.2202 0.2500
vt 0.2422 0.2202 0.2500
vt 0.2401 0.2202 0.0000
vt 0.3190 0.5525 -0.0000
vt 0.3160 0.5525 -0.3473
vt 0.3275 0.5525 1.0000
vt 0.3287 0.5576 1.0000
vt 0.3275 0.5576 1.0000
vt 0.3287 0.5525 1.0000
vt 0.3298 0.5576 1.0000
vt 0.3298 0.5525 1.0000
vt 0.3310 0.5576 1.0000
vt 0.3310 0.5525 1.0000
vt 0.3321 0.5576 1.0000
vt 0.3113 0.5525 1.0000
vt 0.3125 0.5576 1.0000
vt 0.3113 0.5576 1.0000
vt 0.3125 0.5525 1.0000
vt 0.3136 0.5576 1.0000
vt 0.3136 0.5525 1.0000
vt 0.3148 0.5576 1.0000
vt 0.3148 0.5525 1.0000
vt 0.3159 0.5576 1.0000
vt 0.3159 0.5525 1.0000
vt 0.3171 0.5576 1.0000
vt 0.3171 0.5525 1.0000
vt 0.3183 0.5576 1.0000
vt 0.3183 0.5525 1.0000
vt 0.3194 0.5576 1.0000
vt 0.3194 0.5525 1.0000
vt 0.3206 0.5576 1.0000
vt 0.3206 0.5525 1.0000
vt 0.3217 0.5576 1.0000
vt 0.3217 0.5525 1.0000
vt 0.3229 0.5576 1.0000
vt 0.3229 0.5525 1.0000
vt 0.3240 0.5576 1.0000
vt 0.3240 0.5525 1.0000
vt 0.3252 0.5576 1.0000
vt 0.3252 0.5525 1.0000
vt 0.3264 0.5576 1.0000
vt 0.3264 0.5525 1.0000
vt 0.3287 0.5628 1.0000
vt 0.3275 0.5628 1.0000
vt 0.3298 0.5628 1.0000
vt 0.3310 0.5628 1.0000
vt 0.3321 0.5628 1.0000
vt 0.3125 0.5628 1.0000
vt 0.3113 0.5628 1.0000
vt 0.3136 0.5628 1.0000
vt 0.3148 0.5628 1.0000
vt 0.3159 0.5628 1.0000
vt 0.3171 0.5628 1.0000
vt 0.3183 0.5628 1.0000
vt 0.3194 0.5628 1.0000
vt 0.3206 0.5628 1.0000
vt 0.3217 0.5628 1.0000
vt 0.3229 0.5628 1.0000
vt 0.3240 0.5628 1.0000
vt 0.3252 0.5628 1.0000
vt 0.3264 0.5628 1.0000
vt 0.3287 0.5679 1.0000
vt 0.3275 0.5679 1.0000
vt 0.3298 0.5679 1.0000
vt 0.3310 0.5679 1.0000
vt 0.3321 0.5679 1.0000
vt 0.3125 0.5679 1.0000
vt 0.3113 0.5679 1.0000
vt 0.3136 0.5679 1.0000
vt 0.3148 0.5679 1.0000
vt 0.3159 0.5679 1.0000
vt 0.3171 0.5679 1.0000
vt 0.3183 0.5679 1.0000
vt 0.3194 0.5679 1.0000
vt 0.3206 0.5679 1.0000
vt 0.3217 0.5679 1.0000
vt 0.3229 0.5679 1.0000
vt 0.3240 0.5679 1.0000
vt 0.3252 0.5679 1.0000
vt 0.3264 0.5679 1.0000
vt 0.3287 0.5731 1.0000
vt 0.3275 0.5731 1.0000
vt 0.3298 0.5731 1.0000
vt 0.3310 0.5731 1.0000
vt 0.3321 0.5731 1.0000
vt 0.3125 0.5731 1.0000
vt 0.3113 0.5731 1.0000
vt 0.3136 0.5731 1.0000
vt 0.3148 0.5731 1.0000
vt 0.3159 0.5731 1.0000
vt 0.3171 0.5731 1.0000
vt 0.3183 0.5731 1.0000
vt 0.3194 0.5731 1.0000
vt 0.3206 0.5731 1.0000
vt 0.3217 0.5731 1.0000
vt 0.3229 0.5731 1.0000
vt 0.3240 0.5731 1.0000
vt 0.3252 0.5731 1.0000
vt 0.3264 0.5731 1.0000
vt 0.3287 0.5782 1.0000
vt 0.3275 0.5782 1.0000
vt 0.3298 0.5782 1.0000
vt 0.3310 0.5782 1.0000
vt 0.3321 0.5782 1.0000
vt 0.3125 0.5782 1.0000
vt 0.3113 0.5782 1.0000
vt 0.3136 0.5782 1.0000
vt 0.3148 0.5782 1.0000
vt 0.3159 0.5782 1.0000
vt 0.3171 0.5782 1.0000
vt 0.3183 0.5782 1.0000
vt 0.3194 0.5782 1.0000
vt 0.3206 0.5782 1.0000
vt 0.3217 0.5782 1.0000
vt 0.3229 0.5782 1.0000
vt 0.3240 0.5782 1.0000
vt 0.3252 0.5782 1.0000
vt 0.3264 0.5782 1.0000
vt 0.3137 0.5525 -0.6527
vt 0.3125 0.5525 -0.8794
vt 0.3125 0.5525 -1.0000
vt 0.3136 0.5525 -1.0000
vt 0.3158 0.5525 -0.8794
vt 0.3188 0.5525 -0.6527
vt 0.3222 0.5525 -0.3473
vt 0.3256 0.5525 -0.0000
vt 0.3287 0.5525 0.3473
vt 0.3309 0.5525 0.6527
vt 0.3321 0.5525 0.8794
vt 0.3321 0.5525 1.0000
vt 0.0909 0.5555 1.0000
vt 0.0920 0.5598 1.0000
vt 0.0909 0.5598 1.0000
vt 0.0920 0.5555 1.0000
vt 0.0932 0.5598 1.0000
vt 0.0932 0.5555 1.0000
vt 0.0944 0.5598 1.0000
vt 0.0944 0.5555 1.0000
vt 0.0956 0.5598 1.0000
vt 0.0741 0.5555 1.0000
vt 0.0753 0.5598 1.0000
vt 0.0741 0.5598 1.0000
vt 0.0753 0.5555 1.0000
vt 0.0765 0.5598 1.0000
vt 0.0765 0.5555 1.0000
vt 0.0777 0.5598 1.0000
vt 0.0777 0.5555 1.0000
vt 0.0789 0.5598 1.0000
vt 0.0789 0.5555 1.0000
vt 0.0801 0.5598 1.0000
vt 0.0801 0.5555 1.0000
vt 0.0813 0.5598 1.0000
vt 0.0813 0.5555 1.0000
vt 0.0825 0.5598 1.0000
vt 0.0825 0.5555 1.0000
vt 0.0837 0.5598 1.0000
vt 0.0837 0.5555 1.0000
vt 0.0849 0.5598 1.0000
vt 0.0849 0.5555 1.0000
vt 0.0861 0.5598 1.0000
vt 0.0861 0.5555 1.0000
vt 0.0873 0.5598 1.0000
vt 0.0873 0.5555 1.0000
vt 0.0885 0.5598 1.0000
vt 0.0885 0.5555 1.0000
vt 0.0897 0.5598 1.0000
vt 0.0897 0.5555 1.0000
vt 0.0920 0.5641 1.0000
vt 0.0909 0.5641 1.0000
vt 0.0932 0.5641 1.0000
vt 0.0944 0.5641 1.0000
vt 0.0956 0.5641 1.0000
vt 0.0753 0.5641 1.0000
vt 0.0741 0.5641 1.0000
vt 0.0765 0.5641 1.0000
vt 0.0777 0.5641 1.0000
vt 0.0789 0.5641 1.0000
vt 0.0801 0.5641 1.0000
vt 0.0813 0.5641 1.0000
vt 0.0825 0.5641 1.0000
vt 0.0837 0.5641 1.0000
vt 0.0849 0.5641 1.0000
vt 0.0861 0.5641 1.0000
vt 0.0873 0.5641 1.0000
vt 0.0885 0.5641 1.0000
vt 0.0897 0.5641 1.0000
vt 0.0920 0.5685 1.0000
vt 0.0909 0.5685 1.0000
vt 0.0932 0.5685 1.0000
vt 0.0944 0.5685 1.0000
vt 0.0956 0.5685 1.0000
vt 0.0753 0.5685 1.0000
vt 0.0741 0.5685 1.0000
vt 0.0765 0.5685 1.0000
vt 0.0777 0.5685 1.0000
vt 0.0789 0.5685 1.0000
vt 0.0801 0.5685 1.0000
vt 0.0813 0.5685 1.0000
vt 0.0825 0.5685 1.0000
vt 0.0837 0.5685 1.0000
vt 0.0849 0.5685 1.0000
vt 0.0861 0.5685 1.0000
vt 0.0873 0.5685 1.0000
vt 0.0885 0.5685 1.0000
vt 0.0897 0.5685 1.0000
vt 0.0920 0.5728 1.0000
vt 0.0909 0.5728 1.0000
vt 0.0932 0.5728 1.0000
vt 0.0944 0.5728 1.0000
vt 0.0956 0.5728 1.0000
vt 0.0753 0.5728 1.0000
vt 0.0741 0.5728 1.0000
vt 0.0765 0.5728 1.0000
vt 0.0777 0.5728 1.0000
vt 0.0789 0.5728 1.0000
vt 0.0801 0.5728 1.0000
vt 0.0813 0.5728 1.0000
vt 0.0825 0.5728 1.0000
vt 0.0837 0.5728 1.0000
vt 0.0849 0.5728 1.0000
vt 0.0861 0.5728 1.0000
vt 0.0873 0.5728 1.0000
vt 0.0885 0.5728 1.0000
vt 0.0897 0.5728 1.0000
vt 0.0920 0.5771 1.0000
vt 0.0909 0.5771 1.0000
vt 0.0932 0.5771 1.0000
vt 0.0944 0.5771 1.0000
vt 0.0956 0.5771 1.0000
vt 0.0753 0.5771 1.0000
vt 0.0741 0.5771 1.0000
vt 0.0765 0.5771 1.0000
vt 0.0777 0.5771 1.0000
vt 0.0789 0.5771 1.0000
vt 0.0801 0.5771 1.0000
vt 0.0813 0.5771 1.0000
vt 0.0825 0.5771 1.0000
vt 0.0837 0.5771 1.0000
vt 0.0849 0.5771 1.0000
vt 0.0861 0.5771 1.0000
vt 0.0873 0.5771 1.0000
vt 0.0885 0.5771 1.0000
vt 0.0897 0.5771 1.0000
vt 0.0789 0.5771 -0.3473
vt 0.0956 0.5555 1.0000
vt 0.0956 0.5771 0.8794
vt 0.0944 0.5771 0.6527
vt 0.0920 0.5771 0.3473
vt 0.0889 0.5771 0.0000
vt 0.0854 0.5771 -0.3473
vt 0.0818 0.5771 -0.6527
vt 0.0788 0.5771 -0.8794
vt 0.0765 0.5771 -1.0000
vt 0.0753 0.5771 -1.0000
vt 0.0753 0.5771 -0.8794
vt 0.0766 0.5771 -0.6527
vt 0.1786 0.5548 1.0000
vt 0.1796 0.5594 1.0000
vt 0.1786 0.5594 1.0000
vt 0.1796 0.5548 1.0000
vt 0.1805 0.5594 1.0000
vt 0.1805 0.5548 1.0000
vt 0.1815 0.5594 1.0000
vt 0.1815 0.5548 1.0000
vt 0.1824 0.5594 1.0000
vt 0.1652 0.5548 1.0000
vt 0.1661 0.5594 1.0000
vt 0.1652 0.5594 1.0000
vt 0.1661 0.5548 1.0000
vt 0.1671 0.5594 1.0000
vt 0.1671 0.5548 1.0000
vt 0.1680 0.5594 1.0000
vt 0.1680 0.5548 1.0000
vt 0.1690 0.5594 1.0000
vt 0.1690 0.5548 1.0000
vt 0.1700 0.5594 1.0000
vt 0.1700 0.5548 1.0000
vt 0.1709 0.5594 1.0000
vt 0.1709 0.5548 1.0000
vt 0.1719 0.5594 1.0000
vt 0.1719 0.5548 1.0000
vt 0.1728 0.5594 1.0000
vt 0.1728 0.5548 1.0000
vt 0.1738 0.5594 1.0000
vt 0.1738 0.5548 1.0000
vt 0.1748 0.5594 1.0000
vt 0.1748 0.5548 1.0000
vt 0.1757 0.5594 1.0000
vt 0.1757 0.5548 1.0000
vt 0.1767 0.5594 1.0000
vt 0.1767 0.5548 1.0000
vt 0.1776 0.5594 1.0000
vt 0.1776 0.5548 1.0000
vt 0.1796 0.5640 1.0000
vt 0.1786 0.5640 1.0000
vt 0.1805 0.5640 1.0000
vt 0.1815 0.5640 1.0000
vt 0.1824 0.5640 1.0000
vt 0.1661 0.5640 1.0000
vt 0.1652 0.5640 1.0000
vt 0.1671 0.5640 1.0000
vt 0.1680 0.5640 1.0000
vt 0.1690 0.5640 1.0000
vt 0.1700 0.5640 1.0000
vt 0.1709 0.5640 1.0000
vt 0.1719 0.5640 1.0000
vt 0.1728 0.5640 1.0000
vt 0.1738 0.5640 1.0000
vt 0.1748 0.5640 1.0000
vt 0.1757 0.5640 1.0000
vt 0.1767 0.5640 1.0000
vt 0.1776 0.5640 1.0000
vt 0.1796 0.5686 1.0000
vt 0.1786 0.5686 1.0000
vt 0.1805 0.5686 1.0000
vt 0.1815 0.5686 1.0000
vt 0.1824 0.5686 1.0000
vt 0.1661 0.5686 1.0000
vt 0.1652 0.5686 1.0000
vt 0.1671 0.5686 1.0000
vt 0.1680 0.5686 1.0000
vt 0.1690 0.5686 1.0000
vt 0.1700 0.5686 1.0000
vt 0.1709 0.5686 1.0000
vt 0.1719 0.5686 1.0000
vt 0.1728 0.5686 1.0000
vt 0.1738 0.5686 1.0000
vt 0.1748 0.5686 1.0000
vt 0.1757 0.5686 1.0000
vt 0.1767 0.5686 1.0000
vt 0.1776 0.5686 1.0000
vt 0.1796 0.5731 1.0000
vt 0.1786 0.5731 1.0000
vt 0.1805 0.5731 1.0000
vt 0.1815 0.5731 1.0000
vt 0.1824 0.5731 1.0000
vt 0.1661 0.5731 1.0000
vt 0.1652 0.5731 1.0000
vt 0.1671 0.5731 1.0000
vt 0.1680 0.5731 1.0000
vt 0.1690 0.5731 1.0000
vt 0.1700 0.5731 1.0000
vt 0.1709 0.5731 1.0000
vt 0.1719 0.5731 1.0000
vt 0.1728 0.5731 1.0000
vt 0.1738 0.5731 1.0000
vt 0.1748 0.5731 1.0000
vt 0.1757 0.5731 1.0000
vt 0.1767 0.5731 1.0000
vt 0.1776 0.5731 1.0000
vt 0.1796 0.5777 1.0000
vt 0.1786 0.5777 1.0000
vt 0.1805 0.5777 1.0000
vt 0.1815 0.5777 1.0000
vt 0.1824 0.5777 1.0000
vt 0.1661 0.5777 1.0000
vt 0.1652 0.5777 1.0000
vt 0.1671 0.5777 1.0000
vt 0.1680 0.5777 1.0000
vt 0.1690 0.5777 1.0000
vt 0.1700 0.5777 1.0000
vt 0.1709 0.5777 1.0000
vt 0.1719 0.5777 1.0000
vt 0.1728 0.5777 1.0000
vt 0.1738 0.5777 1.0000
vt 0.1748 0.5777 1.0000
vt 0.1757 0.5777 1.0000
vt 0.1767 0.5777 1.0000
vt 0.1776 0.5777 1.0000
vt 0.1690 0.5777 -0.3473
vt 0.1824 0.5548 1.0000
vt 0.1824 0.5777 0.8794
vt 0.1814 0.5777 0.6527
vt 0.1795 0.5777 0.3473
vt 0.1770 0.5777 0.0000
vt 0.1742 0.5777 -0.3473
vt 0.1714 0.5777 -0.6527
vt 0.1689 0.5777 -0.8794
vt 0.1671 0.5777 -1.0000
vt 0.1661 0.5777 -1.0000
vt 0.1661 0.5777 -0.8794
vt 0.1671 0.5777 -0.6527
vt 0.8329 0.5939 1.0000
vt 0.8345 0.5939 1.0000
vt 0.8210 0.5875 -0.3473
vt 0.8361 0.5939 1.0000
vt 0.8441 0.5897 1.0000
vt 0.8392 0.5939 1.0000
vt 0.8408 0.5939 1.0000
vt 0.8407 0.5939 0.8794
vt 0.8221 0.6216 0.6527
vt 0.8360 0.5939 0.3473
vt 0.8217 0.6081 0.0000
vt 0.8273 0.5939 -0.3473
vt 0.8097 0.6084 -0.6527
vt 0.8186 0.5939 -0.8794
vt 0.8156 0.5939 -1.0000
vt 0.8141 0.5938 -1.0000
vt 0.8231 0.5853 -0.8794
vt 0.8157 0.5939 -0.6527
vt 0.1296 0.5564 -0.0000
vt 0.1180 0.5468 -0.3473
vt 0.1045 0.5564 1.0000
vt 0.1180 0.5564 -0.6527
vt 0.1304 0.5509 -0.8794
vt 0.1153 0.5564 -1.0000
vt 0.1278 0.5395 -1.0000
vt 0.1227 0.5564 -0.8794
vt 0.1520 0.5653 -0.6527
vt 0.1367 0.5564 -0.3473
vt 0.1360 0.5728 -0.0000
vt 0.1508 0.5564 0.3473
vt 0.1464 0.5790 0.6527
vt 0.1583 0.5564 0.8794
vt 0.1292 0.5922 1.0000
vt 0.1561 0.5742 1.0000
vt 0.1134 0.5836 1.0000
vt 0.1508 0.5564 1.0000
vt 0.6371 0.5546 -0.0000
vt 0.6230 0.5598 -0.3473
vt 0.6428 0.5811 1.0000
vt 0.6270 0.5546 -0.6527
vt 0.6255 0.5543 -0.8794
vt 0.6246 0.5546 -1.0000
vt 0.6273 0.5426 -1.0000
vt 0.6310 0.5546 -0.8794
vt 0.6487 0.5352 -0.6527
vt 0.6433 0.5546 -0.3473
vt 0.6499 0.5546 -0.0000
vt 0.6557 0.5546 0.3473
vt 0.6598 0.5543 0.6527
vt 0.6623 0.5546 0.8794
vt 0.6624 0.5546 1.0000
vt 0.6601 0.5546 1.0000
vt 0.6401 0.5712 1.0000
vt 0.6557 0.5546 1.0000
# 1124 texture coords

o Object001
g Object001
usemtl Material__26
s 1
f 1/1/1 2/2/1 3/3/1 
f 2/2/1 4/4/1 5/5/1 
f 5/5/1 6/6/1 7/7/1 
f 7/7/1 8/8/1 9/9/1 
f 5/5/1 7/7/1 9/9/1 
f 9/9/1 10/10/1 11/11/1 
f 11/11/1 12/12/1 13/13/1 
f 9/9/1 11/11/1 13/13/1 
f 13/13/1 14/14/1 15/15/1 
f 15/15/1 16/16/1 17/17/1 
f 13/13/1 15/15/1 17/17/1 
f 9/9/1 13/13/1 17/17/1 
f 5/5/1 9/9/1 17/17/1 
f 17/17/1 18/18/1 3/3/1 
f 5/5/1 17/17/1 3/3/1 
f 2/2/1 5/5/1 3/3/1 
s 2
f 19/19/2 20/20/2 21/21/2 
s 4
f 22/22/3 23/22/3 24/23/3 
s 8
f 19/24/1 25/25/1 26/26/1 
s 16
f 21/24/4 27/25/4 25/26/4 
s 32
f 20/24/5 28/25/5 27/26/5 
s 64
f 29/24/6 26/25/6 28/26/6 
s off
f 26/27/7 23/22/7 30/27/7 
f 25/28/8 27/29/8 31/28/8 
f 27/29/9 32/23/9 33/29/9 
f 28/30/10 26/27/10 34/30/10 
f 23/22/11 35/28/11 36/29/11 
f 31/28/12 35/28/12 23/22/12 
f 33/29/13 36/29/13 35/28/13 
f 32/23/14 36/29/14 33/29/14 
f 24/23/15 37/30/15 38/27/15 
f 22/22/16 38/27/16 30/27/16 
f 34/30/17 37/30/17 24/23/17 
f 30/27/18 38/27/18 37/30/18 
s 2
f 19/19/2 29/31/2 20/20/2 
s 4
f 23/22/3 32/23/3 24/23/3 
s 8
f 19/24/1 21/32/1 25/25/1 
s 16
f 21/24/4 20/32/4 27/25/4 
s 32
f 20/24/5 29/32/5 28/25/5 
s 64
f 29/24/6 19/32/6 26/25/6 
s off
f 26/27/19 25/28/19 31/28/19 
f 26/27/20 31/28/20 23/22/20 
f 23/22/21 22/22/21 30/27/21 
f 27/29/8 33/29/8 31/28/8 
f 28/30/22 34/30/22 24/23/22 
f 28/30/23 24/23/23 32/23/23 
f 27/29/23 28/30/23 32/23/23 
f 26/27/10 30/27/10 34/30/10 
f 36/29/11 32/23/11 23/22/11 
f 35/28/13 31/28/13 33/29/13 
f 38/27/15 22/22/15 24/23/15 
f 37/30/18 34/30/18 30/27/18 
s 2
f 39/33/2 40/34/2 41/35/2 
f 42/36/2 43/37/2 44/38/2 
s 4
f 45/39/24 46/40/24 47/41/24 
f 48/42/3 49/43/3 50/44/3 
f 51/45/25 52/46/25 53/47/25 
s 8
f 54/48/1 45/49/1 55/50/1 
f 56/51/1 51/52/1 46/53/1 
f 57/54/1 58/55/1 51/56/1 
s 16
f 58/57/4 59/58/4 60/59/4 
s 32
f 59/60/5 61/61/5 62/62/5 
f 63/63/5 64/64/5 53/65/5 
f 65/66/5 66/67/5 64/68/5 
s 64
f 66/69/6 54/70/6 67/71/6 
s off
f 46/72/1 68/73/1 69/72/1 
f 51/73/1 70/73/1 68/73/1 
f 71/74/1 72/42/1 70/74/1 
f 48/72/1 69/72/1 72/72/1 
f 51/73/26 73/75/26 74/73/26 
f 53/75/27 75/75/27 73/75/27 
f 49/43/28 76/74/28 75/43/28 
f 71/76/28 74/73/28 76/73/28 
f 53/75/5 77/77/5 78/75/5 
f 64/77/5 79/77/5 77/77/5 
f 50/44/5 80/43/5 79/44/5 
f 49/75/5 78/75/5 80/75/5 
f 64/77/6 81/72/6 82/77/6 
f 46/72/6 83/72/6 81/72/6 
f 48/42/6 84/44/6 83/42/6 
f 50/77/6 82/77/6 84/77/6 
f 54/78/6 66/79/6 85/78/6 
f 66/79/5 39/33/5 86/79/5 
f 65/80/5 43/81/5 40/82/5 
f 63/37/5 59/83/5 43/37/5 
f 59/83/4 58/84/4 87/83/4 
f 58/84/1 44/38/1 88/84/1 
f 57/85/1 89/86/1 42/85/1 
f 56/87/1 54/78/1 89/87/1 
f 52/46/29 90/88/29 91/89/29 
f 60/90/1 90/91/1 52/92/1 
f 62/93/30 91/94/30 90/95/30 
f 61/61/5 91/96/5 62/62/5 
f 47/41/31 92/97/31 93/98/31 
f 45/49/1 93/99/1 55/50/1 
f 67/100/5 92/101/5 47/102/5 
f 55/103/32 93/104/32 92/105/32 
f 94/106/33 95/83/33 96/84/33 
f 87/83/5 95/83/5 94/106/5 
f 88/84/34 96/84/34 95/83/34 
f 44/38/1 96/84/1 88/84/1 
f 41/35/35 97/78/35 98/79/35 
f 86/79/36 98/79/36 97/78/36 
f 39/33/5 98/79/5 86/79/5 
f 85/78/1 97/78/1 41/35/1 
s 2
f 40/34/2 89/87/2 41/35/2 
f 43/37/2 94/106/2 44/38/2 
s 4
f 46/40/24 64/107/24 47/41/24 
f 48/42/3 71/74/3 49/43/3 
f 52/46/25 61/108/25 53/47/25 
s 8
f 54/48/1 56/109/1 46/110/1 
f 54/48/1 46/110/1 45/49/1 
f 56/51/1 57/111/1 51/52/1 
f 58/55/1 60/90/1 52/92/1 
f 58/55/1 52/92/1 51/56/1 
s 16
f 59/58/4 62/93/4 60/59/4 
s 32
f 59/60/5 63/112/5 53/113/5 
f 59/60/5 53/113/5 61/61/5 
f 63/63/5 65/114/5 64/64/5 
f 66/67/5 67/100/5 47/102/5 
f 66/67/5 47/102/5 64/68/5 
s 64
f 54/115/6 55/116/6 67/117/6 
s off
f 46/72/1 51/73/1 68/73/1 
f 51/73/1 71/76/1 70/73/1 
f 71/74/1 48/42/1 72/42/1 
f 48/72/1 46/72/1 69/72/1 
f 51/73/26 53/75/26 73/75/26 
f 53/75/37 49/75/37 75/75/37 
f 49/43/28 71/74/28 76/74/28 
f 71/76/38 51/73/38 74/73/38 
f 53/75/5 64/77/5 77/77/5 
f 64/77/5 50/77/5 79/77/5 
f 50/44/5 49/43/5 80/43/5 
f 49/75/5 53/75/5 78/75/5 
f 64/77/6 46/72/6 81/72/6 
f 46/72/6 48/72/6 83/72/6 
f 48/42/6 50/44/6 84/44/6 
f 50/77/6 64/77/6 82/77/6 
f 66/79/6 86/79/6 85/78/6 
f 66/79/5 65/34/5 40/34/5 
f 66/79/5 40/34/5 39/33/5 
f 65/80/5 63/118/5 43/81/5 
f 59/83/5 87/83/5 94/106/5 
f 59/83/5 94/106/5 43/37/5 
f 58/84/4 88/84/4 87/83/4 
f 58/84/1 57/36/1 42/36/1 
f 58/84/1 42/36/1 44/38/1 
f 57/85/1 56/86/1 89/86/1 
f 54/78/1 85/78/1 41/35/1 
f 54/78/1 41/35/1 89/87/1 
f 91/89/29 61/108/29 52/46/29 
f 90/95/30 60/59/30 62/93/30 
f 93/98/31 45/39/31 47/41/31 
f 92/119/32 67/120/32 55/121/32 
f 96/84/33 44/38/33 94/106/33 
f 95/83/34 87/83/34 88/84/34 
f 98/79/35 39/33/35 41/35/35 
f 97/78/36 85/78/36 86/79/36 
s 1
f 73/122/39 43/123/39 42/76/39 
f 42/76/39 74/124/39 73/122/39 
f 99/125/5 100/126/5 101/127/5 
s 8
f 101/127/4 102/128/40 103/129/4 
f 104/130/40 105/131/41 102/128/40 
f 106/132/41 107/133/42 105/131/41 
f 108/134/42 109/135/43 107/133/42 
f 110/136/43 111/137/44 109/138/43 
f 112/139/44 113/140/45 111/137/44 
f 114/141/45 115/142/46 113/140/45 
f 116/143/46 117/144/47 115/142/46 
f 118/145/47 119/146/48 117/144/47 
f 120/147/6 121/148/49 119/146/48 
f 122/149/49 123/150/50 121/148/49 
f 124/151/50 125/152/51 123/150/50 
f 126/153/51 127/154/52 125/152/51 
f 128/155/52 129/156/53 127/154/52 
f 130/157/53 131/158/54 129/156/53 
f 132/159/54 133/160/55 131/158/54 
f 100/161/55 134/162/56 133/160/55 
f 99/163/56 103/129/4 134/162/56 
f 103/129/4 135/164/40 136/165/4 
f 102/128/40 137/166/41 135/164/40 
f 105/131/41 138/167/42 137/166/41 
f 107/133/42 139/168/43 138/167/42 
f 109/138/43 140/169/44 139/170/43 
f 111/137/44 141/171/45 140/169/44 
f 113/140/45 142/172/46 141/171/45 
f 115/142/46 143/173/47 142/172/46 
f 117/144/47 144/174/6 143/173/47 
f 119/146/48 145/175/49 144/174/6 
f 121/148/49 146/176/50 145/175/49 
f 123/150/50 147/177/51 146/176/50 
f 125/152/51 148/178/52 147/177/51 
f 127/154/52 149/179/53 148/178/52 
f 129/156/53 150/180/54 149/179/53 
f 131/158/54 151/181/55 150/180/54 
f 133/160/55 152/182/56 151/181/55 
f 134/162/56 136/165/4 152/182/56 
f 136/165/4 153/183/40 154/184/4 
f 135/164/40 155/185/41 153/183/40 
f 137/166/41 156/186/42 155/185/41 
f 138/167/42 157/187/43 156/186/42 
f 139/170/43 158/188/44 157/189/43 
f 140/169/44 159/190/45 158/188/44 
f 141/171/45 160/191/46 159/190/45 
f 142/172/46 161/192/47 160/191/46 
f 143/173/47 162/193/6 161/192/47 
f 144/174/6 163/194/49 162/193/6 
f 145/175/49 164/195/50 163/194/49 
f 146/176/50 165/196/51 164/195/50 
f 147/177/51 166/197/52 165/196/51 
f 148/178/52 167/198/53 166/197/52 
f 149/179/53 168/199/54 167/198/53 
f 150/180/54 169/200/55 168/199/54 
f 151/181/55 170/201/56 169/200/55 
f 152/182/56 154/184/4 170/201/56 
f 154/184/4 171/202/40 172/203/4 
f 153/183/40 173/204/41 171/202/40 
f 155/185/41 174/205/42 173/204/41 
f 156/186/42 175/206/43 174/205/42 
f 157/189/43 176/207/44 175/208/43 
f 158/188/44 177/209/45 176/207/44 
f 159/190/45 178/210/46 177/209/45 
f 160/191/46 179/211/47 178/210/46 
f 161/192/47 180/212/6 179/211/47 
f 162/193/6 181/213/49 180/212/6 
f 163/194/49 182/214/50 181/213/49 
f 164/195/50 183/215/51 182/214/50 
f 165/196/51 184/216/52 183/215/51 
f 166/197/52 185/217/53 184/216/52 
f 167/198/53 186/218/54 185/217/53 
f 168/199/54 187/219/55 186/218/54 
f 169/200/55 188/220/56 187/219/55 
f 170/201/56 172/203/4 188/220/56 
f 172/203/4 4/221/40 2/222/4 
f 171/202/40 5/223/41 4/221/40 
f 173/204/41 6/224/42 5/223/41 
f 174/205/42 7/225/43 6/224/42 
f 175/208/43 8/226/44 7/227/43 
f 176/207/44 9/228/45 8/226/44 
f 177/209/45 10/229/46 9/228/45 
f 178/210/46 11/230/47 10/229/46 
f 179/211/47 12/231/48 11/230/47 
f 180/212/6 13/232/49 12/231/48 
f 181/213/49 14/233/50 13/232/49 
f 182/214/50 15/234/51 14/233/50 
f 183/215/51 16/235/52 15/234/51 
f 184/216/52 17/236/53 16/235/52 
f 185/217/53 18/237/54 17/236/53 
f 186/218/54 3/238/55 18/237/54 
f 187/219/55 1/239/56 3/238/55 
f 188/220/56 2/222/4 1/239/56 
s 1
f 100/126/5 132/240/5 130/241/5 
f 130/241/5 128/242/5 126/243/5 
f 126/243/5 124/244/5 122/245/5 
f 130/241/5 126/243/5 122/245/5 
f 122/245/5 120/246/5 118/247/5 
f 118/247/5 116/248/5 114/249/5 
f 122/245/5 118/247/5 114/249/5 
f 114/249/5 112/250/5 110/251/5 
f 110/251/5 108/134/5 106/132/5 
f 114/249/5 110/251/5 106/132/5 
f 122/245/5 114/249/5 106/132/5 
f 130/241/5 122/245/5 106/132/5 
f 106/132/5 104/130/5 101/127/5 
f 130/241/5 106/132/5 101/127/5 
f 100/126/5 130/241/5 101/127/5 
s 8
f 101/127/4 104/130/40 102/128/40 
f 104/130/40 106/132/41 105/131/41 
f 106/132/41 108/134/42 107/133/42 
f 108/134/42 110/251/43 109/135/43 
f 110/136/43 112/139/44 111/137/44 
f 112/139/44 114/141/45 113/140/45 
f 114/141/45 116/143/46 115/142/46 
f 116/143/46 118/145/47 117/144/47 
f 118/145/47 120/147/6 119/146/48 
f 120/147/6 122/149/49 121/148/49 
f 122/149/49 124/151/50 123/150/50 
f 124/151/50 126/153/51 125/152/51 
f 126/153/51 128/155/52 127/154/52 
f 128/155/52 130/157/53 129/156/53 
f 130/157/53 132/159/54 131/158/54 
f 132/159/54 100/161/55 133/160/55 
f 100/161/55 99/163/56 134/162/56 
f 99/163/56 101/127/4 103/129/4 
f 103/129/4 102/128/40 135/164/40 
f 102/128/40 105/131/41 137/166/41 
f 105/131/41 107/133/42 138/167/42 
f 107/133/42 109/135/43 139/168/43 
f 109/138/43 111/137/44 140/169/44 
f 111/137/44 113/140/45 141/171/45 
f 113/140/45 115/142/46 142/172/46 
f 115/142/46 117/144/47 143/173/47 
f 117/144/47 119/146/48 144/174/6 
f 119/146/48 121/148/49 145/175/49 
f 121/148/49 123/150/50 146/176/50 
f 123/150/50 125/152/51 147/177/51 
f 125/152/51 127/154/52 148/178/52 
f 127/154/52 129/156/53 149/179/53 
f 129/156/53 131/158/54 150/180/54 
f 131/158/54 133/160/55 151/181/55 
f 133/160/55 134/162/56 152/182/56 
f 134/162/56 103/129/4 136/165/4 
f 136/165/4 135/164/40 153/183/40 
f 135/164/40 137/166/41 155/185/41 
f 137/166/41 138/167/42 156/186/42 
f 138/167/42 139/168/43 157/187/43 
f 139/170/43 140/169/44 158/188/44 
f 140/169/44 141/171/45 159/190/45 
f 141/171/45 142/172/46 160/191/46 
f 142/172/46 143/173/47 161/192/47 
f 143/173/47 144/174/6 162/193/6 
f 144/174/6 145/175/49 163/194/49 
f 145/175/49 146/176/50 164/195/50 
f 146/176/50 147/177/51 165/196/51 
f 147/177/51 148/178/52 166/197/52 
f 148/178/52 149/179/53 167/198/53 
f 149/179/53 150/180/54 168/199/54 
f 150/180/54 151/181/55 169/200/55 
f 151/181/55 152/182/56 170/201/56 
f 152/182/56 136/165/4 154/184/4 
f 154/184/4 153/183/40 171/202/40 
f 153/183/40 155/185/41 173/204/41 
f 155/185/41 156/186/42 174/205/42 
f 156/186/42 157/187/43 175/206/43 
f 157/189/43 158/188/44 176/207/44 
f 158/188/44 159/190/45 177/209/45 
f 159/190/45 160/191/46 178/210/46 
f 160/191/46 161/192/47 179/211/47 
f 161/192/47 162/193/6 180/212/6 
f 162/193/6 163/194/49 181/213/49 
f 163/194/49 164/195/50 182/214/50 
f 164/195/50 165/196/51 183/215/51 
f 165/196/51 166/197/52 184/216/52 
f 166/197/52 167/198/53 185/217/53 
f 167/198/53 168/199/54 186/218/54 
f 168/199/54 169/200/55 187/219/55 
f 169/200/55 170/201/56 188/220/56 
f 170/201/56 154/184/4 172/203/4 
f 172/203/4 171/202/40 4/221/40 
f 171/202/40 173/204/41 5/223/41 
f 173/204/41 174/205/42 6/224/42 
f 174/205/42 175/206/43 7/225/43 
f 175/208/43 176/207/44 8/226/44 
f 176/207/44 177/209/45 9/228/45 
f 177/209/45 178/210/46 10/229/46 
f 178/210/46 179/211/47 11/230/47 
f 179/211/47 180/212/6 12/231/48 
f 180/212/6 181/213/49 13/232/49 
f 181/213/49 182/214/50 14/233/50 
f 182/214/50 183/215/51 15/234/51 
f 183/215/51 184/216/52 16/235/52 
f 184/216/52 185/217/53 17/236/53 
f 185/217/53 186/218/54 18/237/54 
f 186/218/54 187/219/55 3/238/55 
f 187/219/55 188/220/56 1/239/56 
f 188/220/56 172/203/4 2/222/4 
s 1
f 189/252/57 190/253/58 191/254/57 
f 189/252/57 192/255/58 190/253/58 
f 189/252/57 193/256/58 192/255/58 
f 189/252/57 194/257/58 193/256/58 
f 189/252/57 195/258/58 194/259/58 
f 189/252/57 196/260/58 195/258/58 
f 189/252/57 197/261/58 196/260/58 
f 189/252/57 198/262/57 197/261/58 
f 189/252/57 199/263/57 198/262/57 
f 189/252/57 200/264/58 199/263/57 
f 189/252/57 201/265/57 200/264/58 
f 189/252/57 202/266/57 201/265/57 
f 189/252/57 203/267/57 202/266/57 
f 189/252/57 204/268/57 203/267/57 
f 189/252/57 205/269/57 204/268/57 
f 189/252/57 206/270/57 205/269/57 
f 189/252/57 207/271/57 206/270/57 
f 189/252/57 191/254/57 207/271/57 
f 191/254/57 208/272/58 209/273/57 
f 195/258/58 210/274/58 211/275/57 
f 196/260/58 212/276/58 210/274/58 
f 201/265/57 213/277/57 214/278/57 
f 202/266/57 215/279/57 213/277/57 
f 207/271/57 209/273/57 216/280/58 
f 209/273/57 217/281/57 218/282/58 
f 211/275/57 219/283/58 220/284/57 
f 210/274/58 221/285/58 219/283/58 
f 214/278/57 222/286/57 223/287/57 
f 213/277/57 224/288/58 222/286/57 
f 216/280/58 218/282/58 225/289/58 
f 218/282/58 226/290/57 227/291/57 
f 217/281/57 228/292/57 226/290/57 
f 229/293/57 230/294/57 228/292/57 
f 231/295/57 232/296/57 230/294/57 
f 233/297/57 234/298/57 232/299/57 
f 220/284/57 235/300/57 234/298/57 
f 219/283/58 236/301/58 235/300/57 
f 221/285/58 237/302/58 236/301/58 
f 238/303/58 239/304/57 237/302/58 
f 240/305/57 241/306/57 239/304/57 
f 242/307/57 243/308/57 241/306/57 
f 223/287/57 244/309/58 243/308/57 
f 222/286/57 245/310/58 244/309/58 
f 224/288/58 246/311/57 245/310/58 
f 247/312/57 248/313/58 246/311/57 
f 249/314/58 250/315/58 248/313/58 
f 251/316/57 252/317/57 250/315/58 
f 225/289/58 227/291/57 252/317/57 
s 8
f 227/291/59 253/318/60 254/319/61 
f 226/290/60 255/320/62 253/318/60 
f 228/292/62 256/321/63 255/320/62 
f 230/294/63 257/322/64 256/321/63 
f 232/299/64 258/323/65 257/324/64 
f 234/298/65 259/325/66 258/323/65 
f 235/300/66 260/326/67 259/325/66 
f 236/301/67 261/327/68 260/326/67 
f 237/302/68 262/328/69 261/327/68 
f 239/304/69 263/329/70 262/328/69 
f 241/306/70 264/330/71 263/329/70 
f 243/308/71 265/331/72 264/330/71 
f 244/309/72 266/332/73 265/331/72 
f 245/310/73 267/333/74 266/332/73 
f 246/311/74 268/334/75 267/333/74 
f 248/313/75 269/335/76 268/334/75 
f 250/315/76 270/336/77 269/335/76 
f 252/317/77 254/319/61 270/336/77 
f 254/319/61 271/337/60 272/338/61 
f 253/318/60 273/339/62 271/337/60 
f 255/320/62 274/340/63 273/339/62 
f 256/321/63 275/341/64 274/340/63 
f 257/324/64 276/342/65 275/343/64 
f 258/323/65 277/344/66 276/342/65 
f 259/325/66 278/345/67 277/344/66 
f 260/326/67 279/346/68 278/345/67 
f 261/327/68 280/347/78 279/346/68 
f 262/328/69 281/348/70 280/347/78 
f 263/329/70 282/349/71 281/348/70 
f 264/330/71 283/350/72 282/349/71 
f 265/331/72 284/351/73 283/350/72 
f 266/332/73 285/352/74 284/351/73 
f 267/333/74 286/353/75 285/352/74 
f 268/334/75 287/354/76 286/353/75 
f 269/335/76 288/355/77 287/354/76 
f 270/336/77 272/338/61 288/355/77 
f 272/338/61 289/356/60 290/357/61 
f 271/337/60 291/358/62 289/356/60 
f 273/339/62 292/359/63 291/358/62 
f 274/340/63 293/360/64 292/359/63 
f 275/343/64 294/361/65 293/362/64 
f 276/342/65 295/363/66 294/361/65 
f 277/344/66 296/364/67 295/363/66 
f 278/345/67 297/365/68 296/364/67 
f 279/346/68 298/366/78 297/365/68 
f 280/347/78 299/367/70 298/366/78 
f 281/348/70 300/368/71 299/367/70 
f 282/349/71 301/369/72 300/368/71 
f 283/350/72 302/370/73 301/369/72 
f 284/351/73 303/371/74 302/370/73 
f 285/352/74 304/372/75 303/371/74 
f 286/353/75 305/373/76 304/372/75 
f 287/354/76 306/374/77 305/373/76 
f 288/355/77 290/357/61 306/374/77 
f 290/357/61 307/375/60 308/376/59 
f 289/356/60 309/377/62 307/375/60 
f 291/358/62 310/378/63 309/377/62 
f 292/359/63 311/379/64 310/378/63 
f 293/362/64 312/380/65 311/381/64 
f 294/361/65 313/382/66 312/380/65 
f 295/363/66 314/383/67 313/382/66 
f 296/364/67 315/384/68 314/383/67 
f 297/365/68 316/385/78 315/384/68 
f 298/366/78 317/386/70 316/385/78 
f 299/367/70 318/387/71 317/386/70 
f 300/368/71 319/388/72 318/387/71 
f 301/369/72 320/389/73 319/388/72 
f 302/370/73 321/390/74 320/389/73 
f 303/371/74 322/391/75 321/390/74 
f 304/372/75 323/392/76 322/391/75 
f 305/373/76 324/393/77 323/392/76 
f 306/374/77 308/376/59 324/393/77 
f 308/376/59 325/394/60 326/395/59 
f 307/375/60 327/396/62 325/394/60 
f 309/377/62 328/397/63 327/396/62 
f 310/378/63 329/398/64 328/397/63 
f 311/381/64 330/399/65 329/400/64 
f 312/380/65 331/401/66 330/399/65 
f 313/382/66 332/402/67 331/401/66 
f 314/383/67 333/403/68 332/402/67 
f 315/384/68 334/404/69 333/403/68 
f 316/385/78 335/405/70 334/404/69 
f 317/386/70 336/406/71 335/405/70 
f 318/387/71 337/407/72 336/406/71 
f 319/388/72 338/408/73 337/407/72 
f 320/389/73 339/409/74 338/408/73 
f 321/390/74 340/410/75 339/409/74 
f 322/391/75 341/411/76 340/410/75 
f 323/392/76 342/412/77 341/411/76 
f 324/393/77 326/395/59 342/412/77 
s 1
f 326/395/79 343/413/79 344/414/79 
f 325/394/80 345/415/80 343/413/79 
f 327/396/79 346/416/79 345/415/80 
f 328/397/79 347/417/80 346/416/79 
f 329/400/80 348/418/80 347/419/80 
f 330/399/79 349/420/80 348/418/80 
f 331/401/79 350/421/79 349/420/80 
f 332/402/79 351/422/79 350/421/79 
f 333/403/79 352/423/80 351/422/79 
f 334/404/80 353/424/79 352/423/80 
f 335/405/79 354/425/79 353/424/79 
f 336/406/80 355/426/80 354/425/79 
f 337/407/80 356/427/80 355/426/80 
f 338/408/80 357/428/80 356/427/80 
f 339/409/80 358/429/80 357/428/80 
f 340/410/80 359/430/79 358/429/80 
f 341/411/79 360/431/80 359/430/79 
f 342/412/80 344/414/79 360/431/80 
f 344/414/79 361/432/79 362/433/80 
f 348/418/80 363/434/80 364/435/80 
f 349/420/80 365/436/80 363/434/80 
f 354/425/79 366/437/80 367/438/80 
f 355/426/80 368/439/79 366/437/80 
f 360/431/80 362/433/80 369/440/80 
f 362/433/80 370/441/79 371/442/79 
f 364/435/80 372/443/79 373/444/79 
f 363/434/80 374/445/79 372/443/79 
f 367/438/80 375/446/80 376/447/79 
f 366/437/80 377/448/80 375/446/80 
f 369/440/80 371/442/79 378/449/80 
f 379/450/80 371/442/79 370/441/79 
f 379/450/80 370/441/79 380/451/79 
f 379/450/80 380/451/79 381/452/79 
f 379/450/80 381/452/79 382/453/80 
f 379/450/80 382/454/80 373/444/79 
f 379/450/80 373/444/79 372/443/79 
f 379/450/80 372/443/79 374/445/79 
f 379/450/80 374/445/79 383/455/80 
f 379/450/80 383/455/80 384/456/80 
f 379/450/80 384/456/80 385/457/79 
f 379/450/80 385/457/79 376/447/79 
f 379/450/80 376/447/79 375/446/80 
f 379/450/80 375/446/80 377/448/80 
f 379/450/80 377/448/80 386/458/80 
f 379/450/80 386/458/80 387/459/80 
f 379/450/80 387/459/80 388/460/80 
f 379/450/80 388/460/80 378/449/80 
f 379/450/80 378/449/80 371/442/79 
s 2
f 369/440/81 378/449/81 216/280/81 
f 360/431/81 369/440/81 225/289/81 
s 4
f 359/430/82 360/431/82 251/316/82 
s 2
f 358/429/83 359/430/83 249/314/83 
s 4
f 378/449/84 388/460/84 207/271/84 
s 2
f 388/460/85 387/459/85 206/270/85 
s 4
f 387/459/86 386/458/86 205/269/86 
s 2
f 386/458/87 377/448/87 204/268/87 
s 4
f 357/428/88 358/429/88 247/312/88 
s 2
f 356/427/5 357/428/5 224/288/5 
s 4
f 368/439/89 356/427/89 215/279/89 
f 377/448/89 368/439/89 203/267/89 
s 2
f 367/438/83 376/447/83 214/278/83 
f 354/425/83 367/438/83 223/287/83 
s 4
f 376/447/90 385/457/90 201/265/90 
s 2
f 385/457/91 384/456/91 200/264/91 
s 4
f 384/456/92 383/455/92 199/263/92 
s 2
f 383/455/82 374/445/82 198/262/82 
s 4
f 365/436/93 350/421/93 212/276/93 
f 374/445/93 365/436/93 197/261/93 
f 353/424/94 354/425/94 242/307/94 
s 2
f 352/423/95 353/424/95 240/305/95 
s 4
f 351/422/89 352/423/89 238/303/89 
s 2
f 350/421/84 351/422/84 221/285/84 
f 361/432/88 343/413/88 208/272/88 
f 370/441/88 361/432/88 190/253/88 
f 364/435/95 373/444/95 211/275/95 
f 348/418/95 364/435/95 220/284/95 
s 4
f 380/451/94 370/441/94 192/255/94 
s 2
f 381/452/96 380/451/96 193/256/96 
s 4
f 382/453/97 381/452/97 194/257/97 
s 8
f 373/444/98 382/453/98 195/258/98 
s 4
f 347/417/1 348/418/1 233/461/1 
s 2
f 346/416/81 347/417/81 231/295/81 
s 4
f 345/415/93 346/416/93 229/293/93 
s 8
f 343/413/90 345/415/90 217/281/90 
s 1
f 191/254/57 190/253/58 208/272/58 
f 195/258/58 196/260/58 210/274/58 
f 196/260/58 197/261/58 212/276/58 
f 201/265/57 202/266/57 213/277/57 
f 202/266/57 203/267/57 215/279/57 
f 207/271/57 191/254/57 209/273/57 
f 209/273/57 208/272/58 217/281/57 
f 211/275/57 210/274/58 219/283/58 
f 210/274/58 212/276/58 221/285/58 
f 214/278/57 213/277/57 222/286/57 
f 213/277/57 215/279/57 224/288/58 
f 216/280/58 209/273/57 218/282/58 
f 218/282/58 217/281/57 226/290/57 
f 217/281/57 229/293/57 228/292/57 
f 229/293/57 231/295/57 230/294/57 
f 231/295/57 233/461/57 232/296/57 
f 233/297/57 220/284/57 234/298/57 
f 220/284/57 219/283/58 235/300/57 
f 219/283/58 221/285/58 236/301/58 
f 221/285/58 238/303/58 237/302/58 
f 238/303/58 240/305/57 239/304/57 
f 240/305/57 242/307/57 241/306/57 
f 242/307/57 223/287/57 243/308/57 
f 223/287/57 222/286/57 244/309/58 
f 222/286/57 224/288/58 245/310/58 
f 224/288/58 247/312/57 246/311/57 
f 247/312/57 249/314/58 248/313/58 
f 249/314/58 251/316/57 250/315/58 
f 251/316/57 225/289/58 252/317/57 
f 225/289/58 218/282/58 227/291/57 
s 8
f 227/291/59 226/290/60 253/318/60 
f 226/290/60 228/292/62 255/320/62 
f 228/292/62 230/294/63 256/321/63 
f 230/294/63 232/296/64 257/322/64 
f 232/299/64 234/298/65 258/323/65 
f 234/298/65 235/300/66 259/325/66 
f 235/300/66 236/301/67 260/326/67 
f 236/301/67 237/302/68 261/327/68 
f 237/302/68 239/304/69 262/328/69 
f 239/304/69 241/306/70 263/329/70 
f 241/306/70 243/308/71 264/330/71 
f 243/308/71 244/309/72 265/331/72 
f 244/309/72 245/310/73 266/332/73 
f 245/310/73 246/311/74 267/333/74 
f 246/311/74 248/313/75 268/334/75 
f 248/313/75 250/315/76 269/335/76 
f 250/315/76 252/317/77 270/336/77 
f 252/317/77 227/291/59 254/319/61 
f 254/319/61 253/318/60 271/337/60 
f 253/318/60 255/320/62 273/339/62 
f 255/320/62 256/321/63 274/340/63 
f 256/321/63 257/322/64 275/341/64 
f 257/324/64 258/323/65 276/342/65 
f 258/323/65 259/325/66 277/344/66 
f 259/325/66 260/326/67 278/345/67 
f 260/326/67 261/327/68 279/346/68 
f 261/327/68 262/328/69 280/347/78 
f 262/328/69 263/329/70 281/348/70 
f 263/329/70 264/330/71 282/349/71 
f 264/330/71 265/331/72 283/350/72 
f 265/331/72 266/332/73 284/351/73 
f 266/332/73 267/333/74 285/352/74 
f 267/333/74 268/334/75 286/353/75 
f 268/334/75 269/335/76 287/354/76 
f 269/335/76 270/336/77 288/355/77 
f 270/336/77 254/319/61 272/338/61 
f 272/338/61 271/337/60 289/356/60 
f 271/337/60 273/339/62 291/358/62 
f 273/339/62 274/340/63 292/359/63 
f 274/340/63 275/341/64 293/360/64 
f 275/343/64 276/342/65 294/361/65 
f 276/342/65 277/344/66 295/363/66 
f 277/344/66 278/345/67 296/364/67 
f 278/345/67 279/346/68 297/365/68 
f 279/346/68 280/347/78 298/366/78 
f 280/347/78 281/348/70 299/367/70 
f 281/348/70 282/349/71 300/368/71 
f 282/349/71 283/350/72 301/369/72 
f 283/350/72 284/351/73 302/370/73 
f 284/351/73 285/352/74 303/371/74 
f 285/352/74 286/353/75 304/372/75 
f 286/353/75 287/354/76 305/373/76 
f 287/354/76 288/355/77 306/374/77 
f 288/355/77 272/338/61 290/357/61 
f 290/357/61 289/356/60 307/375/60 
f 289/356/60 291/358/62 309/377/62 
f 291/358/62 292/359/63 310/378/63 
f 292/359/63 293/360/64 311/379/64 
f 293/362/64 294/361/65 312/380/65 
f 294/361/65 295/363/66 313/382/66 
f 295/363/66 296/364/67 314/383/67 
f 296/364/67 297/365/68 315/384/68 
f 297/365/68 298/366/78 316/385/78 
f 298/366/78 299/367/70 317/386/70 
f 299/367/70 300/368/71 318/387/71 
f 300/368/71 301/369/72 319/388/72 
f 301/369/72 302/370/73 320/389/73 
f 302/370/73 303/371/74 321/390/74 
f 303/371/74 304/372/75 322/391/75 
f 304/372/75 305/373/76 323/392/76 
f 305/373/76 306/374/77 324/393/77 
f 306/374/77 290/357/61 308/376/59 
f 308/376/59 307/375/60 325/394/60 
f 307/375/60 309/377/62 327/396/62 
f 309/377/62 310/378/63 328/397/63 
f 310/378/63 311/379/64 329/398/64 
f 311/381/64 312/380/65 330/399/65 
f 312/380/65 313/382/66 331/401/66 
f 313/382/66 314/383/67 332/402/67 
f 314/383/67 315/384/68 333/403/68 
f 315/384/68 316/385/78 334/404/69 
f 316/385/78 317/386/70 335/405/70 
f 317/386/70 318/387/71 336/406/71 
f 318/387/71 319/388/72 337/407/72 
f 319/388/72 320/389/73 338/408/73 
f 320/389/73 321/390/74 339/409/74 
f 321/390/74 322/391/75 340/410/75 
f 322/391/75 323/392/76 341/411/76 
f 323/392/76 324/393/77 342/412/77 
f 324/393/77 308/376/59 326/395/59 
s 1
f 326/395/79 325/394/80 343/413/79 
f 325/394/80 327/396/79 345/415/80 
f 327/396/79 328/397/79 346/416/79 
f 328/397/79 329/398/80 347/417/80 
f 329/400/80 330/399/79 348/418/80 
f 330/399/79 331/401/79 349/420/80 
f 331/401/79 332/402/79 350/421/79 
f 332/402/79 333/403/79 351/422/79 
f 333/403/79 334/404/80 352/423/80 
f 334/404/80 335/405/79 353/424/79 
f 335/405/79 336/406/80 354/425/79 
f 336/406/80 337/407/80 355/426/80 
f 337/407/80 338/408/80 356/427/80 
f 338/408/80 339/409/80 357/428/80 
f 339/409/80 340/410/80 358/429/80 
f 340/410/80 341/411/79 359/430/79 
f 341/411/79 342/412/80 360/431/80 
f 342/412/80 326/395/79 344/414/79 
f 344/414/79 343/413/79 361/432/79 
f 348/418/80 349/420/80 363/434/80 
f 349/420/80 350/421/79 365/436/80 
f 354/425/79 355/426/80 366/437/80 
f 355/426/80 356/427/80 368/439/79 
f 360/431/80 344/414/79 362/433/80 
f 362/433/80 361/432/79 370/441/79 
f 364/435/80 363/434/80 372/443/79 
f 363/434/80 365/436/80 374/445/79 
f 367/438/80 366/437/80 375/446/80 
f 366/437/80 368/439/79 377/448/80 
f 369/440/80 362/433/80 371/442/79 
s 2
f 378/449/81 207/271/81 216/280/81 
f 369/440/81 216/280/81 225/289/81 
s 4
f 360/431/82 225/289/82 251/316/82 
s 2
f 359/430/83 251/316/83 249/314/83 
s 4
f 388/460/84 206/270/84 207/271/84 
s 2
f 387/459/85 205/269/85 206/270/85 
s 4
f 386/458/86 204/268/86 205/269/86 
s 2
f 377/448/87 203/267/87 204/268/87 
s 4
f 358/429/88 249/314/88 247/312/88 
s 2
f 357/428/5 247/312/5 224/288/5 
s 4
f 356/427/89 224/288/89 215/279/89 
f 368/439/89 215/279/89 203/267/89 
s 2
f 376/447/83 201/265/83 214/278/83 
f 367/438/83 214/278/83 223/287/83 
s 4
f 385/457/90 200/264/90 201/265/90 
s 2
f 384/456/91 199/263/91 200/264/91 
s 4
f 383/455/92 198/262/92 199/263/92 
s 2
f 374/445/82 197/261/82 198/262/82 
s 4
f 350/421/93 221/285/93 212/276/93 
f 365/436/93 212/276/93 197/261/93 
f 354/425/94 223/287/94 242/307/94 
s 2
f 353/424/95 242/307/95 240/305/95 
s 4
f 352/423/89 240/305/89 238/303/89 
s 2
f 351/422/84 238/303/84 221/285/84 
f 343/413/88 217/281/88 208/272/88 
f 361/432/88 208/272/88 190/253/88 
f 373/444/95 195/258/95 211/275/95 
f 364/435/95 211/275/95 220/284/95 
s 4
f 370/441/94 190/253/94 192/255/94 
s 2
f 380/451/96 192/255/96 193/256/96 
s 4
f 381/452/97 193/256/97 194/257/97 
s 8
f 382/453/98 194/257/98 195/258/98 
s 4
f 348/418/1 220/284/1 233/461/1 
s 2
f 347/417/81 233/461/81 231/295/81 
s 4
f 346/416/93 231/295/93 229/293/93 
s 8
f 345/415/90 229/293/90 217/281/90 
s 1
f 389/462/99 390/463/100 391/464/99 
f 389/462/99 392/465/101 390/463/100 
f 389/462/99 393/466/99 392/465/101 
f 389/462/99 394/467/100 393/466/99 
f 389/462/99 395/468/99 394/469/100 
f 389/462/99 396/470/100 395/468/99 
f 389/462/99 397/471/102 396/470/100 
f 389/462/99 398/472/100 397/471/102 
f 389/462/99 399/473/99 398/472/100 
f 389/462/99 400/474/100 399/473/99 
f 389/462/99 401/475/101 400/474/100 
f 389/462/99 402/476/99 401/475/101 
f 389/462/99 403/477/100 402/476/99 
f 389/462/99 404/478/99 403/477/100 
f 389/462/99 405/479/100 404/478/99 
f 389/462/99 406/480/102 405/479/100 
f 389/462/99 407/481/100 406/480/102 
f 389/462/99 391/464/99 407/481/100 
f 391/464/99 408/482/99 409/483/100 
f 390/463/100 410/484/99 408/482/99 
f 392/465/101 411/485/100 410/484/99 
f 393/466/99 412/486/99 411/485/100 
f 394/469/100 413/487/100 412/488/99 
f 395/468/99 414/489/99 413/487/100 
f 396/470/100 415/490/99 414/489/99 
f 397/471/102 416/491/100 415/490/99 
f 398/472/100 417/492/100 416/491/100 
f 399/473/99 418/493/99 417/492/100 
f 400/474/100 419/494/99 418/493/99 
f 401/475/101 420/495/100 419/494/99 
f 402/476/99 421/496/99 420/495/100 
f 403/477/100 422/497/100 421/496/99 
f 404/478/99 423/498/99 422/497/100 
f 405/479/100 424/499/99 423/498/99 
f 406/480/102 425/500/100 424/499/99 
f 407/481/100 409/483/100 425/500/100 
f 409/483/100 426/501/100 427/502/100 
f 408/482/99 428/503/102 426/501/100 
f 410/484/99 429/504/100 428/503/102 
f 411/485/100 430/505/99 429/504/100 
f 412/488/99 431/506/100 430/507/99 
f 413/487/100 432/508/99 431/506/100 
f 414/489/99 433/509/99 432/508/99 
f 415/490/99 434/510/99 433/509/99 
f 416/491/100 435/511/100 434/510/99 
f 417/492/100 436/512/100 435/511/100 
f 418/493/99 437/513/102 436/512/100 
f 419/494/99 438/514/100 437/513/102 
f 420/495/100 439/515/99 438/514/100 
f 421/496/99 440/516/100 439/515/99 
f 422/497/100 441/517/99 440/516/100 
f 423/498/99 442/518/99 441/517/99 
f 424/499/99 443/519/99 442/518/99 
f 425/500/100 427/502/100 443/519/99 
f 427/502/100 444/520/100 445/521/99 
f 426/501/100 446/522/102 444/520/100 
f 428/503/102 447/523/102 446/522/102 
f 429/504/100 448/524/100 447/523/102 
f 430/507/99 449/525/100 448/526/100 
f 431/506/100 450/527/101 449/525/100 
f 432/508/99 451/528/101 450/527/101 
f 433/509/99 452/529/99 451/528/101 
f 434/510/99 453/530/99 452/529/99 
f 435/511/100 454/531/100 453/530/99 
f 436/512/100 455/532/102 454/531/100 
f 437/513/102 456/533/102 455/532/102 
f 438/514/100 457/534/100 456/533/102 
f 439/515/99 458/535/100 457/534/100 
f 440/516/100 459/536/101 458/535/100 
f 441/517/99 460/537/101 459/536/101 
f 442/518/99 461/538/99 460/537/101 
f 443/519/99 445/521/99 461/538/99 
s 8
f 445/521/103 462/539/104 463/540/103 
f 444/520/105 464/541/106 462/539/104 
f 446/522/106 465/542/107 464/541/106 
f 447/523/107 466/543/108 465/542/107 
f 448/526/108 467/544/109 466/545/108 
f 449/525/109 468/546/110 467/544/109 
f 450/527/110 469/547/111 468/546/110 
f 451/528/111 470/548/112 469/547/111 
f 452/529/112 471/549/113 470/548/112 
f 453/530/113 472/550/114 471/549/113 
f 454/531/114 473/551/115 472/550/114 
f 455/532/115 474/552/116 473/551/115 
f 456/533/116 475/553/117 474/552/116 
f 457/534/117 476/554/118 475/553/117 
f 458/535/118 477/555/119 476/554/118 
f 459/536/119 478/556/120 477/555/119 
f 460/537/120 479/557/121 478/556/120 
f 461/538/121 463/540/103 479/557/121 
f 463/540/103 480/558/104 481/559/122 
f 462/539/104 482/560/106 480/558/104 
f 464/541/106 483/561/107 482/560/106 
f 465/542/107 484/562/108 483/561/107 
f 466/545/108 485/563/109 484/564/108 
f 467/544/109 486/565/110 485/563/109 
f 468/546/110 487/566/111 486/565/110 
f 469/547/111 488/567/112 487/566/111 
f 470/548/112 489/568/123 488/567/112 
f 471/549/113 490/569/114 489/568/123 
f 472/550/114 491/570/115 490/569/114 
f 473/551/115 492/571/116 491/570/115 
f 474/552/116 493/572/117 492/571/116 
f 475/553/117 494/573/118 493/572/117 
f 476/554/118 495/574/119 494/573/118 
f 477/555/119 496/575/120 495/574/119 
f 478/556/120 497/576/121 496/575/120 
f 479/557/121 481/559/122 497/576/121 
f 481/559/122 498/577/104 499/578/122 
f 480/558/104 500/579/106 498/577/104 
f 482/560/106 501/580/107 500/579/106 
f 483/561/107 502/581/108 501/580/107 
f 484/564/108 503/582/109 502/583/108 
f 485/563/109 504/584/110 503/582/109 
f 486/565/110 505/585/111 504/584/110 
f 487/566/111 506/586/112 505/585/111 
f 488/567/112 507/587/113 506/586/112 
f 489/568/123 508/588/114 507/587/113 
f 490/569/114 509/589/115 508/588/114 
f 491/570/115 510/590/116 509/589/115 
f 492/571/116 511/591/117 510/590/116 
f 493/572/117 512/592/118 511/591/117 
f 494/573/118 513/593/119 512/592/118 
f 495/574/119 514/594/120 513/593/119 
f 496/575/120 515/595/121 514/594/120 
f 497/576/121 499/578/122 515/595/121 
f 499/578/122 516/596/104 517/597/122 
f 498/577/104 518/598/106 516/596/104 
f 500/579/106 519/599/107 518/598/106 
f 501/580/107 520/600/108 519/599/107 
f 502/583/108 521/601/109 520/602/108 
f 503/582/109 522/603/110 521/601/109 
f 504/584/110 523/604/111 522/603/110 
f 505/585/111 524/605/112 523/604/111 
f 506/586/112 525/606/123 524/605/112 
f 507/587/113 526/607/114 525/606/123 
f 508/588/114 527/608/115 526/607/114 
f 509/589/115 528/609/116 527/608/115 
f 510/590/116 529/610/117 528/609/116 
f 511/591/117 530/611/118 529/610/117 
f 512/592/118 531/612/119 530/611/118 
f 513/593/119 532/613/120 531/612/119 
f 514/594/120 533/614/121 532/613/120 
f 515/595/121 517/597/122 533/614/121 
f 517/597/122 534/615/104 535/616/103 
f 516/596/104 536/617/106 534/615/104 
f 518/598/106 537/618/107 536/617/106 
f 519/599/107 538/619/108 537/618/107 
f 520/602/108 539/620/109 538/621/108 
f 521/601/109 540/622/110 539/620/109 
f 522/603/110 541/623/111 540/622/110 
f 523/604/111 542/624/112 541/623/111 
f 524/605/112 543/625/113 542/624/112 
f 525/606/123 544/626/114 543/625/113 
f 526/607/114 545/627/115 544/626/114 
f 527/608/115 546/628/116 545/627/115 
f 528/609/116 547/629/117 546/628/116 
f 529/610/117 548/630/118 547/629/117 
f 530/611/118 549/631/119 548/630/118 
f 531/612/119 550/632/120 549/631/119 
f 532/613/120 551/633/121 550/632/120 
f 533/614/121 535/616/103 551/633/121 
s 1
f 535/616/124 552/634/124 553/635/124 
f 534/615/124 554/636/124 552/634/124 
f 536/617/124 555/637/124 554/636/124 
f 537/618/125 556/638/124 555/637/124 
f 538/621/124 557/639/125 556/640/124 
f 539/620/124 558/641/125 557/639/125 
f 540/622/126 559/642/125 558/641/125 
f 541/623/125 560/643/124 559/642/125 
f 542/624/125 561/644/125 560/643/124 
f 543/625/125 562/645/124 561/644/125 
f 544/626/124 563/646/124 562/645/124 
f 545/627/125 564/647/124 563/646/124 
f 546/628/125 565/648/125 564/647/124 
f 547/629/125 566/649/124 565/648/125 
f 548/630/124 567/650/125 566/649/124 
f 549/631/125 568/651/125 567/650/125 
f 550/632/125 569/652/125 568/651/125 
f 551/633/125 553/635/124 569/652/125 
f 553/635/124 570/653/127 571/654/124 
f 552/634/124 572/655/125 570/653/127 
f 554/636/124 573/656/126 572/655/125 
f 555/637/124 574/657/124 573/656/126 
f 556/640/124 575/658/125 574/659/124 
f 557/639/125 576/660/125 575/658/125 
f 558/641/125 577/661/124 576/660/125 
f 559/642/125 578/662/125 577/661/124 
f 560/643/124 579/663/124 578/662/125 
f 561/644/125 580/664/124 579/663/124 
f 562/645/124 581/665/125 580/664/124 
f 563/646/124 582/666/124 581/665/125 
f 564/647/124 583/667/124 582/666/124 
f 565/648/125 584/668/125 583/667/124 
f 566/649/124 585/669/125 584/668/125 
f 567/650/125 586/670/124 585/669/125 
f 568/651/125 587/671/125 586/670/124 
f 569/652/125 571/654/124 587/671/125 
f 571/654/124 588/672/124 589/673/126 
f 570/653/127 590/674/125 588/672/124 
f 572/655/125 591/675/125 590/674/125 
f 573/656/126 592/676/125 591/675/125 
f 574/659/124 593/677/125 592/678/125 
f 575/658/125 594/679/124 593/677/125 
f 576/660/125 595/680/124 594/679/124 
f 577/661/124 596/681/125 595/680/124 
f 578/662/125 597/682/124 596/681/125 
f 579/663/124 598/683/124 597/682/124 
f 580/664/124 599/684/125 598/683/124 
f 581/665/125 600/685/125 599/684/125 
f 582/666/124 601/686/124 600/685/125 
f 583/667/124 602/687/124 601/686/124 
f 584/668/125 603/688/124 602/687/124 
f 585/669/125 604/689/124 603/688/124 
f 586/670/124 605/690/127 604/689/124 
f 587/671/125 589/673/126 605/690/127 
f 606/691/125 589/673/126 588/672/124 
f 606/691/125 588/672/124 590/674/125 
f 606/691/125 590/674/125 591/675/125 
f 606/691/125 591/675/125 592/676/125 
f 606/691/125 592/678/125 593/677/125 
f 606/691/125 593/677/125 594/679/124 
f 606/691/125 594/679/124 595/680/124 
f 606/691/125 595/680/124 596/681/125 
f 606/691/125 596/681/125 597/682/124 
f 606/691/125 597/682/124 598/683/124 
f 606/691/125 598/683/124 599/684/125 
f 606/691/125 599/684/125 600/685/125 
f 606/691/125 600/685/125 601/686/124 
f 606/691/125 601/686/124 602/687/124 
f 606/691/125 602/687/124 603/688/124 
f 606/691/125 603/688/124 604/689/124 
f 606/691/125 604/689/124 605/690/127 
f 606/691/125 605/690/127 589/673/126 
f 391/464/99 390/463/100 408/482/99 
f 390/463/100 392/465/101 410/484/99 
f 392/465/101 393/466/99 411/485/100 
f 393/466/99 394/467/100 412/486/99 
f 394/469/100 395/468/99 413/487/100 
f 395/468/99 396/470/100 414/489/99 
f 396/470/100 397/471/102 415/490/99 
f 397/471/102 398/472/100 416/491/100 
f 398/472/100 399/473/99 417/492/100 
f 399/473/99 400/474/100 418/493/99 
f 400/474/100 401/475/101 419/494/99 
f 401/475/101 402/476/99 420/495/100 
f 402/476/99 403/477/100 421/496/99 
f 403/477/100 404/478/99 422/497/100 
f 404/478/99 405/479/100 423/498/99 
f 405/479/100 406/480/102 424/499/99 
f 406/480/102 407/481/100 425/500/100 
f 407/481/100 391/464/99 409/483/100 
f 409/483/100 408/482/99 426/501/100 
f 408/482/99 410/484/99 428/503/102 
f 410/484/99 411/485/100 429/504/100 
f 411/485/100 412/486/99 430/505/99 
f 412/488/99 413/487/100 431/506/100 
f 413/487/100 414/489/99 432/508/99 
f 414/489/99 415/490/99 433/509/99 
f 415/490/99 416/491/100 434/510/99 
f 416/491/100 417/492/100 435/511/100 
f 417/492/100 418/493/99 436/512/100 
f 418/493/99 419/494/99 437/513/102 
f 419/494/99 420/495/100 438/514/100 
f 420/495/100 421/496/99 439/515/99 
f 421/496/99 422/497/100 440/516/100 
f 422/497/100 423/498/99 441/517/99 
f 423/498/99 424/499/99 442/518/99 
f 424/499/99 425/500/100 443/519/99 
f 425/500/100 409/483/100 427/502/100 
f 427/502/100 426/501/100 444/520/100 
f 426/501/100 428/503/102 446/522/102 
f 428/503/102 429/504/100 447/523/102 
f 429/504/100 430/505/99 448/524/100 
f 430/507/99 431/506/100 449/525/100 
f 431/506/100 432/508/99 450/527/101 
f 432/508/99 433/509/99 451/528/101 
f 433/509/99 434/510/99 452/529/99 
f 434/510/99 435/511/100 453/530/99 
f 435/511/100 436/512/100 454/531/100 
f 436/512/100 437/513/102 455/532/102 
f 437/513/102 438/514/100 456/533/102 
f 438/514/100 439/515/99 457/534/100 
f 439/515/99 440/516/100 458/535/100 
f 440/516/100 441/517/99 459/536/101 
f 441/517/99 442/518/99 460/537/101 
f 442/518/99 443/519/99 461/538/99 
f 443/519/99 427/502/100 445/521/99 
s 8
f 445/521/103 444/520/105 462/539/104 
f 444/520/105 446/522/106 464/541/106 
f 446/522/106 447/523/107 465/542/107 
f 447/523/107 448/524/108 466/543/108 
f 448/526/108 449/525/109 467/544/109 
f 449/525/109 450/527/110 468/546/110 
f 450/527/110 451/528/111 469/547/111 
f 451/528/111 452/529/112 470/548/112 
f 452/529/112 453/530/113 471/549/113 
f 453/530/113 454/531/114 472/550/114 
f 454/531/114 455/532/115 473/551/115 
f 455/532/115 456/533/116 474/552/116 
f 456/533/116 457/534/117 475/553/117 
f 457/534/117 458/535/118 476/554/118 
f 458/535/118 459/536/119 477/555/119 
f 459/536/119 460/537/120 478/556/120 
f 460/537/120 461/538/121 479/557/121 
f 461/538/121 445/521/103 463/540/103 
f 463/540/103 462/539/104 480/558/104 
f 462/539/104 464/541/106 482/560/106 
f 464/541/106 465/542/107 483/561/107 
f 465/542/107 466/543/108 484/562/108 
f 466/545/108 467/544/109 485/563/109 
f 467/544/109 468/546/110 486/565/110 
f 468/546/110 469/547/111 487/566/111 
f 469/547/111 470/548/112 488/567/112 
f 470/548/112 471/549/113 489/568/123 
f 471/549/113 472/550/114 490/569/114 
f 472/550/114 473/551/115 491/570/115 
f 473/551/115 474/552/116 492/571/116 
f 474/552/116 475/553/117 493/572/117 
f 475/553/117 476/554/118 494/573/118 
f 476/554/118 477/555/119 495/574/119 
f 477/555/119 478/556/120 496/575/120 
f 478/556/120 479/557/121 497/576/121 
f 479/557/121 463/540/103 481/559/122 
f 481/559/122 480/558/104 498/577/104 
f 480/558/104 482/560/106 500/579/106 
f 482/560/106 483/561/107 501/580/107 
f 483/561/107 484/562/108 502/581/108 
f 484/564/108 485/563/109 503/582/109 
f 485/563/109 486/565/110 504/584/110 
f 486/565/110 487/566/111 505/585/111 
f 487/566/111 488/567/112 506/586/112 
f 488/567/112 489/568/123 507/587/113 
f 489/568/123 490/569/114 508/588/114 
f 490/569/114 491/570/115 509/589/115 
f 491/570/115 492/571/116 510/590/116 
f 492/571/116 493/572/117 511/591/117 
f 493/572/117 494/573/118 512/592/118 
f 494/573/118 495/574/119 513/593/119 
f 495/574/119 496/575/120 514/594/120 
f 496/575/120 497/576/121 515/595/121 
f 497/576/121 481/559/122 499/578/122 
f 499/578/122 498/577/104 516/596/104 
f 498/577/104 500/579/106 518/598/106 
f 500/579/106 501/580/107 519/599/107 
f 501/580/107 502/581/108 520/600/108 
f 502/583/108 503/582/109 521/601/109 
f 503/582/109 504/584/110 522/603/110 
f 504/584/110 505/585/111 523/604/111 
f 505/585/111 506/586/112 524/605/112 
f 506/586/112 507/587/113 525/606/123 
f 507/587/113 508/588/114 526/607/114 
f 508/588/114 509/589/115 527/608/115 
f 509/589/115 510/590/116 528/609/116 
f 510/590/116 511/591/117 529/610/117 
f 511/591/117 512/592/118 530/611/118 
f 512/592/118 513/593/119 531/612/119 
f 513/593/119 514/594/120 532/613/120 
f 514/594/120 515/595/121 533/614/121 
f 515/595/121 499/578/122 517/597/122 
f 517/597/122 516/596/104 534/615/104 
f 516/596/104 518/598/106 536/617/106 
f 518/598/106 519/599/107 537/618/107 
f 519/599/107 520/600/108 538/619/108 
f 520/602/108 521/601/109 539/620/109 
f 521/601/109 522/603/110 540/622/110 
f 522/603/110 523/604/111 541/623/111 
f 523/604/111 524/605/112 542/624/112 
f 524/605/112 525/606/123 543/625/113 
f 525/606/123 526/607/114 544/626/114 
f 526/607/114 527/608/115 545/627/115 
f 527/608/115 528/609/116 546/628/116 
f 528/609/116 529/610/117 547/629/117 
f 529/610/117 530/611/118 548/630/118 
f 530/611/118 531/612/119 549/631/119 
f 531/612/119 532/613/120 550/632/120 
f 532/613/120 533/614/121 551/633/121 
f 533/614/121 517/597/122 535/616/103 
s 1
f 535/616/124 534/615/124 552/634/124 
f 534/615/124 536/617/124 554/636/124 
f 536/617/124 537/618/125 555/637/124 
f 537/618/125 538/619/124 556/638/124 
f 538/621/124 539/620/124 557/639/125 
f 539/620/124 540/622/126 558/641/125 
f 540/622/126 541/623/125 559/642/125 
f 541/623/125 542/624/125 560/643/124 
f 542/624/125 543/625/125 561/644/125 
f 543/625/125 544/626/124 562/645/124 
f 544/626/124 545/627/125 563/646/124 
f 545/627/125 546/628/125 564/647/124 
f 546/628/125 547/629/125 565/648/125 
f 547/629/125 548/630/124 566/649/124 
f 548/630/124 549/631/125 567/650/125 
f 549/631/125 550/632/125 568/651/125 
f 550/632/125 551/633/125 569/652/125 
f 551/633/125 535/616/124 553/635/124 
f 553/635/124 552/634/124 570/653/127 
f 552/634/124 554/636/124 572/655/125 
f 554/636/124 555/637/124 573/656/126 
f 555/637/124 556/638/124 574/657/124 
f 556/640/124 557/639/125 575/658/125 
f 557/639/125 558/641/125 576/660/125 
f 558/641/125 559/642/125 577/661/124 
f 559/642/125 560/643/124 578/662/125 
f 560/643/124 561/644/125 579/663/124 
f 561/644/125 562/645/124 580/664/124 
f 562/645/124 563/646/124 581/665/125 
f 563/646/124 564/647/124 582/666/124 
f 564/647/124 565/648/125 583/667/124 
f 565/648/125 566/649/124 584/668/125 
f 566/649/124 567/650/125 585/669/125 
f 567/650/125 568/651/125 586/670/124 
f 568/651/125 569/652/125 587/671/125 
f 569/652/125 553/635/124 571/654/124 
f 571/654/124 570/653/127 588/672/124 
f 570/653/127 572/655/125 590/674/125 
f 572/655/125 573/656/126 591/675/125 
f 573/656/126 574/657/124 592/676/125 
f 574/659/124 575/658/125 593/677/125 
f 575/658/125 576/660/125 594/679/124 
f 576/660/125 577/661/124 595/680/124 
f 577/661/124 578/662/125 596/681/125 
f 578/662/125 579/663/124 597/682/124 
f 579/663/124 580/664/124 598/683/124 
f 580/664/124 581/665/125 599/684/125 
f 581/665/125 582/666/124 600/685/125 
f 582/666/124 583/667/124 601/686/124 
f 583/667/124 584/668/125 602/687/124 
f 584/668/125 585/669/125 603/688/124 
f 585/669/125 586/670/124 604/689/124 
f 586/670/124 587/671/125 605/690/127 
f 587/671/125 571/654/124 589/673/126 
f 607/692/128 608/693/129 609/694/129 
s 8
f 609/694/130 610/695/40 611/696/130 
f 612/697/40 613/698/41 610/695/40 
f 614/699/41 615/700/42 613/698/41 
f 616/701/42 617/702/43 615/700/42 
f 618/703/43 619/704/44 617/705/43 
f 620/706/44 621/707/45 619/704/44 
f 622/708/45 623/709/46 621/707/45 
f 624/710/46 625/711/47 623/709/46 
f 626/712/47 627/713/6 625/711/47 
f 628/714/6 629/715/49 627/713/6 
f 630/716/49 631/717/50 629/715/49 
f 632/718/50 633/719/51 631/717/50 
f 634/720/51 635/721/52 633/719/51 
f 636/722/52 637/723/53 635/721/52 
f 638/724/53 639/725/54 637/723/53 
f 640/726/54 641/727/55 639/725/54 
f 608/728/55 642/729/56 641/727/55 
f 607/730/56 611/696/130 642/729/56 
f 611/696/130 643/731/40 644/732/130 
f 610/695/40 645/733/41 643/731/40 
f 613/698/41 646/734/42 645/733/41 
f 615/700/42 647/735/43 646/734/42 
f 617/705/43 648/736/44 647/737/43 
f 619/704/44 649/738/45 648/736/44 
f 621/707/45 650/739/46 649/738/45 
f 623/709/46 651/740/47 650/739/46 
f 625/711/47 652/741/6 651/740/47 
f 627/713/6 653/742/49 652/741/6 
f 629/715/49 654/743/50 653/742/49 
f 631/717/50 655/744/51 654/743/50 
f 633/719/51 656/745/52 655/744/51 
f 635/721/52 657/746/53 656/745/52 
f 637/723/53 658/747/54 657/746/53 
f 639/725/54 659/748/55 658/747/54 
f 641/727/55 660/749/56 659/748/55 
f 642/729/56 644/732/130 660/749/56 
f 644/732/130 661/750/40 662/751/130 
f 643/731/40 663/752/41 661/750/40 
f 645/733/41 664/753/42 663/752/41 
f 646/734/42 665/754/43 664/753/42 
f 647/737/43 666/755/44 665/756/43 
f 648/736/44 667/757/45 666/755/44 
f 649/738/45 668/758/46 667/757/45 
f 650/739/46 669/759/47 668/758/46 
f 651/740/47 670/760/6 669/759/47 
f 652/741/6 671/761/49 670/760/6 
f 653/742/49 672/762/50 671/761/49 
f 654/743/50 673/763/51 672/762/50 
f 655/744/51 674/764/52 673/763/51 
f 656/745/52 675/765/53 674/764/52 
f 657/746/53 676/766/54 675/765/53 
f 658/747/54 677/767/55 676/766/54 
f 659/748/55 678/768/56 677/767/55 
f 660/749/56 662/751/130 678/768/56 
f 662/751/130 679/769/40 680/770/130 
f 661/750/40 681/771/41 679/769/40 
f 663/752/41 682/772/42 681/771/41 
f 664/753/42 683/773/43 682/772/42 
f 665/756/43 684/774/44 683/775/43 
f 666/755/44 685/776/45 684/774/44 
f 667/757/45 686/777/46 685/776/45 
f 668/758/46 687/778/47 686/777/46 
f 669/759/47 688/779/6 687/778/47 
f 670/760/6 689/780/49 688/779/6 
f 671/761/49 690/781/50 689/780/49 
f 672/762/50 691/782/51 690/781/50 
f 673/763/51 692/783/52 691/782/51 
f 674/764/52 693/784/53 692/783/52 
f 675/765/53 694/785/54 693/784/53 
f 676/766/54 695/786/55 694/785/54 
f 677/767/55 696/787/56 695/786/55 
f 678/768/56 680/770/130 696/787/56 
f 680/770/130 697/788/40 698/789/130 
f 679/769/40 699/790/41 697/788/40 
f 681/771/41 700/791/42 699/790/41 
f 682/772/42 701/792/43 700/791/42 
f 683/775/43 702/793/44 701/794/43 
f 684/774/44 703/795/45 702/793/44 
f 685/776/45 704/796/46 703/795/45 
f 686/777/46 705/797/47 704/796/46 
f 687/778/47 706/798/6 705/797/47 
f 688/779/6 707/799/49 706/798/6 
f 689/780/49 708/800/50 707/799/49 
f 690/781/50 709/801/51 708/800/50 
f 691/782/51 710/802/52 709/801/51 
f 692/783/52 711/803/53 710/802/52 
f 693/784/53 712/804/54 711/803/53 
f 694/785/54 713/805/55 712/804/54 
f 695/786/55 714/806/56 713/805/55 
f 696/787/56 698/789/130 714/806/56 
s 1
f 608/693/129 640/807/5 638/808/129 
f 638/808/129 636/809/5 634/810/5 
f 634/810/5 632/811/5 630/812/5 
f 638/808/129 634/810/5 630/812/5 
f 630/812/5 628/813/5 626/814/5 
f 626/814/5 624/815/129 622/816/5 
f 630/812/5 626/814/5 622/816/5 
f 622/816/5 620/817/5 618/818/5 
f 618/818/5 616/701/5 614/699/129 
f 622/816/5 618/818/5 614/699/129 
f 630/812/5 622/816/5 614/699/129 
f 638/808/129 630/812/5 614/699/129 
f 614/699/129 612/697/98 609/694/129 
f 638/808/129 614/699/129 609/694/129 
f 608/693/129 638/808/129 609/694/129 
s 8
f 609/694/130 612/697/40 610/695/40 
f 612/697/40 614/699/41 613/698/41 
f 614/699/41 616/701/42 615/700/42 
f 616/701/42 618/818/43 617/702/43 
f 618/703/43 620/706/44 619/704/44 
f 620/706/44 622/708/45 621/707/45 
f 622/708/45 624/710/46 623/709/46 
f 624/710/46 626/712/47 625/711/47 
f 626/712/47 628/714/6 627/713/6 
f 628/714/6 630/716/49 629/715/49 
f 630/716/49 632/718/50 631/717/50 
f 632/718/50 634/720/51 633/719/51 
f 634/720/51 636/722/52 635/721/52 
f 636/722/52 638/724/53 637/723/53 
f 638/724/53 640/726/54 639/725/54 
f 640/726/54 608/728/55 641/727/55 
f 608/728/55 607/730/56 642/729/56 
f 607/730/56 609/694/130 611/696/130 
f 611/696/130 610/695/40 643/731/40 
f 610/695/40 613/698/41 645/733/41 
f 613/698/41 615/700/42 646/734/42 
f 615/700/42 617/702/43 647/735/43 
f 617/705/43 619/704/44 648/736/44 
f 619/704/44 621/707/45 649/738/45 
f 621/707/45 623/709/46 650/739/46 
f 623/709/46 625/711/47 651/740/47 
f 625/711/47 627/713/6 652/741/6 
f 627/713/6 629/715/49 653/742/49 
f 629/715/49 631/717/50 654/743/50 
f 631/717/50 633/719/51 655/744/51 
f 633/719/51 635/721/52 656/745/52 
f 635/721/52 637/723/53 657/746/53 
f 637/723/53 639/725/54 658/747/54 
f 639/725/54 641/727/55 659/748/55 
f 641/727/55 642/729/56 660/749/56 
f 642/729/56 611/696/130 644/732/130 
f 644/732/130 643/731/40 661/750/40 
f 643/731/40 645/733/41 663/752/41 
f 645/733/41 646/734/42 664/753/42 
f 646/734/42 647/735/43 665/754/43 
f 647/737/43 648/736/44 666/755/44 
f 648/736/44 649/738/45 667/757/45 
f 649/738/45 650/739/46 668/758/46 
f 650/739/46 651/740/47 669/759/47 
f 651/740/47 652/741/6 670/760/6 
f 652/741/6 653/742/49 671/761/49 
f 653/742/49 654/743/50 672/762/50 
f 654/743/50 655/744/51 673/763/51 
f 655/744/51 656/745/52 674/764/52 
f 656/745/52 657/746/53 675/765/53 
f 657/746/53 658/747/54 676/766/54 
f 658/747/54 659/748/55 677/767/55 
f 659/748/55 660/749/56 678/768/56 
f 660/749/56 644/732/130 662/751/130 
f 662/751/130 661/750/40 679/769/40 
f 661/750/40 663/752/41 681/771/41 
f 663/752/41 664/753/42 682/772/42 
f 664/753/42 665/754/43 683/773/43 
f 665/756/43 666/755/44 684/774/44 
f 666/755/44 667/757/45 685/776/45 
f 667/757/45 668/758/46 686/777/46 
f 668/758/46 669/759/47 687/778/47 
f 669/759/47 670/760/6 688/779/6 
f 670/760/6 671/761/49 689/780/49 
f 671/761/49 672/762/50 690/781/50 
f 672/762/50 673/763/51 691/782/51 
f 673/763/51 674/764/52 692/783/52 
f 674/764/52 675/765/53 693/784/53 
f 675/765/53 676/766/54 694/785/54 
f 676/766/54 677/767/55 695/786/55 
f 677/767/55 678/768/56 696/787/56 
f 678/768/56 662/751/130 680/770/130 
f 680/770/130 679/769/40 697/788/40 
f 679/769/40 681/771/41 699/790/41 
f 681/771/41 682/772/42 700/791/42 
f 682/772/42 683/773/43 701/792/43 
f 683/775/43 684/774/44 702/793/44 
f 684/774/44 685/776/45 703/795/45 
f 685/776/45 686/777/46 704/796/46 
f 686/777/46 687/778/47 705/797/47 
f 687/778/47 688/779/6 706/798/6 
f 688/779/6 689/780/49 707/799/49 
f 689/780/49 690/781/50 708/800/50 
f 690/781/50 691/782/51 709/801/51 
f 691/782/51 692/783/52 710/802/52 
f 692/783/52 693/784/53 711/803/53 
f 693/784/53 694/785/54 712/804/54 
f 694/785/54 695/786/55 713/805/55 
f 695/786/55 696/787/56 714/806/56 
f 696/787/56 680/770/130 698/789/130 
f 715/819/4 716/820/40 717/821/4 
f 718/822/40 719/823/41 716/820/40 
f 720/824/41 721/825/42 719/823/41 
f 722/826/42 723/827/43 721/825/42 
f 724/828/43 725/829/44 723/830/43 
f 726/831/44 727/832/45 725/829/44 
f 728/833/45 729/834/46 727/832/45 
f 730/835/46 731/836/47 729/834/46 
f 732/837/47 733/838/6 731/836/47 
f 734/839/6 735/840/49 733/838/6 
f 736/841/49 737/842/50 735/840/49 
f 738/843/50 739/844/51 737/842/50 
f 740/845/51 741/846/52 739/844/51 
f 742/847/52 743/848/53 741/846/52 
f 744/849/53 745/850/54 743/848/53 
f 746/851/54 747/852/55 745/850/54 
f 748/853/55 749/854/56 747/852/55 
f 750/855/56 717/821/4 749/854/56 
f 717/821/4 751/856/40 752/857/4 
f 716/820/40 753/858/41 751/856/40 
f 719/823/41 754/859/42 753/858/41 
f 721/825/42 755/860/43 754/859/42 
f 723/830/43 756/861/44 755/862/43 
f 725/829/44 757/863/45 756/861/44 
f 727/832/45 758/864/46 757/863/45 
f 729/834/46 759/865/47 758/864/46 
f 731/836/47 760/866/6 759/865/47 
f 733/838/6 761/867/49 760/866/6 
f 735/840/49 762/868/50 761/867/49 
f 737/842/50 763/869/51 762/868/50 
f 739/844/51 764/870/52 763/869/51 
f 741/846/52 765/871/53 764/870/52 
f 743/848/53 766/872/54 765/871/53 
f 745/850/54 767/873/55 766/872/54 
f 747/852/55 768/874/56 767/873/55 
f 749/854/56 752/857/4 768/874/56 
f 752/857/4 769/875/40 770/876/4 
f 751/856/40 771/877/41 769/875/40 
f 753/858/41 772/878/42 771/877/41 
f 754/859/42 773/879/43 772/878/42 
f 755/862/43 774/880/44 773/881/43 
f 756/861/44 775/882/45 774/880/44 
f 757/863/45 776/883/46 775/882/45 
f 758/864/46 777/884/47 776/883/46 
f 759/865/47 778/885/6 777/884/47 
f 760/866/6 779/886/49 778/885/6 
f 761/867/49 780/887/50 779/886/49 
f 762/868/50 781/888/51 780/887/50 
f 763/869/51 782/889/52 781/888/51 
f 764/870/52 783/890/53 782/889/52 
f 765/871/53 784/891/54 783/890/53 
f 766/872/54 785/892/55 784/891/54 
f 767/873/55 786/893/56 785/892/55 
f 768/874/56 770/876/4 786/893/56 
f 770/876/4 787/894/40 788/895/4 
f 769/875/40 789/896/41 787/894/40 
f 771/877/41 790/897/42 789/896/41 
f 772/878/42 791/898/43 790/897/42 
f 773/881/43 792/899/44 791/900/43 
f 774/880/44 793/901/45 792/899/44 
f 775/882/45 794/902/46 793/901/45 
f 776/883/46 795/903/47 794/902/46 
f 777/884/47 796/904/48 795/903/47 
f 778/885/6 797/905/49 796/904/48 
f 779/886/49 798/906/50 797/905/49 
f 780/887/50 799/907/51 798/906/50 
f 781/888/51 800/908/52 799/907/51 
f 782/889/52 801/909/53 800/908/52 
f 783/890/53 802/910/54 801/909/53 
f 784/891/54 803/911/55 802/910/54 
f 785/892/55 804/912/56 803/911/55 
f 786/893/56 788/895/4 804/912/56 
f 788/895/4 805/913/40 806/914/4 
f 787/894/40 807/915/41 805/913/40 
f 789/896/41 808/916/42 807/915/41 
f 790/897/42 809/917/43 808/916/42 
f 791/900/43 810/918/44 809/919/43 
f 792/899/44 811/920/45 810/918/44 
f 793/901/45 812/921/46 811/920/45 
f 794/902/46 813/922/47 812/921/46 
f 795/903/47 814/923/6 813/922/47 
f 796/904/48 815/924/49 814/923/6 
f 797/905/49 816/925/50 815/924/49 
f 798/906/50 817/926/51 816/925/50 
f 799/907/51 818/927/52 817/926/51 
f 800/908/52 819/928/53 818/927/52 
f 801/909/53 820/929/54 819/928/53 
f 802/910/54 821/930/55 820/929/54 
f 803/911/55 822/931/56 821/930/55 
f 804/912/56 806/914/4 822/931/56 
s 1
f 822/931/131 806/914/87 821/932/131 
s 8
f 715/819/4 718/822/40 716/820/40 
f 718/822/40 720/824/41 719/823/41 
f 720/824/41 722/826/42 721/825/42 
f 722/826/42 724/933/43 723/827/43 
f 724/828/43 726/831/44 725/829/44 
f 726/831/44 728/833/45 727/832/45 
f 728/833/45 730/835/46 729/834/46 
f 730/835/46 732/837/47 731/836/47 
f 732/837/47 734/839/6 733/838/6 
f 734/839/6 736/841/49 735/840/49 
f 736/841/49 738/843/50 737/842/50 
f 738/843/50 740/845/51 739/844/51 
f 740/845/51 742/847/52 741/846/52 
f 742/847/52 744/849/53 743/848/53 
f 744/849/53 746/851/54 745/850/54 
f 746/851/54 748/853/55 747/852/55 
f 748/853/55 750/855/56 749/854/56 
f 750/855/56 715/819/4 717/821/4 
f 717/821/4 716/820/40 751/856/40 
f 716/820/40 719/823/41 753/858/41 
f 719/823/41 721/825/42 754/859/42 
f 721/825/42 723/827/43 755/860/43 
f 723/830/43 725/829/44 756/861/44 
f 725/829/44 727/832/45 757/863/45 
f 727/832/45 729/834/46 758/864/46 
f 729/834/46 731/836/47 759/865/47 
f 731/836/47 733/838/6 760/866/6 
f 733/838/6 735/840/49 761/867/49 
f 735/840/49 737/842/50 762/868/50 
f 737/842/50 739/844/51 763/869/51 
f 739/844/51 741/846/52 764/870/52 
f 741/846/52 743/848/53 765/871/53 
f 743/848/53 745/850/54 766/872/54 
f 745/850/54 747/852/55 767/873/55 
f 747/852/55 749/854/56 768/874/56 
f 749/854/56 717/821/4 752/857/4 
f 752/857/4 751/856/40 769/875/40 
f 751/856/40 753/858/41 771/877/41 
f 753/858/41 754/859/42 772/878/42 
f 754/859/42 755/860/43 773/879/43 
f 755/862/43 756/861/44 774/880/44 
f 756/861/44 757/863/45 775/882/45 
f 757/863/45 758/864/46 776/883/46 
f 758/864/46 759/865/47 777/884/47 
f 759/865/47 760/866/6 778/885/6 
f 760/866/6 761/867/49 779/886/49 
f 761/867/49 762/868/50 780/887/50 
f 762/868/50 763/869/51 781/888/51 
f 763/869/51 764/870/52 782/889/52 
f 764/870/52 765/871/53 783/890/53 
f 765/871/53 766/872/54 784/891/54 
f 766/872/54 767/873/55 785/892/55 
f 767/873/55 768/874/56 786/893/56 
f 768/874/56 752/857/4 770/876/4 
f 770/876/4 769/875/40 787/894/40 
f 769/875/40 771/877/41 789/896/41 
f 771/877/41 772/878/42 790/897/42 
f 772/878/42 773/879/43 791/898/43 
f 773/881/43 774/880/44 792/899/44 
f 774/880/44 775/882/45 793/901/45 
f 775/882/45 776/883/46 794/902/46 
f 776/883/46 777/884/47 795/903/47 
f 777/884/47 778/885/6 796/904/48 
f 778/885/6 779/886/49 797/905/49 
f 779/886/49 780/887/50 798/906/50 
f 780/887/50 781/888/51 799/907/51 
f 781/888/51 782/889/52 800/908/52 
f 782/889/52 783/890/53 801/909/53 
f 783/890/53 784/891/54 802/910/54 
f 784/891/54 785/892/55 803/911/55 
f 785/892/55 786/893/56 804/912/56 
f 786/893/56 770/876/4 788/895/4 
f 788/895/4 787/894/40 805/913/40 
f 787/894/40 789/896/41 807/915/41 
f 789/896/41 790/897/42 808/916/42 
f 790/897/42 791/898/43 809/917/43 
f 791/900/43 792/899/44 810/918/44 
f 792/899/44 793/901/45 811/920/45 
f 793/901/45 794/902/46 812/921/46 
f 794/902/46 795/903/47 813/922/47 
f 795/903/47 796/904/48 814/923/6 
f 796/904/48 797/905/49 815/924/49 
f 797/905/49 798/906/50 816/925/50 
f 798/906/50 799/907/51 817/926/51 
f 799/907/51 800/908/52 818/927/52 
f 800/908/52 801/909/53 819/928/53 
f 801/909/53 802/910/54 820/929/54 
f 802/910/54 803/911/55 821/930/55 
f 803/911/55 804/912/56 822/931/56 
f 804/912/56 788/895/4 806/914/4 
s 1
f 806/914/87 805/913/1 807/915/87 
f 807/915/87 808/916/1 809/917/1 
f 809/917/1 810/934/1 811/935/131 
f 807/915/87 809/917/1 811/935/131 
f 811/935/131 812/936/1 813/937/131 
f 813/937/131 814/938/131 815/939/131 
f 811/935/131 813/937/131 815/939/131 
f 815/939/131 816/940/1 817/941/1 
f 817/941/1 818/942/1 819/943/87 
f 815/939/131 817/941/1 819/943/87 
f 811/935/131 815/939/131 819/943/87 
f 807/915/87 811/935/131 819/943/87 
f 819/943/87 820/944/1 821/932/131 
f 807/915/87 819/943/87 821/932/131 
f 806/914/87 807/915/87 821/932/131 
s 8
f 823/945/4 824/946/40 825/947/4 
f 826/948/40 827/949/41 824/946/40 
f 828/950/41 829/951/42 827/949/41 
f 830/952/42 831/953/43 829/951/42 
f 832/954/43 833/955/44 831/956/43 
f 834/957/44 835/958/45 833/955/44 
f 836/959/45 837/960/46 835/958/45 
f 838/961/46 839/962/47 837/960/46 
f 840/963/47 841/964/6 839/962/47 
f 842/965/48 843/966/49 841/964/6 
f 844/967/49 845/968/50 843/966/49 
f 846/969/50 847/970/51 845/968/50 
f 848/971/51 849/972/52 847/970/51 
f 850/973/52 851/974/53 849/972/52 
f 852/975/53 853/976/54 851/974/53 
f 854/977/54 855/978/55 853/976/54 
f 856/979/55 857/980/56 855/978/55 
f 858/981/56 825/947/4 857/980/56 
f 825/947/4 859/982/40 860/983/4 
f 824/946/40 861/984/41 859/982/40 
f 827/949/41 862/985/42 861/984/41 
f 829/951/42 863/986/43 862/985/42 
f 831/956/43 864/987/44 863/988/43 
f 833/955/44 865/989/45 864/987/44 
f 835/958/45 866/990/46 865/989/45 
f 837/960/46 867/991/47 866/990/46 
f 839/962/47 868/992/6 867/991/47 
f 841/964/6 869/993/49 868/992/6 
f 843/966/49 870/994/50 869/993/49 
f 845/968/50 871/995/51 870/994/50 
f 847/970/51 872/996/52 871/995/51 
f 849/972/52 873/997/53 872/996/52 
f 851/974/53 874/998/54 873/997/53 
f 853/976/54 875/999/55 874/998/54 
f 855/978/55 876/1000/56 875/999/55 
f 857/980/56 860/983/4 876/1000/56 
f 860/983/4 877/1001/40 878/1002/4 
f 859/982/40 879/1003/41 877/1001/40 
f 861/984/41 880/1004/42 879/1003/41 
f 862/985/42 881/1005/43 880/1004/42 
f 863/988/43 882/1006/44 881/1007/43 
f 864/987/44 883/1008/45 882/1006/44 
f 865/989/45 884/1009/46 883/1008/45 
f 866/990/46 885/1010/47 884/1009/46 
f 867/991/47 886/1011/48 885/1010/47 
f 868/992/6 887/1012/49 886/1011/48 
f 869/993/49 888/1013/50 887/1012/49 
f 870/994/50 889/1014/51 888/1013/50 
f 871/995/51 890/1015/52 889/1014/51 
f 872/996/52 891/1016/53 890/1015/52 
f 873/997/53 892/1017/54 891/1016/53 
f 874/998/54 893/1018/55 892/1017/54 
f 875/999/55 894/1019/56 893/1018/55 
f 876/1000/56 878/1002/4 894/1019/56 
f 878/1002/4 895/1020/40 896/1021/4 
f 877/1001/40 897/1022/41 895/1020/40 
f 879/1003/41 898/1023/42 897/1022/41 
f 880/1004/42 899/1024/43 898/1023/42 
f 881/1007/43 900/1025/44 899/1026/43 
f 882/1006/44 901/1027/45 900/1025/44 
f 883/1008/45 902/1028/46 901/1027/45 
f 884/1009/46 903/1029/47 902/1028/46 
f 885/1010/47 904/1030/6 903/1029/47 
f 886/1011/48 905/1031/49 904/1030/6 
f 887/1012/49 906/1032/50 905/1031/49 
f 888/1013/50 907/1033/51 906/1032/50 
f 889/1014/51 908/1034/52 907/1033/51 
f 890/1015/52 909/1035/53 908/1034/52 
f 891/1016/53 910/1036/54 909/1035/53 
f 892/1017/54 911/1037/55 910/1036/54 
f 893/1018/55 912/1038/56 911/1037/55 
f 894/1019/56 896/1021/4 912/1038/56 
f 896/1021/4 913/1039/40 914/1040/4 
f 895/1020/40 915/1041/41 913/1039/40 
f 897/1022/41 916/1042/42 915/1041/41 
f 898/1023/42 917/1043/43 916/1042/42 
f 899/1026/43 918/1044/44 917/1045/43 
f 900/1025/44 919/1046/45 918/1044/44 
f 901/1027/45 920/1047/46 919/1046/45 
f 902/1028/46 921/1048/47 920/1047/46 
f 903/1029/47 922/1049/48 921/1048/47 
f 904/1030/6 923/1050/49 922/1049/48 
f 905/1031/49 924/1051/50 923/1050/49 
f 906/1032/50 925/1052/51 924/1051/50 
f 907/1033/51 926/1053/52 925/1052/51 
f 908/1034/52 927/1054/53 926/1053/52 
f 909/1035/53 928/1055/54 927/1054/53 
f 910/1036/54 929/1056/55 928/1055/54 
f 911/1037/55 930/1057/56 929/1056/55 
f 912/1038/56 914/1040/4 930/1057/56 
s 1
f 930/1057/1 914/1040/1 929/1058/132 
s 8
f 823/945/4 826/948/40 824/946/40 
f 826/948/40 828/950/41 827/949/41 
f 828/950/41 830/952/42 829/951/42 
f 830/952/42 832/1059/43 831/953/43 
f 832/954/43 834/957/44 833/955/44 
f 834/957/44 836/959/45 835/958/45 
f 836/959/45 838/961/46 837/960/46 
f 838/961/46 840/963/47 839/962/47 
f 840/963/47 842/965/48 841/964/6 
f 842/965/48 844/967/49 843/966/49 
f 844/967/49 846/969/50 845/968/50 
f 846/969/50 848/971/51 847/970/51 
f 848/971/51 850/973/52 849/972/52 
f 850/973/52 852/975/53 851/974/53 
f 852/975/53 854/977/54 853/976/54 
f 854/977/54 856/979/55 855/978/55 
f 856/979/55 858/981/56 857/980/56 
f 858/981/56 823/945/4 825/947/4 
f 825/947/4 824/946/40 859/982/40 
f 824/946/40 827/949/41 861/984/41 
f 827/949/41 829/951/42 862/985/42 
f 829/951/42 831/953/43 863/986/43 
f 831/956/43 833/955/44 864/987/44 
f 833/955/44 835/958/45 865/989/45 
f 835/958/45 837/960/46 866/990/46 
f 837/960/46 839/962/47 867/991/47 
f 839/962/47 841/964/6 868/992/6 
f 841/964/6 843/966/49 869/993/49 
f 843/966/49 845/968/50 870/994/50 
f 845/968/50 847/970/51 871/995/51 
f 847/970/51 849/972/52 872/996/52 
f 849/972/52 851/974/53 873/997/53 
f 851/974/53 853/976/54 874/998/54 
f 853/976/54 855/978/55 875/999/55 
f 855/978/55 857/980/56 876/1000/56 
f 857/980/56 825/947/4 860/983/4 
f 860/983/4 859/982/40 877/1001/40 
f 859/982/40 861/984/41 879/1003/41 
f 861/984/41 862/985/42 880/1004/42 
f 862/985/42 863/986/43 881/1005/43 
f 863/988/43 864/987/44 882/1006/44 
f 864/987/44 865/989/45 883/1008/45 
f 865/989/45 866/990/46 884/1009/46 
f 866/990/46 867/991/47 885/1010/47 
f 867/991/47 868/992/6 886/1011/48 
f 868/992/6 869/993/49 887/1012/49 
f 869/993/49 870/994/50 888/1013/50 
f 870/994/50 871/995/51 889/1014/51 
f 871/995/51 872/996/52 890/1015/52 
f 872/996/52 873/997/53 891/1016/53 
f 873/997/53 874/998/54 892/1017/54 
f 874/998/54 875/999/55 893/1018/55 
f 875/999/55 876/1000/56 894/1019/56 
f 876/1000/56 860/983/4 878/1002/4 
f 878/1002/4 877/1001/40 895/1020/40 
f 877/1001/40 879/1003/41 897/1022/41 
f 879/1003/41 880/1004/42 898/1023/42 
f 880/1004/42 881/1005/43 899/1024/43 
f 881/1007/43 882/1006/44 900/1025/44 
f 882/1006/44 883/1008/45 901/1027/45 
f 883/1008/45 884/1009/46 902/1028/46 
f 884/1009/46 885/1010/47 903/1029/47 
f 885/1010/47 886/1011/48 904/1030/6 
f 886/1011/48 887/1012/49 905/1031/49 
f 887/1012/49 888/1013/50 906/1032/50 
f 888/1013/50 889/1014/51 907/1033/51 
f 889/1014/51 890/1015/52 908/1034/52 
f 890/1015/52 891/1016/53 909/1035/53 
f 891/1016/53 892/1017/54 910/1036/54 
f 892/1017/54 893/1018/55 911/1037/55 
f 893/1018/55 894/1019/56 912/1038/56 
f 894/1019/56 878/1002/4 896/1021/4 
f 896/1021/4 895/1020/40 913/1039/40 
f 895/1020/40 897/1022/41 915/1041/41 
f 897/1022/41 898/1023/42 916/1042/42 
f 898/1023/42 899/1024/43 917/1043/43 
f 899/1026/43 900/1025/44 918/1044/44 
f 900/1025/44 901/1027/45 919/1046/45 
f 901/1027/45 902/1028/46 920/1047/46 
f 902/1028/46 903/1029/47 921/1048/47 
f 903/1029/47 904/1030/6 922/1049/48 
f 904/1030/6 905/1031/49 923/1050/49 
f 905/1031/49 906/1032/50 924/1051/50 
f 906/1032/50 907/1033/51 925/1052/51 
f 907/1033/51 908/1034/52 926/1053/52 
f 908/1034/52 909/1035/53 927/1054/53 
f 909/1035/53 910/1036/54 928/1055/54 
f 910/1036/54 911/1037/55 929/1056/55 
f 911/1037/55 912/1038/56 930/1057/56 
f 912/1038/56 896/1021/4 914/1040/4 
s 1
f 914/1040/1 913/1039/1 915/1041/87 
f 915/1041/87 916/1042/1 917/1043/87 
f 917/1043/87 918/1060/131 919/1061/131 
f 915/1041/87 917/1043/87 919/1061/131 
f 919/1061/131 920/1062/1 921/1063/1 
f 921/1063/1 922/1064/1 923/1065/1 
f 919/1061/131 921/1063/1 923/1065/1 
f 923/1065/1 924/1066/1 925/1067/1 
f 925/1067/1 926/1068/131 927/1069/87 
f 923/1065/1 925/1067/1 927/1069/87 
f 919/1061/131 923/1065/1 927/1069/87 
f 915/1041/87 919/1061/131 927/1069/87 
f 927/1069/87 928/1070/132 929/1058/132 
f 915/1041/87 927/1069/87 929/1058/132 
f 914/1040/1 915/1041/87 929/1058/132 
f 714/1071/1 698/1072/131 713/1073/131 
f 698/1072/131 697/1074/87 699/1075/87 
f 699/1075/87 700/1076/1 701/1077/1 
f 701/1077/1 702/1078/1 703/1079/131 
f 699/1075/87 701/1077/1 703/1079/131 
f 703/1079/131 704/1080/1 705/1081/131 
f 705/1081/131 706/1082/87 707/1083/87 
f 703/1079/131 705/1081/131 707/1083/87 
f 707/1083/87 708/1084/1 709/1085/1 
f 709/1085/1 710/1086/1 711/1087/87 
f 707/1083/87 709/1085/1 711/1087/87 
f 703/1079/131 707/1083/87 711/1087/87 
f 699/1075/87 703/1079/131 711/1087/87 
f 711/1087/87 712/1088/1 713/1073/131 
f 699/1075/87 711/1087/87 713/1073/131 
f 698/1072/131 699/1075/87 713/1073/131 
f 750/1089/5 748/1090/128 715/1091/5 
f 748/1090/128 746/1092/129 744/1093/5 
f 744/1093/5 742/1094/5 740/1095/129 
f 740/1095/129 738/1096/98 736/1097/129 
f 744/1093/5 740/1095/129 736/1097/129 
f 736/1097/129 734/1098/5 732/1099/128 
f 732/1099/128 730/1100/128 728/1101/5 
f 736/1097/129 732/1099/128 728/1101/5 
f 728/1101/5 726/1102/5 724/1103/129 
f 724/1103/129 722/1104/5 720/1105/5 
f 728/1101/5 724/1103/129 720/1105/5 
f 736/1097/129 728/1101/5 720/1105/5 
f 744/1093/5 736/1097/129 720/1105/5 
f 720/1105/5 718/1106/5 715/1091/5 
f 744/1093/5 720/1105/5 715/1091/5 
f 748/1090/128 744/1093/5 715/1091/5 
f 858/1107/129 856/1108/129 823/1109/5 
f 856/1108/129 854/1110/5 852/1111/5 
f 852/1111/5 850/1112/5 848/1113/5 
f 848/1113/5 846/1114/5 844/1115/129 
f 852/1111/5 848/1113/5 844/1115/129 
f 844/1115/129 842/1116/129 840/1117/129 
f 840/1117/129 838/1118/5 836/1119/129 
f 844/1115/129 840/1117/129 836/1119/129 
f 836/1119/129 834/1120/5 832/1121/5 
f 832/1121/5 830/1122/5 828/1123/5 
f 836/1119/129 832/1121/5 828/1123/5 
f 844/1115/129 836/1119/129 828/1123/5 
f 852/1111/5 844/1115/129 828/1123/5 
f 828/1123/5 826/1124/5 823/1109/5 
f 852/1111/5 828/1123/5 823/1109/5 
f 856/1108/129 852/1111/5 823/1109/5 
# 1832 faces

