# 3ds Max Wavefront OBJ Exporter v0.99 - (c)2007 guruware
# File Created: 04.04.2025 14:21:25

mtllib lampara.mtl

#
# object Street_light
#

v  -0.0062 4.2010 -0.0311
v  0.0000 4.2010 -0.0318
v  0.0000 4.0100 -0.0318
v  -0.0062 4.0100 -0.0311
v  -0.0121 4.2010 -0.0293
v  -0.0121 4.0100 -0.0293
v  -0.0176 4.2010 -0.0264
v  -0.0176 4.0100 -0.0264
v  -0.0225 4.2010 -0.0225
v  -0.0224 4.0100 -0.0224
v  -0.0264 4.2010 -0.0176
v  -0.0264 4.0100 -0.0176
v  -0.0293 4.2010 -0.0121
v  -0.0293 4.0100 -0.0121
v  -0.0311 4.2010 -0.0062
v  -0.0311 4.0100 -0.0062
v  -0.0318 4.2010 -0.0000
v  -0.0318 4.0100 -0.0000
v  -0.0311 4.2010 0.0062
v  -0.0311 4.0100 0.0062
v  -0.0293 4.2010 0.0121
v  -0.0293 4.0100 0.0121
v  -0.0264 4.2010 0.0176
v  -0.0264 4.0100 0.0176
v  -0.0225 4.2010 0.0225
v  -0.0224 4.0100 0.0224
v  -0.0176 4.2010 0.0264
v  -0.0176 4.0100 0.0264
v  -0.0121 4.2010 0.0293
v  -0.0121 4.0100 0.0293
v  -0.0062 4.2010 0.0311
v  -0.0062 4.0100 0.0311
v  0.0000 4.2010 0.0318
v  0.0000 4.0100 0.0318
v  0.0062 4.2010 0.0311
v  0.0062 4.0100 0.0311
v  0.0121 4.2010 0.0293
v  0.0121 4.0100 0.0293
v  0.0176 4.2010 0.0264
v  0.0176 4.0100 0.0264
v  0.0225 4.2010 0.0225
v  0.0224 4.0100 0.0224
v  0.0264 4.2010 0.0176
v  0.0264 4.0100 0.0176
v  0.0293 4.2010 0.0121
v  0.0293 4.0100 0.0121
v  0.0311 4.2010 0.0062
v  0.0311 4.0100 0.0062
v  0.0318 4.2010 -0.0000
v  0.0318 4.0100 -0.0000
v  0.0311 4.2010 -0.0062
v  0.0311 4.0100 -0.0062
v  0.0293 4.2010 -0.0121
v  0.0293 4.0100 -0.0121
v  0.0264 4.2010 -0.0176
v  0.0264 4.0100 -0.0176
v  0.0225 4.2010 -0.0225
v  0.0224 4.0100 -0.0224
v  0.0176 4.2010 -0.0264
v  0.0176 4.0100 -0.0264
v  0.0121 4.2010 -0.0293
v  0.0121 4.0100 -0.0293
v  0.0062 4.2010 -0.0311
v  0.0062 4.0100 -0.0311
v  -0.0133 4.2821 -0.0225
v  -0.0086 4.2815 -0.0264
v  0.0151 4.2787 -0.0311
v  0.0210 4.2781 -0.0293
v  0.0210 4.2781 0.0293
v  0.0151 4.2787 0.0311
v  -0.0173 4.2825 -0.0176
v  0.0090 4.2795 -0.0318
v  0.0265 4.2774 0.0264
v  -0.0202 4.2828 -0.0121
v  0.0313 4.2769 0.0225
v  -0.0220 4.2831 -0.0062
v  0.0352 4.2764 0.0176
v  -0.0226 4.2831 -0.0000
v  0.0381 4.2761 0.0121
v  -0.0220 4.2831 0.0062
v  0.0399 4.2759 0.0062
v  -0.0202 4.2828 0.0121
v  0.0405 4.2758 -0.0000
v  -0.0173 4.2825 0.0176
v  0.0399 4.2759 -0.0062
v  -0.0133 4.2821 0.0225
v  0.0381 4.2761 -0.0121
v  -0.0086 4.2815 0.0264
v  0.0352 4.2764 -0.0176
v  -0.0031 4.2809 0.0293
v  0.0028 4.2802 -0.0311
v  0.0313 4.2769 -0.0225
v  0.0028 4.2802 0.0311
v  -0.0031 4.2809 -0.0293
v  0.0265 4.2774 -0.0264
v  0.0090 4.2795 0.0318
v  0.0555 4.3496 -0.0121
v  0.0572 4.3492 -0.0062
v  0.0098 4.3604 0.0264
v  0.0051 4.3615 0.0225
v  0.0526 4.3503 -0.0176
v  0.0151 4.3591 0.0293
v  0.0209 4.3577 -0.0311
v  0.0269 4.3563 -0.0318
v  0.0488 4.3512 -0.0225
v  0.0209 4.3577 0.0311
v  0.0151 4.3591 -0.0293
v  0.0441 4.3523 -0.0264
v  0.0269 4.3563 0.0318
v  0.0098 4.3604 -0.0264
v  0.0388 4.3535 -0.0293
v  0.0330 4.3549 0.0311
v  0.0051 4.3615 -0.0225
v  0.0330 4.3549 -0.0311
v  0.0388 4.3535 0.0293
v  0.0012 4.3624 -0.0176
v  0.0441 4.3523 0.0264
v  -0.0016 4.3631 -0.0121
v  0.0488 4.3512 0.0225
v  -0.0034 4.3635 -0.0062
v  0.0526 4.3503 0.0176
v  -0.0040 4.3636 -0.0000
v  0.0555 4.3496 0.0121
v  -0.0034 4.3635 0.0062
v  0.0572 4.3492 0.0062
v  -0.0016 4.3631 0.0121
v  0.0578 4.3490 -0.0000
v  0.0012 4.3624 0.0176
v  0.0422 4.4347 -0.0293
v  0.0479 4.4327 -0.0311
v  0.0703 4.4246 -0.0264
v  0.0748 4.4229 -0.0225
v  0.0537 4.4306 0.0318
v  0.0479 4.4327 0.0311
v  0.0371 4.4366 -0.0264
v  0.0651 4.4265 -0.0293
v  0.0595 4.4285 0.0311
v  0.0326 4.4382 -0.0225
v  0.0595 4.4285 -0.0311
v  0.0651 4.4265 0.0293
v  0.0289 4.4396 -0.0176
v  0.0537 4.4306 -0.0318
v  0.0703 4.4246 0.0264
v  0.0261 4.4406 -0.0121
v  0.0748 4.4229 0.0225
v  0.0244 4.4412 -0.0062
v  0.0785 4.4216 0.0176
v  0.0238 4.4414 -0.0000
v  0.0813 4.4206 0.0121
v  0.0244 4.4412 0.0062
v  0.0830 4.4200 0.0062
v  0.0261 4.4406 0.0121
v  0.0835 4.4198 -0.0000
v  0.0289 4.4396 0.0176
v  0.0830 4.4200 -0.0062
v  0.0326 4.4382 0.0225
v  0.0813 4.4206 -0.0121
v  0.0371 4.4366 0.0264
v  0.0785 4.4216 -0.0176
v  0.0422 4.4347 0.0293
v  0.0652 4.5131 -0.0176
v  0.0687 4.5113 -0.0225
v  0.0888 4.5013 -0.0318
v  0.0944 4.4985 -0.0311
v  0.1046 4.4934 0.0264
v  0.0997 4.4958 0.0293
v  0.0626 4.5144 -0.0121
v  0.1089 4.4912 0.0225
v  0.0610 4.5152 -0.0062
v  0.1124 4.4895 0.0176
v  0.0604 4.5155 -0.0000
v  0.1151 4.4882 0.0121
v  0.0610 4.5152 0.0062
v  0.1167 4.4874 0.0062
v  0.0626 4.5144 0.0121
v  0.1172 4.4871 -0.0000
v  0.0652 4.5131 0.0176
v  0.1167 4.4874 -0.0062
v  0.0687 4.5113 0.0225
v  0.1151 4.4882 -0.0121
v  0.0730 4.5092 0.0264
v  0.1124 4.4895 -0.0176
v  0.0779 4.5067 0.0293
v  0.0833 4.5040 -0.0311
v  0.1089 4.4912 -0.0225
v  0.0833 4.5040 0.0311
v  0.0779 4.5067 -0.0293
v  0.1046 4.4934 -0.0264
v  0.0888 4.5013 0.0318
v  0.0730 4.5092 -0.0264
v  0.0997 4.4958 -0.0293
v  0.0944 4.4985 0.0311
v  0.1053 4.5848 -0.0000
v  0.1058 4.5845 -0.0062
v  0.1564 4.5514 0.0121
v  0.1540 4.5530 0.0176
v  0.1058 4.5845 0.0062
v  0.1580 4.5504 0.0062
v  0.1073 4.5835 0.0121
v  0.1585 4.5500 -0.0000
v  0.1098 4.5819 0.0176
v  0.1580 4.5504 -0.0062
v  0.1131 4.5797 0.0225
v  0.1564 4.5514 -0.0121
v  0.1171 4.5771 0.0264
v  0.1540 4.5530 -0.0176
v  0.1217 4.5741 0.0293
v  0.1267 4.5708 -0.0311
v  0.1319 4.5674 -0.0318
v  0.1507 4.5551 -0.0225
v  0.1267 4.5708 0.0311
v  0.1217 4.5741 -0.0293
v  0.1467 4.5578 -0.0264
v  0.1319 4.5674 0.0318
v  0.1171 4.5771 -0.0264
v  0.1421 4.5608 -0.0293
v  0.1371 4.5640 0.0311
v  0.1131 4.5797 -0.0225
v  0.1371 4.5640 -0.0311
v  0.1421 4.5608 0.0293
v  0.1098 4.5819 -0.0176
v  0.1467 4.5578 0.0264
v  0.1073 4.5835 -0.0121
v  0.1507 4.5551 0.0225
v  0.1620 4.6451 0.0176
v  0.1598 4.6469 0.0121
v  0.2062 4.6082 -0.0062
v  0.2067 4.6078 -0.0000
v  0.1651 4.6425 0.0225
v  0.2049 4.6094 -0.0121
v  0.1688 4.6394 0.0264
v  0.2026 4.6112 -0.0176
v  0.1730 4.6359 0.0293
v  0.1776 4.6321 -0.0311
v  0.1823 4.6281 -0.0318
v  0.1996 4.6138 -0.0225
v  0.1776 4.6321 0.0311
v  0.1730 4.6359 -0.0293
v  0.1959 4.6168 -0.0264
v  0.1823 4.6281 0.0318
v  0.1688 4.6394 -0.0264
v  0.1917 4.6204 -0.0293
v  0.1871 4.6242 0.0311
v  0.1651 4.6425 -0.0225
v  0.1871 4.6242 -0.0311
v  0.1917 4.6204 0.0293
v  0.1620 4.6451 -0.0176
v  0.1959 4.6168 0.0264
v  0.1598 4.6469 -0.0121
v  0.1996 4.6138 0.0225
v  0.1584 4.6481 -0.0062
v  0.2026 4.6112 0.0176
v  0.1579 4.6485 -0.0000
v  0.2049 4.6094 0.0121
v  0.1584 4.6481 0.0062
v  0.2062 4.6082 0.0062
v  0.2311 4.6914 0.0293
v  0.2273 4.6954 0.0264
v  0.2352 4.6871 -0.0311
v  0.2394 4.6826 -0.0318
v  0.2549 4.6664 -0.0225
v  0.2576 4.6635 -0.0176
v  0.2352 4.6871 0.0311
v  0.2311 4.6914 -0.0293
v  0.2516 4.6698 -0.0264
v  0.2394 4.6826 0.0318
v  0.2273 4.6954 -0.0264
v  0.2478 4.6738 -0.0293
v  0.2437 4.6781 0.0311
v  0.2240 4.6989 -0.0225
v  0.2437 4.6781 -0.0311
v  0.2478 4.6738 0.0293
v  0.2213 4.7018 -0.0176
v  0.2516 4.6698 0.0264
v  0.2192 4.7039 -0.0121
v  0.2549 4.6664 0.0225
v  0.2180 4.7052 -0.0062
v  0.2576 4.6635 0.0176
v  0.2176 4.7056 -0.0000
v  0.2596 4.6614 0.0121
v  0.2180 4.7052 0.0062
v  0.2609 4.6601 0.0062
v  0.2192 4.7039 0.0121
v  0.2613 4.6596 -0.0000
v  0.2213 4.7018 0.0176
v  0.2609 4.6601 -0.0062
v  0.2240 4.6989 0.0225
v  0.2596 4.6614 -0.0121
v  0.3062 4.7252 0.0311
v  0.3025 4.7301 0.0318
v  0.2890 4.7481 -0.0225
v  0.2919 4.7443 -0.0264
v  0.3062 4.7252 -0.0311
v  0.3098 4.7204 -0.0293
v  0.3098 4.7204 0.0293
v  0.2866 4.7513 -0.0176
v  0.3025 4.7301 -0.0318
v  0.3131 4.7160 0.0264
v  0.2849 4.7536 -0.0121
v  0.3159 4.7122 0.0225
v  0.2838 4.7551 -0.0062
v  0.3183 4.7090 0.0176
v  0.2834 4.7555 -0.0000
v  0.3201 4.7067 0.0121
v  0.2838 4.7551 0.0062
v  0.3212 4.7052 0.0062
v  0.2849 4.7536 0.0121
v  0.3215 4.7048 -0.0000
v  0.2866 4.7513 0.0176
v  0.3212 4.7052 -0.0062
v  0.2890 4.7481 0.0225
v  0.3201 4.7067 -0.0121
v  0.2919 4.7443 0.0264
v  0.3183 4.7090 -0.0176
v  0.2952 4.7399 0.0293
v  0.2988 4.7351 -0.0311
v  0.3159 4.7122 -0.0225
v  0.2988 4.7351 0.0311
v  0.2952 4.7399 -0.0293
v  0.3131 4.7160 -0.0264
v  0.3819 4.7507 0.0225
v  0.3795 4.7548 0.0264
v  0.3549 4.7970 -0.0062
v  0.3558 4.7954 -0.0121
v  0.3839 4.7473 0.0176
v  0.3546 4.7975 -0.0000
v  0.3854 4.7447 0.0121
v  0.3549 4.7970 0.0062
v  0.3863 4.7432 0.0062
v  0.3558 4.7954 0.0121
v  0.3866 4.7426 -0.0000
v  0.3573 4.7929 0.0176
v  0.3863 4.7432 -0.0062
v  0.3593 4.7895 0.0225
v  0.3854 4.7447 -0.0121
v  0.3617 4.7853 0.0264
v  0.3839 4.7473 -0.0176
v  0.3644 4.7806 0.0293
v  0.3674 4.7754 -0.0311
v  0.3706 4.7701 -0.0318
v  0.3819 4.7507 -0.0225
v  0.3674 4.7754 0.0311
v  0.3644 4.7806 -0.0293
v  0.3795 4.7548 -0.0264
v  0.3706 4.7701 0.0318
v  0.3617 4.7853 -0.0264
v  0.3767 4.7596 -0.0293
v  0.3737 4.7647 0.0311
v  0.3593 4.7895 -0.0225
v  0.3737 4.7647 -0.0311
v  0.3767 4.7596 0.0293
v  0.3573 4.7929 -0.0176
v  0.4553 4.7733 0.0062
v  0.4546 4.7750 0.0121
v  0.4311 4.8287 0.0121
v  0.4303 4.8304 0.0062
v  0.4555 4.7728 -0.0000
v  0.4322 4.8260 0.0176
v  0.4553 4.7733 -0.0062
v  0.4338 4.8224 0.0225
v  0.4546 4.7750 -0.0121
v  0.4358 4.8180 0.0264
v  0.4534 4.7777 -0.0176
v  0.4380 4.8130 0.0293
v  0.4403 4.8075 -0.0311
v  0.4428 4.8018 -0.0318
v  0.4518 4.7813 -0.0225
v  0.4403 4.8075 0.0311
v  0.4380 4.8130 -0.0293
v  0.4499 4.7857 -0.0264
v  0.4428 4.8018 0.0318
v  0.4358 4.8180 -0.0264
v  0.4477 4.7907 -0.0293
v  0.4453 4.7962 0.0311
v  0.4338 4.8224 -0.0225
v  0.4453 4.7962 -0.0311
v  0.4477 4.7907 0.0293
v  0.4322 4.8260 -0.0176
v  0.4499 4.7857 0.0264
v  0.4311 4.8287 -0.0121
v  0.4518 4.7813 0.0225
v  0.4303 4.8304 -0.0062
v  0.4534 4.7777 0.0176
v  0.4301 4.8309 -0.0000
v  0.5268 4.7970 -0.0121
v  0.5274 4.7953 -0.0062
v  0.5131 4.8419 0.0264
v  0.5117 4.8465 0.0225
v  0.5260 4.7998 -0.0176
v  0.5147 4.8367 0.0293
v  0.5165 4.8310 -0.0311
v  0.5183 4.8251 -0.0318
v  0.5248 4.8036 -0.0225
v  0.5165 4.8310 0.0311
v  0.5147 4.8367 -0.0293
v  0.5234 4.8082 -0.0264
v  0.5183 4.8251 0.0318
v  0.5131 4.8419 -0.0264
v  0.5218 4.8134 -0.0293
v  0.5201 4.8191 0.0311
v  0.5117 4.8465 -0.0225
v  0.5201 4.8191 -0.0311
v  0.5218 4.8134 0.0293
v  0.5106 4.8503 -0.0176
v  0.5234 4.8082 0.0264
v  0.5097 4.8531 -0.0121
v  0.5248 4.8036 0.0225
v  0.5092 4.8548 -0.0062
v  0.5260 4.7998 0.0176
v  0.5090 4.8554 -0.0000
v  0.5268 4.7970 0.0121
v  0.5092 4.8548 0.0062
v  0.5274 4.7953 0.0062
v  0.5097 4.8531 0.0121
v  0.5275 4.7947 -0.0000
v  0.5106 4.8503 0.0176
v  0.5937 4.8513 -0.0293
v  0.5948 4.8455 -0.0311
v  0.5991 4.8220 -0.0264
v  0.5999 4.8173 -0.0225
v  0.5959 4.8394 0.0318
v  0.5948 4.8455 0.0311
v  0.5927 4.8567 -0.0264
v  0.5981 4.8274 -0.0293
v  0.5970 4.8333 0.0311
v  0.5919 4.8615 -0.0225
v  0.5970 4.8333 -0.0311
v  0.5981 4.8274 0.0293
v  0.5912 4.8654 -0.0176
v  0.5959 4.8394 -0.0318
v  0.5991 4.8220 0.0264
v  0.5906 4.8682 -0.0121
v  0.5999 4.8173 0.0225
v  0.5903 4.8700 -0.0062
v  0.6006 4.8134 0.0176
v  0.5902 4.8706 -0.0000
v  0.6012 4.8105 0.0121
v  0.5903 4.8700 0.0062
v  0.6015 4.8088 0.0062
v  0.5906 4.8682 0.0121
v  0.6016 4.8082 -0.0000
v  0.5912 4.8654 0.0176
v  0.6015 4.8088 -0.0062
v  0.5919 4.8615 0.0225
v  0.6012 4.8105 -0.0121
v  0.5927 4.8567 0.0264
v  0.6006 4.8134 -0.0176
v  0.5937 4.8513 0.0293
v  1.3650 5.0020 -0.0176
v  1.3658 4.9981 -0.0225
v  1.3698 4.9760 -0.0318
v  1.3709 4.9699 -0.0311
v  1.3730 4.9587 0.0264
v  1.3720 4.9641 0.0293
v  1.3645 5.0049 -0.0121
v  1.3738 4.9539 0.0225
v  1.3642 5.0066 -0.0062
v  1.3745 4.9500 0.0176
v  1.3641 5.0072 -0.0000
v  1.3751 4.9472 0.0121
v  1.3642 5.0066 0.0062
v  1.3754 4.9454 0.0062
v  1.3645 5.0049 0.0121
v  1.3755 4.9448 -0.0000
v  1.3650 5.0020 0.0176
v  1.3754 4.9454 -0.0062
v  1.3658 4.9981 0.0225
v  1.3751 4.9472 -0.0121
v  1.3666 4.9934 0.0264
v  1.3745 4.9500 -0.0176
v  1.3676 4.9880 0.0293
v  1.3687 4.9821 -0.0311
v  1.3738 4.9539 -0.0225
v  1.3687 4.9821 0.0311
v  1.3676 4.9880 -0.0293
v  1.3730 4.9587 -0.0264
v  1.3698 4.9760 0.0318
v  1.3666 4.9934 -0.0264
v  1.3720 4.9641 -0.0293
v  1.3709 4.9699 0.0311
v  0.0146 2.5100 0.0352
v  0.0146 4.0100 0.0352
v  0.0074 4.0100 0.0374
v  0.0074 2.5100 0.0374
v  -0.0374 2.5100 0.0074
v  -0.0374 4.0100 0.0074
v  -0.0381 4.0100 -0.0000
v  -0.0381 2.5100 -0.0000
v  0.0074 2.5100 -0.0374
v  0.0074 4.0100 -0.0374
v  0.0146 4.0100 -0.0352
v  0.0146 2.5100 -0.0352
v  0.0352 2.5100 0.0146
v  0.0352 4.0100 0.0146
v  0.0317 4.0100 0.0212
v  0.0317 2.5100 0.0212
v  -0.0212 2.5100 0.0317
v  -0.0212 4.0100 0.0317
v  -0.0269 4.0100 0.0269
v  -0.0269 2.5100 0.0269
v  -0.0269 2.5100 -0.0269
v  -0.0269 4.0100 -0.0269
v  -0.0212 4.0100 -0.0317
v  -0.0212 2.5100 -0.0317
v  0.0352 2.5100 -0.0146
v  0.0352 4.0100 -0.0146
v  0.0374 4.0100 -0.0074
v  0.0374 2.5100 -0.0074
v  0.0000 4.0100 0.0381
v  0.0000 2.5100 0.0381
v  -0.0374 4.0100 -0.0074
v  -0.0374 2.5100 -0.0074
v  0.0212 4.0100 -0.0317
v  0.0212 2.5100 -0.0317
v  0.0269 4.0100 0.0269
v  0.0269 2.5100 0.0269
v  -0.0317 4.0100 0.0212
v  -0.0317 2.5100 0.0212
v  -0.0146 4.0100 -0.0352
v  -0.0146 2.5100 -0.0352
v  0.0381 4.0100 -0.0000
v  0.0381 2.5100 -0.0000
v  -0.0074 4.0100 0.0374
v  -0.0074 2.5100 0.0374
v  -0.0352 4.0100 -0.0146
v  -0.0352 2.5100 -0.0146
v  0.0269 4.0100 -0.0269
v  0.0269 2.5100 -0.0269
v  0.0212 4.0100 0.0317
v  0.0212 2.5100 0.0317
v  -0.0352 4.0100 0.0146
v  -0.0352 2.5100 0.0146
v  -0.0074 4.0100 -0.0374
v  -0.0074 2.5100 -0.0374
v  0.0374 4.0100 0.0074
v  0.0374 2.5100 0.0074
v  -0.0146 4.0100 0.0352
v  -0.0146 2.5100 0.0352
v  -0.0317 4.0100 -0.0212
v  -0.0317 2.5100 -0.0212
v  0.0317 4.0100 -0.0212
v  0.0317 2.5100 -0.0212
v  0.0000 2.5100 -0.0381
v  0.0000 4.0100 -0.0381
v  0.0000 2.4230 -0.0500
v  0.0098 2.4230 -0.0490
v  0.0098 0.0100 -0.0490
v  0.0000 0.0100 -0.0500
v  0.0191 2.4230 -0.0462
v  0.0191 0.0100 -0.0462
v  0.0278 2.4230 -0.0416
v  0.0278 0.0100 -0.0416
v  0.0354 2.4230 -0.0354
v  0.0354 0.0100 -0.0354
v  0.0416 2.4230 -0.0278
v  0.0416 0.0100 -0.0278
v  0.0462 2.4230 -0.0191
v  0.0462 0.0100 -0.0191
v  0.0490 2.4230 -0.0098
v  0.0490 0.0100 -0.0098
v  0.0500 2.4230 -0.0000
v  0.0500 0.0100 -0.0000
v  0.0490 2.4230 0.0098
v  0.0490 0.0100 0.0098
v  0.0462 2.4230 0.0191
v  0.0462 0.0100 0.0191
v  0.0416 2.4230 0.0278
v  0.0416 0.0100 0.0278
v  0.0354 2.4230 0.0354
v  0.0354 0.0100 0.0354
v  0.0278 2.4230 0.0416
v  0.0278 0.0100 0.0416
v  0.0191 2.4230 0.0462
v  0.0191 0.0100 0.0462
v  0.0098 2.4230 0.0490
v  0.0098 0.0100 0.0490
v  0.0000 2.4230 0.0500
v  0.0000 0.0100 0.0500
v  -0.0098 2.4230 0.0490
v  -0.0098 0.0100 0.0490
v  -0.0191 2.4230 0.0462
v  -0.0191 0.0100 0.0462
v  -0.0278 2.4230 0.0416
v  -0.0278 0.0100 0.0416
v  -0.0354 2.4230 0.0354
v  -0.0354 0.0100 0.0354
v  -0.0416 2.4230 0.0278
v  -0.0416 0.0100 0.0278
v  -0.0462 2.4230 0.0191
v  -0.0462 0.0100 0.0191
v  -0.0490 2.4230 0.0098
v  -0.0490 0.0100 0.0098
v  -0.0500 2.4230 -0.0000
v  -0.0500 0.0100 -0.0000
v  -0.0490 2.4230 -0.0098
v  -0.0490 0.0100 -0.0098
v  -0.0462 2.4230 -0.0191
v  -0.0462 0.0100 -0.0191
v  -0.0416 2.4230 -0.0278
v  -0.0416 0.0100 -0.0278
v  -0.0354 2.4230 -0.0354
v  -0.0354 0.0100 -0.0354
v  -0.0278 2.4230 -0.0416
v  -0.0278 0.0100 -0.0416
v  -0.0191 2.4230 -0.0462
v  -0.0191 0.0100 -0.0462
v  -0.0098 2.4230 -0.0490
v  -0.0098 0.0100 -0.0490
v  0.0353 2.4416 -0.0353
v  0.0415 2.4416 -0.0278
v  0.0278 2.4416 0.0415
v  0.0191 2.4416 0.0461
v  -0.0461 2.4416 0.0191
v  -0.0490 2.4416 0.0097
v  0.0000 2.4416 -0.0500
v  0.0097 2.4416 -0.0490
v  -0.0097 2.4416 -0.0490
v  0.0490 2.4416 0.0097
v  0.0461 2.4416 0.0191
v  -0.0191 2.4416 0.0461
v  -0.0278 2.4416 0.0415
v  -0.0415 2.4416 -0.0278
v  -0.0353 2.4416 -0.0353
v  0.0461 2.4416 -0.0191
v  0.0097 2.4416 0.0490
v  -0.0500 2.4416 -0.0000
v  0.0191 2.4416 -0.0461
v  0.0415 2.4416 0.0278
v  -0.0353 2.4416 0.0353
v  -0.0278 2.4416 -0.0415
v  0.0490 2.4416 -0.0097
v  0.0000 2.4416 0.0500
v  -0.0490 2.4416 -0.0097
v  0.0278 2.4416 -0.0415
v  0.0353 2.4416 0.0353
v  -0.0415 2.4416 0.0278
v  -0.0191 2.4416 -0.0461
v  0.0500 2.4416 -0.0000
v  -0.0097 2.4416 0.0490
v  -0.0461 2.4416 -0.0191
v  0.0360 2.4416 -0.0360
v  0.0281 2.5100 -0.0281
v  0.0330 2.5100 -0.0220
v  0.0424 2.4416 -0.0283
v  0.0283 2.4416 0.0424
v  0.0220 2.5100 0.0330
v  0.0152 2.5100 0.0367
v  0.0195 2.4416 0.0471
v  -0.0471 2.4416 0.0195
v  -0.0367 2.5100 0.0152
v  -0.0389 2.5100 0.0077
v  -0.0500 2.4416 0.0099
v  0.0000 2.4416 -0.0510
v  0.0000 2.5100 -0.0397
v  0.0077 2.5100 -0.0389
v  0.0099 2.4416 -0.0500
v  -0.0099 2.4416 -0.0500
v  -0.0077 2.5100 -0.0389
v  0.0500 2.4416 0.0099
v  0.0389 2.5100 0.0077
v  0.0367 2.5100 0.0152
v  0.0471 2.4416 0.0195
v  -0.0195 2.4416 0.0471
v  -0.0152 2.5100 0.0367
v  -0.0220 2.5100 0.0330
v  -0.0283 2.4416 0.0424
v  -0.0424 2.4416 -0.0283
v  -0.0330 2.5100 -0.0220
v  -0.0281 2.5100 -0.0281
v  -0.0360 2.4416 -0.0360
v  0.0367 2.5100 -0.0152
v  0.0471 2.4416 -0.0195
v  0.0077 2.5100 0.0389
v  0.0099 2.4416 0.0500
v  -0.0397 2.5100 -0.0000
v  -0.0510 2.4416 -0.0000
v  0.0152 2.5100 -0.0367
v  0.0195 2.4416 -0.0471
v  0.0330 2.5100 0.0220
v  0.0424 2.4416 0.0283
v  -0.0281 2.5100 0.0281
v  -0.0360 2.4416 0.0360
v  -0.0220 2.5100 -0.0330
v  -0.0283 2.4416 -0.0424
v  0.0389 2.5100 -0.0077
v  0.0500 2.4416 -0.0099
v  0.0000 2.5100 0.0397
v  0.0000 2.4416 0.0510
v  -0.0389 2.5100 -0.0077
v  -0.0500 2.4416 -0.0099
v  0.0220 2.5100 -0.0330
v  0.0283 2.4416 -0.0424
v  0.0281 2.5100 0.0281
v  0.0360 2.4416 0.0360
v  -0.0330 2.5100 0.0220
v  -0.0424 2.4416 0.0283
v  -0.0152 2.5100 -0.0367
v  -0.0195 2.4416 -0.0471
v  0.0397 2.5100 -0.0000
v  0.0510 2.4416 -0.0000
v  -0.0077 2.5100 0.0389
v  -0.0099 2.4416 0.0500
v  -0.0367 2.5100 -0.0152
v  -0.0471 2.4416 -0.0195
v  -0.0471 2.4230 -0.0195
v  -0.0424 2.4230 -0.0283
v  -0.0100 2.4230 0.0500
v  -0.0195 2.4230 0.0471
v  0.0510 2.4230 -0.0000
v  0.0500 2.4230 0.0100
v  -0.0195 2.4230 -0.0471
v  -0.0100 2.4230 -0.0500
v  -0.0424 2.4230 0.0283
v  -0.0471 2.4230 0.0195
v  0.0361 2.4230 0.0361
v  0.0283 2.4230 0.0424
v  0.0283 2.4230 -0.0424
v  0.0361 2.4230 -0.0361
v  -0.0500 2.4230 -0.0100
v  0.0000 2.4230 0.0510
v  0.0500 2.4230 -0.0100
v  -0.0283 2.4230 -0.0424
v  -0.0361 2.4230 0.0361
v  0.0424 2.4230 0.0283
v  0.0195 2.4230 -0.0471
v  -0.0510 2.4230 -0.0000
v  0.0100 2.4230 0.0500
v  0.0471 2.4230 -0.0195
v  -0.0361 2.4230 -0.0361
v  -0.0283 2.4230 0.0424
v  0.0471 2.4230 0.0195
v  0.0100 2.4230 -0.0500
v  -0.0500 2.4230 0.0100
v  0.0195 2.4230 0.0471
v  0.0424 2.4230 -0.0283
v  0.0000 2.4230 -0.0510
v  0.1496 0.0000 0.1496
v  -0.1496 0.0000 0.1496
v  -0.1496 0.0000 -0.1496
v  0.1496 0.0000 -0.1496
v  -0.1496 0.0100 -0.1496
v  -0.1496 0.0100 0.1496
v  0.1496 0.0100 0.1496
v  0.1496 0.0100 -0.1496
v  0.1500 0.0004 -0.1496
v  0.1500 0.0096 -0.1496
v  0.1500 0.0096 0.1496
v  0.1500 0.0004 0.1496
v  0.1496 0.0096 -0.1500
v  0.1496 0.0004 -0.1500
v  -0.1496 0.0004 -0.1500
v  -0.1496 0.0096 -0.1500
v  0.1496 0.0004 0.1500
v  0.1496 0.0096 0.1500
v  -0.1496 0.0096 0.1500
v  -0.1496 0.0004 0.1500
v  -0.1498 0.0002 -0.1498
v  -0.1499 0.0001 -0.1496
v  -0.1500 0.0004 -0.1496
v  -0.1499 0.0004 -0.1499
v  -0.1496 0.0001 -0.1499
v  -0.1498 0.0098 -0.1498
v  -0.1499 0.0096 -0.1499
v  -0.1500 0.0096 -0.1496
v  -0.1499 0.0099 -0.1496
v  -0.1496 0.0099 -0.1499
v  0.1498 0.0002 -0.1498
v  0.1499 0.0004 -0.1499
v  0.1499 0.0001 -0.1496
v  0.1496 0.0001 -0.1499
v  0.1498 0.0098 -0.1498
v  0.1499 0.0099 -0.1496
v  0.1499 0.0096 -0.1499
v  0.1496 0.0099 -0.1499
v  -0.1498 0.0002 0.1498
v  -0.1496 0.0001 0.1499
v  -0.1499 0.0004 0.1499
v  -0.1500 0.0004 0.1496
v  -0.1499 0.0001 0.1496
v  -0.1498 0.0098 0.1498
v  -0.1499 0.0096 0.1499
v  -0.1496 0.0099 0.1499
v  -0.1499 0.0099 0.1496
v  -0.1500 0.0096 0.1496
v  0.1498 0.0002 0.1498
v  0.1499 0.0004 0.1499
v  0.1496 0.0001 0.1499
v  0.1499 0.0001 0.1496
v  0.1498 0.0098 0.1498
v  0.1496 0.0099 0.1499
v  0.1499 0.0096 0.1499
v  0.1499 0.0099 0.1496
v  -0.0949 0.0156 0.1000
v  -0.0935 0.0147 0.1000
v  -0.0939 0.0147 0.0978
v  -0.0952 0.0156 0.0983
v  -0.0951 0.0157 0.1000
v  -0.0954 0.0157 0.0983
v  -0.1000 0.0158 0.1000
v  -0.0916 0.0117 0.1030
v  -0.0916 0.0112 0.1031
v  -0.0910 0.0112 0.1000
v  -0.0911 0.0117 0.1000
v  -0.0919 0.0103 0.1030
v  -0.0922 0.0100 0.1028
v  -0.0917 0.0100 0.1000
v  -0.0913 0.0103 0.1000
v  -0.0931 0.0112 0.1058
v  -0.0932 0.0107 0.1057
v  -0.0916 0.0107 0.1030
v  -0.0939 0.0147 0.1022
v  -0.0950 0.0147 0.1042
v  -0.0941 0.0134 0.1050
v  -0.0928 0.0134 0.1026
v  -0.1059 0.0134 0.1050
v  -0.1072 0.0134 0.1026
v  -0.1084 0.0117 0.1030
v  -0.1068 0.0117 0.1057
v  -0.0955 0.0117 0.1077
v  -0.0955 0.0112 0.1078
v  -0.0932 0.0117 0.1057
v  -0.0962 0.0157 0.1032
v  -0.0954 0.0157 0.1017
v  -0.0961 0.0156 0.1033
v  -0.0952 0.0156 0.1017
v  -0.1084 0.0112 0.1031
v  -0.1069 0.0112 0.1058
v  -0.0934 0.0103 0.1056
v  -0.0937 0.0100 0.1053
v  -0.0974 0.0156 0.1044
v  -0.0968 0.0147 0.1056
v  -0.1050 0.0147 0.1042
v  -0.1061 0.0147 0.1022
v  -0.0961 0.0134 0.1067
v  -0.0987 0.0134 0.1076
v  -0.0985 0.0117 0.1088
v  -0.0957 0.0103 0.1075
v  -0.0959 0.0100 0.1072
v  -0.0984 0.0112 0.1089
v  -0.0985 0.0107 0.1088
v  -0.0955 0.0107 0.1077
v  -0.0989 0.0147 0.1064
v  -0.0975 0.0157 0.1043
v  -0.0991 0.0156 0.1050
v  -0.1015 0.0107 0.1088
v  -0.1015 0.0103 0.1085
v  -0.0985 0.0103 0.1085
v  -0.1013 0.0134 0.1076
v  -0.1015 0.0117 0.1088
v  -0.0986 0.0100 0.1081
v  -0.1016 0.0112 0.1089
v  -0.0991 0.0157 0.1049
v  -0.1009 0.0156 0.1050
v  -0.1011 0.0147 0.1064
v  -0.1032 0.0147 0.1056
v  -0.1039 0.0134 0.1067
v  -0.1045 0.0117 0.1077
v  -0.1014 0.0100 0.1081
v  -0.1045 0.0112 0.1078
v  -0.1045 0.0107 0.1077
v  -0.1009 0.0157 0.1049
v  -0.1026 0.0156 0.1044
v  -0.1043 0.0103 0.1075
v  -0.1041 0.0100 0.1072
v  -0.1068 0.0107 0.1057
v  -0.1025 0.0157 0.1043
v  -0.1039 0.0156 0.1033
v  -0.0932 0.0117 0.0943
v  -0.0916 0.0117 0.0970
v  -0.0916 0.0112 0.0969
v  -0.0931 0.0112 0.0942
v  -0.0916 0.0107 0.0970
v  -0.0932 0.0107 0.0943
v  -0.1066 0.0103 0.1056
v  -0.1063 0.0100 0.1053
v  -0.1084 0.0107 0.1030
v  -0.1038 0.0157 0.1032
v  -0.1048 0.0156 0.1017
v  -0.0928 0.0134 0.0974
v  -0.0941 0.0134 0.0950
v  -0.0950 0.0147 0.0958
v  -0.1065 0.0147 0.1000
v  -0.1077 0.0134 0.1000
v  -0.1089 0.0117 0.1000
v  -0.1081 0.0103 0.1030
v  -0.1078 0.0100 0.1028
v  -0.1090 0.0112 0.1000
v  -0.1089 0.0107 0.1000
v  -0.1046 0.0157 0.1017
v  -0.1072 0.0134 0.0974
v  -0.1084 0.0117 0.0970
v  -0.1087 0.0103 0.1000
v  -0.1083 0.0100 0.1000
v  -0.1084 0.0112 0.0969
v  -0.1084 0.0107 0.0970
v  -0.1061 0.0147 0.0978
v  -0.1051 0.0156 0.1000
v  -0.1049 0.0157 0.1000
v  -0.1048 0.0156 0.0983
v  -0.1050 0.0147 0.0958
v  -0.1059 0.0134 0.0950
v  -0.1068 0.0117 0.0943
v  -0.1081 0.0103 0.0970
v  -0.1078 0.0100 0.0972
v  -0.1069 0.0112 0.0942
v  -0.1068 0.0107 0.0943
v  -0.1046 0.0157 0.0983
v  -0.1039 0.0156 0.0967
v  -0.1032 0.0147 0.0944
v  -0.1039 0.0134 0.0933
v  -0.1045 0.0117 0.0923
v  -0.1066 0.0103 0.0944
v  -0.1063 0.0100 0.0947
v  -0.1045 0.0112 0.0922
v  -0.1045 0.0107 0.0923
v  -0.1038 0.0157 0.0968
v  -0.1026 0.0156 0.0956
v  -0.1011 0.0147 0.0936
v  -0.1013 0.0134 0.0924
v  -0.1015 0.0117 0.0912
v  -0.1043 0.0103 0.0925
v  -0.1041 0.0100 0.0928
v  -0.1016 0.0112 0.0911
v  -0.1015 0.0107 0.0912
v  -0.1025 0.0157 0.0957
v  -0.1009 0.0157 0.0951
v  -0.0989 0.0147 0.0936
v  -0.0987 0.0134 0.0924
v  -0.0985 0.0117 0.0912
v  -0.1015 0.0103 0.0915
v  -0.1014 0.0100 0.0919
v  -0.0984 0.0112 0.0911
v  -0.0985 0.0107 0.0912
v  -0.1009 0.0156 0.0950
v  -0.0991 0.0156 0.0950
v  -0.0968 0.0147 0.0944
v  -0.0961 0.0134 0.0933
v  -0.0955 0.0117 0.0923
v  -0.0985 0.0103 0.0915
v  -0.0986 0.0100 0.0919
v  -0.0955 0.0112 0.0922
v  -0.0955 0.0107 0.0923
v  -0.0991 0.0157 0.0951
v  -0.0974 0.0156 0.0956
v  -0.0957 0.0103 0.0925
v  -0.0959 0.0100 0.0928
v  -0.0975 0.0157 0.0957
v  -0.0961 0.0156 0.0967
v  -0.0934 0.0103 0.0944
v  -0.0937 0.0100 0.0947
v  -0.0962 0.0157 0.0968
v  -0.0923 0.0134 0.1000
v  -0.0919 0.0103 0.0970
v  -0.0922 0.0100 0.0972
v  -0.0911 0.0107 0.1000
v  -0.0953 0.0157 0.1017
v  -0.0950 0.0157 0.1000
v  -0.1000 0.0100 0.1000
v  -0.0991 0.0157 0.1050
v  -0.0975 0.0157 0.1044
v  -0.1047 0.0157 0.1017
v  -0.1039 0.0157 0.1032
v  -0.1025 0.0157 0.0956
v  -0.1039 0.0157 0.0968
v  -0.0961 0.0157 0.0968
v  -0.0975 0.0157 0.0956
v  -0.0953 0.0157 0.0983
v  -0.1047 0.0157 0.0983
v  -0.0991 0.0157 0.0950
v  -0.0961 0.0157 0.1032
v  -0.1025 0.0157 0.1044
v  -0.1050 0.0157 0.1000
v  -0.1009 0.0157 0.0950
v  -0.1009 0.0157 0.1050
v  0.1100 0.0156 0.1000
v  0.1114 0.0147 0.1000
v  0.1110 0.0147 0.0978
v  0.1097 0.0156 0.0983
v  0.1099 0.0157 0.1000
v  0.1096 0.0157 0.0983
v  0.1049 0.0158 0.1000
v  0.1133 0.0117 0.1030
v  0.1134 0.0112 0.1031
v  0.1139 0.0112 0.1000
v  0.1138 0.0117 0.1000
v  0.1131 0.0103 0.1030
v  0.1127 0.0100 0.1028
v  0.1132 0.0100 0.1000
v  0.1136 0.0103 0.1000
v  0.1118 0.0112 0.1058
v  0.1117 0.0107 0.1057
v  0.1133 0.0107 0.1030
v  0.1110 0.0147 0.1022
v  0.1099 0.0147 0.1042
v  0.1108 0.0134 0.1050
v  0.1122 0.0134 0.1026
v  0.0990 0.0134 0.1050
v  0.0977 0.0134 0.1026
v  0.0966 0.0117 0.1030
v  0.0981 0.0117 0.1057
v  0.1094 0.0117 0.1077
v  0.1094 0.0112 0.1078
v  0.1117 0.0117 0.1057
v  0.1087 0.0157 0.1032
v  0.1096 0.0157 0.1017
v  0.1088 0.0156 0.1033
v  0.1097 0.0156 0.1017
v  0.0965 0.0112 0.1031
v  0.0980 0.0112 0.1058
v  0.1116 0.0103 0.1056
v  0.1113 0.0100 0.1053
v  0.1075 0.0156 0.1044
v  0.1082 0.0147 0.1056
v  0.1000 0.0147 0.1042
v  0.0988 0.0147 0.1022
v  0.1088 0.0134 0.1067
v  0.1063 0.0134 0.1076
v  0.1065 0.0117 0.1088
v  0.1092 0.0103 0.1075
v  0.1091 0.0100 0.1072
v  0.1065 0.0112 0.1089
v  0.1065 0.0107 0.1088
v  0.1094 0.0107 0.1077
v  0.1060 0.0147 0.1064
v  0.1074 0.0157 0.1043
v  0.1058 0.0156 0.1050
v  0.1034 0.0107 0.1088
v  0.1034 0.0103 0.1085
v  0.1064 0.0103 0.1085
v  0.1036 0.0134 0.1076
v  0.1034 0.0117 0.1088
v  0.1064 0.0100 0.1081
v  0.1034 0.0112 0.1089
v  0.1058 0.0157 0.1049
v  0.1040 0.0156 0.1050
v  0.1038 0.0147 0.1064
v  0.1017 0.0147 0.1056
v  0.1011 0.0134 0.1067
v  0.1005 0.0117 0.1077
v  0.1035 0.0100 0.1081
v  0.1004 0.0112 0.1078
v  0.1005 0.0107 0.1077
v  0.1041 0.0157 0.1049
v  0.1024 0.0156 0.1044
v  0.1006 0.0103 0.1075
v  0.1008 0.0100 0.1072
v  0.0981 0.0107 0.1057
v  0.1025 0.0157 0.1043
v  0.1010 0.0156 0.1033
v  0.1117 0.0117 0.0943
v  0.1133 0.0117 0.0970
v  0.1134 0.0112 0.0969
v  0.1118 0.0112 0.0942
v  0.1133 0.0107 0.0970
v  0.1117 0.0107 0.0943
v  0.0983 0.0103 0.1056
v  0.0986 0.0100 0.1053
v  0.0966 0.0107 0.1030
v  0.1011 0.0157 0.1032
v  0.1001 0.0156 0.1017
v  0.1122 0.0134 0.0974
v  0.1108 0.0134 0.0950
v  0.1099 0.0147 0.0958
v  0.0984 0.0147 0.1000
v  0.0972 0.0134 0.1000
v  0.0960 0.0117 0.1000
v  0.0968 0.0103 0.1030
v  0.0971 0.0100 0.1028
v  0.0959 0.0112 0.1000
v  0.0960 0.0107 0.1000
v  0.1003 0.0157 0.1017
v  0.0977 0.0134 0.0974
v  0.0966 0.0117 0.0970
v  0.0963 0.0103 0.1000
v  0.0966 0.0100 0.1000
v  0.0965 0.0112 0.0969
v  0.0966 0.0107 0.0970
v  0.0988 0.0147 0.0978
v  0.0998 0.0156 0.1000
v  0.1000 0.0157 0.1000
v  0.1001 0.0156 0.0983
v  0.1000 0.0147 0.0958
v  0.0990 0.0134 0.0950
v  0.0981 0.0117 0.0943
v  0.0968 0.0103 0.0970
v  0.0971 0.0100 0.0972
v  0.0980 0.0112 0.0942
v  0.0981 0.0107 0.0943
v  0.1003 0.0157 0.0983
v  0.1010 0.0156 0.0967
v  0.1017 0.0147 0.0944
v  0.1011 0.0134 0.0933
v  0.1005 0.0117 0.0923
v  0.0983 0.0103 0.0944
v  0.0986 0.0100 0.0947
v  0.1004 0.0112 0.0922
v  0.1005 0.0107 0.0923
v  0.1011 0.0157 0.0968
v  0.1024 0.0156 0.0956
v  0.1038 0.0147 0.0936
v  0.1036 0.0134 0.0924
v  0.1034 0.0117 0.0912
v  0.1006 0.0103 0.0925
v  0.1008 0.0100 0.0928
v  0.1034 0.0112 0.0911
v  0.1034 0.0107 0.0912
v  0.1025 0.0157 0.0957
v  0.1041 0.0157 0.0951
v  0.1060 0.0147 0.0936
v  0.1063 0.0134 0.0924
v  0.1065 0.0117 0.0912
v  0.1034 0.0103 0.0915
v  0.1035 0.0100 0.0919
v  0.1065 0.0112 0.0911
v  0.1065 0.0107 0.0912
v  0.1040 0.0156 0.0950
v  0.1058 0.0156 0.0950
v  0.1082 0.0147 0.0944
v  0.1088 0.0134 0.0933
v  0.1094 0.0117 0.0923
v  0.1064 0.0103 0.0915
v  0.1064 0.0100 0.0919
v  0.1094 0.0112 0.0922
v  0.1094 0.0107 0.0923
v  0.1058 0.0157 0.0951
v  0.1075 0.0156 0.0956
v  0.1092 0.0103 0.0925
v  0.1091 0.0100 0.0928
v  0.1074 0.0157 0.0957
v  0.1088 0.0156 0.0967
v  0.1116 0.0103 0.0944
v  0.1113 0.0100 0.0947
v  0.1087 0.0157 0.0968
v  0.1126 0.0134 0.1000
v  0.1131 0.0103 0.0970
v  0.1127 0.0100 0.0972
v  0.1138 0.0107 0.1000
v  0.1100 0.0157 0.1000
v  0.1049 0.0100 0.1000
v  0.1058 0.0157 0.1050
v  0.1074 0.0157 0.1044
v  0.1002 0.0157 0.1017
v  0.1024 0.0157 0.0956
v  0.1088 0.0157 0.0968
v  0.1074 0.0157 0.0956
v  0.1002 0.0157 0.0983
v  0.1058 0.0157 0.0950
v  0.1088 0.0157 0.1032
v  0.1024 0.0157 0.1044
v  0.0999 0.0157 0.1000
v  0.1040 0.0157 0.0950
v  0.1040 0.0157 0.1050
v  0.1100 0.0156 -0.1049
v  0.1114 0.0147 -0.1049
v  0.1110 0.0147 -0.1071
v  0.1097 0.0156 -0.1067
v  0.1099 0.0157 -0.1049
v  0.1096 0.0157 -0.1066
v  0.1049 0.0158 -0.1049
v  0.1133 0.0117 -0.1019
v  0.1134 0.0112 -0.1018
v  0.1139 0.0112 -0.1049
v  0.1138 0.0117 -0.1049
v  0.1131 0.0103 -0.1020
v  0.1127 0.0100 -0.1021
v  0.1132 0.0100 -0.1049
v  0.1136 0.0103 -0.1049
v  0.1118 0.0112 -0.0991
v  0.1117 0.0107 -0.0992
v  0.1133 0.0107 -0.1019
v  0.1110 0.0147 -0.1027
v  0.1099 0.0147 -0.1008
v  0.1108 0.0134 -0.1000
v  0.1122 0.0134 -0.1023
v  0.0990 0.0134 -0.1000
v  0.0977 0.0134 -0.1023
v  0.0966 0.0117 -0.1019
v  0.0981 0.0117 -0.0992
v  0.1094 0.0117 -0.0972
v  0.1094 0.0112 -0.0971
v  0.1117 0.0117 -0.0992
v  0.1087 0.0157 -0.1017
v  0.1096 0.0157 -0.1032
v  0.1088 0.0156 -0.1016
v  0.1097 0.0156 -0.1032
v  0.0965 0.0112 -0.1018
v  0.0980 0.0112 -0.0991
v  0.1116 0.0103 -0.0994
v  0.1113 0.0100 -0.0996
v  0.1075 0.0156 -0.1005
v  0.1082 0.0147 -0.0993
v  0.1000 0.0147 -0.1008
v  0.0988 0.0147 -0.1027
v  0.1088 0.0134 -0.0982
v  0.1063 0.0134 -0.0973
v  0.1065 0.0117 -0.0962
v  0.1092 0.0103 -0.0974
v  0.1091 0.0100 -0.0978
v  0.1065 0.0112 -0.0961
v  0.1065 0.0107 -0.0962
v  0.1094 0.0107 -0.0972
v  0.1060 0.0147 -0.0985
v  0.1074 0.0157 -0.1006
v  0.1058 0.0156 -0.0999
v  0.1034 0.0107 -0.0962
v  0.1034 0.0103 -0.0964
v  0.1064 0.0103 -0.0964
v  0.1036 0.0134 -0.0973
v  0.1034 0.0117 -0.0962
v  0.1064 0.0100 -0.0968
v  0.1034 0.0112 -0.0961
v  0.1058 0.0157 -0.1001
v  0.1040 0.0156 -0.0999
v  0.1038 0.0147 -0.0985
v  0.1017 0.0147 -0.0993
v  0.1011 0.0134 -0.0982
v  0.1005 0.0117 -0.0972
v  0.1035 0.0100 -0.0968
v  0.1004 0.0112 -0.0971
v  0.1005 0.0107 -0.0972
v  0.1041 0.0157 -0.1001
v  0.1024 0.0156 -0.1005
v  0.1006 0.0103 -0.0974
v  0.1008 0.0100 -0.0978
v  0.0981 0.0107 -0.0992
v  0.1025 0.0157 -0.1006
v  0.1010 0.0156 -0.1016
v  0.1117 0.0117 -0.1106
v  0.1133 0.0117 -0.1080
v  0.1134 0.0112 -0.1080
v  0.1118 0.0112 -0.1107
v  0.1133 0.0107 -0.1080
v  0.1117 0.0107 -0.1106
v  0.0983 0.0103 -0.0994
v  0.0986 0.0100 -0.0996
v  0.0966 0.0107 -0.1019
v  0.1011 0.0157 -0.1017
v  0.1001 0.0156 -0.1032
v  0.1122 0.0134 -0.1076
v  0.1108 0.0134 -0.1099
v  0.1099 0.0147 -0.1091
v  0.0984 0.0147 -0.1049
v  0.0972 0.0134 -0.1049
v  0.0960 0.0117 -0.1049
v  0.0968 0.0103 -0.1020
v  0.0971 0.0100 -0.1021
v  0.0959 0.0112 -0.1049
v  0.0960 0.0107 -0.1049
v  0.1003 0.0157 -0.1032
v  0.0977 0.0134 -0.1076
v  0.0966 0.0117 -0.1080
v  0.0963 0.0103 -0.1049
v  0.0966 0.0100 -0.1049
v  0.0965 0.0112 -0.1080
v  0.0966 0.0107 -0.1080
v  0.0988 0.0147 -0.1071
v  0.0998 0.0156 -0.1049
v  0.1000 0.0157 -0.1049
v  0.1001 0.0156 -0.1067
v  0.1000 0.0147 -0.1091
v  0.0990 0.0134 -0.1099
v  0.0981 0.0117 -0.1106
v  0.0968 0.0103 -0.1079
v  0.0971 0.0100 -0.1077
v  0.0980 0.0112 -0.1107
v  0.0981 0.0107 -0.1106
v  0.1003 0.0157 -0.1066
v  0.1010 0.0156 -0.1082
v  0.1017 0.0147 -0.1105
v  0.1011 0.0134 -0.1116
v  0.1005 0.0117 -0.1126
v  0.0983 0.0103 -0.1105
v  0.0986 0.0100 -0.1102
v  0.1004 0.0112 -0.1127
v  0.1005 0.0107 -0.1126
v  0.1011 0.0157 -0.1081
v  0.1024 0.0156 -0.1093
v  0.1038 0.0147 -0.1113
v  0.1036 0.0134 -0.1125
v  0.1034 0.0117 -0.1137
v  0.1006 0.0103 -0.1124
v  0.1008 0.0100 -0.1121
v  0.1034 0.0112 -0.1138
v  0.1034 0.0107 -0.1137
v  0.1025 0.0157 -0.1092
v  0.1041 0.0157 -0.1098
v  0.1060 0.0147 -0.1113
v  0.1063 0.0134 -0.1125
v  0.1065 0.0117 -0.1137
v  0.1034 0.0103 -0.1134
v  0.1035 0.0100 -0.1131
v  0.1065 0.0112 -0.1138
v  0.1065 0.0107 -0.1137
v  0.1040 0.0156 -0.1100
v  0.1058 0.0156 -0.1100
v  0.1082 0.0147 -0.1105
v  0.1088 0.0134 -0.1116
v  0.1094 0.0117 -0.1126
v  0.1064 0.0103 -0.1134
v  0.1064 0.0100 -0.1131
v  0.1094 0.0112 -0.1127
v  0.1094 0.0107 -0.1126
v  0.1058 0.0157 -0.1098
v  0.1075 0.0156 -0.1093
v  0.1092 0.0103 -0.1124
v  0.1091 0.0100 -0.1121
v  0.1074 0.0157 -0.1092
v  0.1088 0.0156 -0.1082
v  0.1116 0.0103 -0.1105
v  0.1113 0.0100 -0.1102
v  0.1087 0.0157 -0.1081
v  0.1126 0.0134 -0.1049
v  0.1131 0.0103 -0.1079
v  0.1127 0.0100 -0.1077
v  0.1138 0.0107 -0.1049
v  0.1100 0.0157 -0.1049
v  0.1049 0.0100 -0.1049
v  0.1058 0.0157 -0.1000
v  0.1002 0.0157 -0.1032
v  0.1024 0.0157 -0.1093
v  0.1011 0.0157 -0.1082
v  0.1088 0.0157 -0.1082
v  0.1074 0.0157 -0.1093
v  0.1002 0.0157 -0.1066
v  0.1058 0.0157 -0.1099
v  0.1088 0.0157 -0.1017
v  0.1024 0.0157 -0.1006
v  0.0999 0.0157 -0.1049
v  0.1040 0.0157 -0.1099
v  0.1040 0.0157 -0.1000
v  -0.0949 0.0156 -0.1049
v  -0.0935 0.0147 -0.1049
v  -0.0939 0.0147 -0.1071
v  -0.0952 0.0156 -0.1067
v  -0.0951 0.0157 -0.1049
v  -0.0954 0.0157 -0.1066
v  -0.1000 0.0158 -0.1049
v  -0.0916 0.0117 -0.1019
v  -0.0916 0.0112 -0.1018
v  -0.0910 0.0112 -0.1049
v  -0.0911 0.0117 -0.1049
v  -0.0919 0.0103 -0.1020
v  -0.0922 0.0100 -0.1021
v  -0.0917 0.0100 -0.1049
v  -0.0913 0.0103 -0.1049
v  -0.0931 0.0112 -0.0991
v  -0.0932 0.0107 -0.0992
v  -0.0916 0.0107 -0.1019
v  -0.0939 0.0147 -0.1027
v  -0.0950 0.0147 -0.1008
v  -0.0941 0.0134 -0.1000
v  -0.0928 0.0134 -0.1023
v  -0.1059 0.0134 -0.1000
v  -0.1072 0.0134 -0.1023
v  -0.1084 0.0117 -0.1019
v  -0.1068 0.0117 -0.0992
v  -0.0955 0.0117 -0.0972
v  -0.0955 0.0112 -0.0971
v  -0.0932 0.0117 -0.0992
v  -0.0962 0.0157 -0.1017
v  -0.0954 0.0157 -0.1032
v  -0.0961 0.0156 -0.1016
v  -0.0952 0.0156 -0.1032
v  -0.1084 0.0112 -0.1018
v  -0.1069 0.0112 -0.0991
v  -0.0934 0.0103 -0.0994
v  -0.0937 0.0100 -0.0996
v  -0.0974 0.0156 -0.1005
v  -0.0968 0.0147 -0.0993
v  -0.1050 0.0147 -0.1008
v  -0.1061 0.0147 -0.1027
v  -0.0961 0.0134 -0.0982
v  -0.0987 0.0134 -0.0973
v  -0.0985 0.0117 -0.0962
v  -0.0957 0.0103 -0.0974
v  -0.0959 0.0100 -0.0978
v  -0.0984 0.0112 -0.0961
v  -0.0985 0.0107 -0.0962
v  -0.0955 0.0107 -0.0972
v  -0.0989 0.0147 -0.0985
v  -0.0975 0.0157 -0.1006
v  -0.0991 0.0156 -0.0999
v  -0.1015 0.0107 -0.0962
v  -0.1015 0.0103 -0.0964
v  -0.0985 0.0103 -0.0964
v  -0.1013 0.0134 -0.0973
v  -0.1015 0.0117 -0.0962
v  -0.0986 0.0100 -0.0968
v  -0.1016 0.0112 -0.0961
v  -0.0991 0.0157 -0.1001
v  -0.1009 0.0156 -0.0999
v  -0.1011 0.0147 -0.0985
v  -0.1032 0.0147 -0.0993
v  -0.1039 0.0134 -0.0982
v  -0.1045 0.0117 -0.0972
v  -0.1014 0.0100 -0.0968
v  -0.1045 0.0112 -0.0971
v  -0.1045 0.0107 -0.0972
v  -0.1009 0.0157 -0.1001
v  -0.1026 0.0156 -0.1005
v  -0.1043 0.0103 -0.0974
v  -0.1041 0.0100 -0.0978
v  -0.1068 0.0107 -0.0992
v  -0.1025 0.0157 -0.1006
v  -0.1039 0.0156 -0.1016
v  -0.0932 0.0117 -0.1106
v  -0.0916 0.0117 -0.1080
v  -0.0916 0.0112 -0.1080
v  -0.0931 0.0112 -0.1107
v  -0.0916 0.0107 -0.1080
v  -0.0932 0.0107 -0.1106
v  -0.1066 0.0103 -0.0994
v  -0.1063 0.0100 -0.0996
v  -0.1084 0.0107 -0.1019
v  -0.1038 0.0157 -0.1017
v  -0.1048 0.0156 -0.1032
v  -0.0928 0.0134 -0.1076
v  -0.0941 0.0134 -0.1099
v  -0.0950 0.0147 -0.1091
v  -0.1065 0.0147 -0.1049
v  -0.1077 0.0134 -0.1049
v  -0.1089 0.0117 -0.1049
v  -0.1081 0.0103 -0.1020
v  -0.1078 0.0100 -0.1021
v  -0.1090 0.0112 -0.1049
v  -0.1089 0.0107 -0.1049
v  -0.1046 0.0157 -0.1032
v  -0.1072 0.0134 -0.1076
v  -0.1084 0.0117 -0.1080
v  -0.1087 0.0103 -0.1049
v  -0.1083 0.0100 -0.1049
v  -0.1084 0.0112 -0.1080
v  -0.1084 0.0107 -0.1080
v  -0.1061 0.0147 -0.1071
v  -0.1051 0.0156 -0.1049
v  -0.1049 0.0157 -0.1049
v  -0.1048 0.0156 -0.1067
v  -0.1050 0.0147 -0.1091
v  -0.1059 0.0134 -0.1099
v  -0.1068 0.0117 -0.1106
v  -0.1081 0.0103 -0.1079
v  -0.1078 0.0100 -0.1077
v  -0.1069 0.0112 -0.1107
v  -0.1068 0.0107 -0.1106
v  -0.1046 0.0157 -0.1066
v  -0.1039 0.0156 -0.1082
v  -0.1032 0.0147 -0.1105
v  -0.1039 0.0134 -0.1116
v  -0.1045 0.0117 -0.1126
v  -0.1066 0.0103 -0.1105
v  -0.1063 0.0100 -0.1102
v  -0.1045 0.0112 -0.1127
v  -0.1045 0.0107 -0.1126
v  -0.1038 0.0157 -0.1081
v  -0.1026 0.0156 -0.1093
v  -0.1011 0.0147 -0.1113
v  -0.1013 0.0134 -0.1125
v  -0.1015 0.0117 -0.1137
v  -0.1043 0.0103 -0.1124
v  -0.1041 0.0100 -0.1121
v  -0.1016 0.0112 -0.1138
v  -0.1015 0.0107 -0.1137
v  -0.1025 0.0157 -0.1092
v  -0.1009 0.0157 -0.1098
v  -0.0989 0.0147 -0.1113
v  -0.0987 0.0134 -0.1125
v  -0.0985 0.0117 -0.1137
v  -0.1015 0.0103 -0.1134
v  -0.1014 0.0100 -0.1131
v  -0.0984 0.0112 -0.1138
v  -0.0985 0.0107 -0.1137
v  -0.1009 0.0156 -0.1100
v  -0.0991 0.0156 -0.1100
v  -0.0968 0.0147 -0.1105
v  -0.0961 0.0134 -0.1116
v  -0.0955 0.0117 -0.1126
v  -0.0985 0.0103 -0.1134
v  -0.0986 0.0100 -0.1131
v  -0.0955 0.0112 -0.1127
v  -0.0955 0.0107 -0.1126
v  -0.0991 0.0157 -0.1098
v  -0.0974 0.0156 -0.1093
v  -0.0957 0.0103 -0.1124
v  -0.0959 0.0100 -0.1121
v  -0.0975 0.0157 -0.1092
v  -0.0961 0.0156 -0.1082
v  -0.0934 0.0103 -0.1105
v  -0.0937 0.0100 -0.1102
v  -0.0962 0.0157 -0.1081
v  -0.0923 0.0134 -0.1049
v  -0.0919 0.0103 -0.1079
v  -0.0922 0.0100 -0.1077
v  -0.0911 0.0107 -0.1049
v  -0.0953 0.0157 -0.1032
v  -0.0950 0.0157 -0.1049
v  -0.1000 0.0100 -0.1049
v  -0.0991 0.0157 -0.1000
v  -0.1047 0.0157 -0.1032
v  -0.1039 0.0157 -0.1017
v  -0.1025 0.0157 -0.1093
v  -0.1039 0.0157 -0.1082
v  -0.0961 0.0157 -0.1082
v  -0.0975 0.0157 -0.1093
v  -0.0953 0.0157 -0.1066
v  -0.1047 0.0157 -0.1066
v  -0.0991 0.0157 -0.1099
v  -0.0961 0.0157 -0.1017
v  -0.1050 0.0157 -0.1049
v  -0.1009 0.0157 -0.1099
v  -0.1009 0.0157 -0.1000
v  1.6533 4.9852 -0.1214
v  1.6458 5.0279 -0.1214
v  1.9882 5.0884 -0.1214
v  1.9958 5.0458 -0.1214
v  1.9979 5.0461 -0.1192
v  1.9904 5.0888 -0.1192
v  1.9904 5.0888 0.1206
v  1.9979 5.0461 0.1206
v  1.6512 4.9849 0.1206
v  1.6437 5.0275 0.1206
v  1.6437 5.0275 -0.1192
v  1.6512 4.9849 -0.1192
v  1.9890 5.0902 -0.1202
v  1.9879 5.0903 -0.1203
v  1.9879 5.0905 -0.1192
v  1.9890 5.0904 -0.1192
v  1.9896 5.0897 -0.1202
v  1.9899 5.0898 -0.1192
v  1.9901 5.0887 -0.1203
v  1.9891 5.0896 -0.1208
v  1.9894 5.0897 -0.1205
v  1.9897 5.0887 -0.1207
v  1.9893 5.0886 -0.1211
v  1.9880 5.0895 -0.1211
v  1.9891 5.0896 0.1222
v  1.9880 5.0895 0.1224
v  1.9882 5.0884 0.1227
v  1.9893 5.0886 0.1224
v  1.9896 5.0897 0.1216
v  1.9894 5.0897 0.1219
v  1.9897 5.0887 0.1220
v  1.9901 5.0887 0.1216
v  1.9899 5.0898 0.1206
v  1.9890 5.0902 0.1216
v  1.9890 5.0904 0.1206
v  1.9879 5.0905 0.1206
v  1.9879 5.0903 0.1216
v  1.6441 5.0286 -0.1202
v  1.6440 5.0276 -0.1203
v  1.6438 5.0286 -0.1192
v  1.6445 5.0293 -0.1202
v  1.6444 5.0296 -0.1192
v  1.6454 5.0300 -0.1192
v  1.6455 5.0297 -0.1203
v  1.6446 5.0287 -0.1208
v  1.6456 5.0290 -0.1211
v  1.6447 5.0277 -0.1211
v  1.6443 5.0287 -0.1205
v  1.6443 5.0276 -0.1207
v  1.6445 5.0293 0.1216
v  1.6455 5.0297 0.1216
v  1.6454 5.0300 0.1206
v  1.6444 5.0296 0.1206
v  1.6441 5.0286 0.1216
v  1.6438 5.0286 0.1206
v  1.6440 5.0276 0.1216
v  1.6446 5.0287 0.1222
v  1.6443 5.0287 0.1219
v  1.6443 5.0276 0.1220
v  1.6447 5.0277 0.1224
v  1.6458 5.0279 0.1227
v  1.6456 5.0290 0.1224
v  1.9976 5.0461 0.1216
v  1.9968 5.0459 0.1224
v  1.9972 5.0460 0.1220
v  1.9958 5.0458 0.1227
v  1.9976 5.0461 -0.1203
v  1.9968 5.0459 -0.1211
v  1.9972 5.0460 -0.1207
v  1.6515 4.9849 -0.1203
v  1.6523 4.9851 -0.1211
v  1.6519 4.9850 -0.1207
v  1.6515 4.9849 0.1216
v  1.6523 4.9851 0.1224
v  1.6519 4.9850 0.1220
v  1.6533 4.9852 0.1227
v  1.4140 4.9598 -0.0353
v  1.4153 4.9523 -0.0468
v  1.4136 4.9619 -0.0520
v  1.4127 4.9671 -0.0393
v  1.3707 4.9762 -0.0416
v  1.3794 4.9777 -0.0416
v  1.3808 4.9697 -0.0408
v  1.3721 4.9682 -0.0408
v  1.3671 4.9914 -0.0376
v  1.3684 4.9838 -0.0399
v  1.3687 4.9820 -0.0303
v  1.3677 4.9877 -0.0286
v  1.3658 4.9983 -0.0338
v  1.3668 4.9929 -0.0257
v  1.3648 5.0044 -0.0288
v  1.3660 4.9975 -0.0219
v  1.3639 5.0093 -0.0226
v  1.3653 5.0013 -0.0172
v  1.3632 5.0130 -0.0156
v  1.3648 5.0041 -0.0118
v  1.3628 5.0153 -0.0079
v  1.3645 5.0059 -0.0060
v  1.3627 5.0161 -0.0000
v  1.3644 5.0064 -0.0000
v  1.3628 5.0153 0.0079
v  1.3645 5.0059 0.0060
v  1.3632 5.0130 0.0156
v  1.3648 5.0041 0.0118
v  1.3639 5.0093 0.0226
v  1.3653 5.0013 0.0172
v  1.3648 5.0044 0.0288
v  1.3660 4.9975 0.0219
v  1.3658 4.9983 0.0338
v  1.3668 4.9929 0.0257
v  1.3671 4.9914 0.0376
v  1.3677 4.9877 0.0286
v  1.3684 4.9838 0.0399
v  1.3687 4.9820 0.0303
v  1.3698 4.9760 0.0407
v  1.3698 4.9760 0.0309
v  1.3712 4.9682 0.0399
v  1.3708 4.9701 0.0303
v  1.3725 4.9607 0.0376
v  1.3718 4.9644 0.0286
v  1.3737 4.9537 0.0338
v  1.3728 4.9591 0.0257
v  1.3748 4.9477 0.0288
v  1.3736 4.9545 0.0219
v  1.3757 4.9427 0.0226
v  1.3743 4.9507 0.0172
v  1.3763 4.9390 0.0156
v  1.3748 4.9479 0.0118
v  1.3767 4.9367 0.0079
v  1.3751 4.9462 0.0060
v  1.3769 4.9359 -0.0000
v  1.3752 4.9456 -0.0000
v  1.3767 4.9367 -0.0079
v  1.3751 4.9462 -0.0060
v  1.3763 4.9390 -0.0156
v  1.3748 4.9479 -0.0118
v  1.3757 4.9427 -0.0226
v  1.3743 4.9507 -0.0172
v  1.3748 4.9477 -0.0288
v  1.3736 4.9545 -0.0219
v  1.3737 4.9537 -0.0338
v  1.3728 4.9591 -0.0257
v  1.3725 4.9607 -0.0376
v  1.3718 4.9644 -0.0286
v  1.3698 4.9760 -0.0407
v  1.3698 4.9760 -0.0309
v  1.3712 4.9682 -0.0399
v  1.3708 4.9701 -0.0303
v  1.4070 4.9991 -0.0393
v  1.4061 5.0043 -0.0520
v  1.4044 5.0139 -0.0468
v  1.4057 5.0064 -0.0353
v  1.4029 5.0223 -0.0398
v  1.4046 5.0127 -0.0301
v  1.4017 5.0291 -0.0312
v  1.4037 5.0179 -0.0236
v  1.4008 5.0343 -0.0215
v  1.4030 5.0218 -0.0163
v  1.4003 5.0374 -0.0110
v  1.4026 5.0241 -0.0083
v  1.4001 5.0385 -0.0000
v  1.4025 5.0250 -0.0000
v  1.4003 5.0374 0.0110
v  1.4026 5.0241 0.0083
v  1.4008 5.0343 0.0215
v  1.4030 5.0218 0.0163
v  1.4017 5.0291 0.0312
v  1.4037 5.0179 0.0236
v  1.4029 5.0223 0.0398
v  1.4046 5.0127 0.0301
v  1.4044 5.0139 0.0468
v  1.4057 5.0064 0.0353
v  1.4061 5.0043 0.0520
v  1.4070 4.9991 0.0393
v  1.4079 4.9939 0.0552
v  1.4084 4.9913 0.0417
v  1.4099 4.9831 0.0562
v  1.4099 4.9831 0.0425
v  1.4118 4.9723 0.0552
v  1.4113 4.9749 0.0417
v  1.4136 4.9619 0.0520
v  1.4127 4.9671 0.0393
v  1.4153 4.9523 0.0468
v  1.4140 4.9598 0.0353
v  1.4168 4.9439 0.0398
v  1.4151 4.9535 0.0301
v  1.4180 4.9370 0.0312
v  1.4160 4.9483 0.0236
v  1.4189 4.9319 0.0215
v  1.4167 4.9444 0.0163
v  1.4194 4.9288 0.0110
v  1.4171 4.9420 0.0083
v  1.4196 4.9277 -0.0000
v  1.4172 4.9412 -0.0000
v  1.4194 4.9288 -0.0110
v  1.4171 4.9420 -0.0083
v  1.4189 4.9319 -0.0215
v  1.4167 4.9444 -0.0163
v  1.4180 4.9370 -0.0312
v  1.4160 4.9483 -0.0236
v  1.4168 4.9439 -0.0398
v  1.4151 4.9535 -0.0301
v  1.4084 4.9913 -0.0417
v  1.4079 4.9939 -0.0552
v  1.3734 4.9605 -0.0384
v  1.3822 4.9620 -0.0384
v  1.3834 4.9550 -0.0346
v  1.3747 4.9534 -0.0346
v  1.4118 4.9723 -0.0552
v  1.4113 4.9749 -0.0417
v  1.4772 5.0110 -0.0381
v  1.4846 5.0123 -0.0381
v  1.4859 5.0047 -0.0405
v  1.4785 5.0034 -0.0405
v  1.4850 4.9667 -0.0292
v  1.4924 4.9681 -0.0292
v  1.4933 4.9630 -0.0229
v  1.4859 4.9617 -0.0229
v  1.4138 4.9838 -0.0000
v  1.4126 4.9895 -0.0292
v  1.4136 4.9838 -0.0298
v  1.4759 5.0181 -0.0343
v  1.4834 5.0194 -0.0343
v  1.4733 5.0330 0.0158
v  1.4807 5.0343 0.0158
v  1.4803 5.0366 0.0080
v  1.4729 5.0353 0.0080
v  1.4156 4.9725 0.0275
v  1.4146 4.9780 0.0292
v  1.4865 4.9579 -0.0158
v  1.4940 4.9592 -0.0158
v  1.4944 4.9569 -0.0081
v  1.4869 4.9556 -0.0081
v  1.5108 5.0184 0.0257
v  1.5627 5.0275 0.0257
v  1.5618 5.0321 0.0218
v  1.5100 5.0230 0.0218
v  1.4772 5.0110 0.0381
v  1.4846 5.0123 0.0381
v  1.4834 5.0194 0.0343
v  1.4759 5.0181 0.0343
v  1.4179 4.9594 -0.0165
v  1.4184 4.9567 -0.0114
v  1.4871 4.9548 -0.0000
v  1.4945 4.9562 -0.0000
v  1.4944 4.9569 0.0080
v  1.4869 4.9556 0.0080
v  1.4739 5.0293 0.0229
v  1.4814 5.0306 0.0229
v  1.4799 4.9955 -0.0413
v  1.4873 4.9968 -0.0413
v  1.4748 5.0242 0.0292
v  1.4823 5.0255 0.0292
v  1.4940 4.9592 0.0158
v  1.4865 4.9579 0.0158
v  1.4802 5.0374 -0.0000
v  1.4727 5.0361 -0.0000
v  1.4088 5.0108 -0.0114
v  1.4093 5.0081 -0.0165
v  1.4933 4.9630 0.0229
v  1.4859 4.9617 0.0229
v  1.4803 5.0366 -0.0081
v  1.4729 5.0353 -0.0081
v  1.4924 4.9681 0.0292
v  1.4850 4.9667 0.0292
v  1.4807 5.0343 -0.0158
v  1.4733 5.0330 -0.0158
v  1.4165 4.9675 0.0247
v  1.4913 4.9742 0.0343
v  1.4839 4.9729 0.0343
v  1.4814 5.0306 -0.0229
v  1.4739 5.0293 -0.0229
v  1.4813 4.9875 0.0405
v  1.4887 4.9889 0.0405
v  1.4873 4.9968 0.0413
v  1.4799 4.9955 0.0413
v  1.4823 5.0255 -0.0292
v  1.4748 5.0242 -0.0292
v  1.4100 5.0045 0.0210
v  1.4093 5.0081 0.0165
v  1.4901 4.9812 0.0381
v  1.4827 4.9799 0.0381
v  1.5138 5.0015 -0.0309
v  1.5656 5.0106 -0.0309
v  1.5667 5.0047 -0.0303
v  1.5149 4.9955 -0.0303
v  1.4834 5.0255 0.0290
v  1.4845 5.0194 0.0341
v  1.4126 4.9895 0.0292
v  1.4116 4.9950 0.0275
v  1.4785 5.0034 0.0405
v  1.4859 5.0047 0.0405
v  1.4827 4.9799 -0.0381
v  1.4901 4.9812 -0.0381
v  1.4913 4.9742 -0.0343
v  1.4839 4.9729 -0.0343
v  1.3693 4.9842 -0.0408
v  1.3780 4.9857 -0.0408
v  1.4099 4.9831 -0.0562
v  1.4099 4.9831 -0.0425
v  1.4763 5.0113 -0.0393
v  1.4753 5.0165 -0.0520
v  1.4736 5.0261 -0.0468
v  1.4750 5.0186 -0.0353
v  1.3758 4.9472 -0.0294
v  1.3845 4.9488 -0.0294
v  1.3854 4.9437 -0.0231
v  1.3767 4.9421 -0.0231
v  1.3861 4.9399 -0.0159
v  1.3774 4.9383 -0.0159
v  1.3865 4.9375 -0.0081
v  1.3778 4.9360 -0.0081
v  1.3867 4.9367 -0.0000
v  1.3779 4.9352 -0.0000
v  1.3865 4.9375 0.0081
v  1.3778 4.9360 0.0081
v  1.3861 4.9399 0.0159
v  1.3774 4.9383 0.0159
v  1.3854 4.9437 0.0231
v  1.3767 4.9421 0.0231
v  1.3845 4.9488 0.0294
v  1.3758 4.9472 0.0294
v  1.3834 4.9550 0.0346
v  1.3747 4.9534 0.0346
v  1.3822 4.9620 0.0384
v  1.3734 4.9605 0.0384
v  1.3808 4.9697 0.0408
v  1.3721 4.9682 0.0408
v  1.3794 4.9777 0.0416
v  1.3707 4.9762 0.0416
v  1.3780 4.9857 0.0408
v  1.3693 4.9842 0.0408
v  1.3767 4.9934 0.0384
v  1.3679 4.9918 0.0384
v  1.3754 5.0005 0.0346
v  1.3666 4.9989 0.0346
v  1.3743 5.0067 0.0294
v  1.3656 5.0051 0.0294
v  1.3734 5.0118 0.0231
v  1.3647 5.0102 0.0231
v  1.3727 5.0156 0.0159
v  1.3640 5.0140 0.0159
v  1.3723 5.0179 0.0081
v  1.3636 5.0164 0.0081
v  1.3722 5.0187 -0.0000
v  1.3634 5.0171 -0.0000
v  1.3723 5.0179 -0.0081
v  1.3636 5.0164 -0.0081
v  1.3727 5.0156 -0.0159
v  1.3640 5.0140 -0.0159
v  1.3734 5.0118 -0.0231
v  1.3647 5.0102 -0.0231
v  1.3743 5.0067 -0.0294
v  1.3656 5.0051 -0.0294
v  1.3754 5.0005 -0.0346
v  1.3666 4.9989 -0.0346
v  1.3767 4.9934 -0.0384
v  1.3679 4.9918 -0.0384
v  1.4481 4.9983 -0.0417
v  1.4476 5.0009 -0.0552
v  1.4495 4.9901 -0.0562
v  1.4495 4.9901 -0.0425
v  1.4510 4.9819 -0.0417
v  1.4514 4.9793 -0.0552
v  1.4533 4.9689 -0.0520
v  1.4524 4.9741 -0.0393
v  1.4466 5.0118 -0.0528
v  1.4744 5.0167 -0.0528
v  1.4763 5.0061 -0.0560
v  1.4485 5.0012 -0.0560
v  1.4454 5.0134 -0.0353
v  1.4441 5.0209 -0.0468
v  1.4458 5.0113 -0.0520
v  1.4467 5.0061 -0.0393
v  1.4443 5.0197 -0.0301
v  1.4426 5.0293 -0.0398
v  1.4434 5.0249 -0.0236
v  1.4414 5.0362 -0.0312
v  1.4427 5.0288 -0.0163
v  1.4405 5.0413 -0.0215
v  1.4423 5.0312 -0.0083
v  1.4399 5.0444 -0.0110
v  1.4421 5.0320 -0.0000
v  1.4398 5.0455 -0.0000
v  1.4423 5.0312 0.0083
v  1.4399 5.0444 0.0110
v  1.4427 5.0288 0.0163
v  1.4405 5.0413 0.0215
v  1.4434 5.0249 0.0236
v  1.4414 5.0362 0.0312
v  1.4443 5.0197 0.0301
v  1.4426 5.0293 0.0398
v  1.4454 5.0134 0.0353
v  1.4441 5.0209 0.0468
v  1.4467 5.0061 0.0393
v  1.4458 5.0113 0.0520
v  1.4481 4.9983 0.0417
v  1.4476 5.0009 0.0552
v  1.4093 4.9912 0.0408
v  1.4107 4.9833 0.0416
v  1.4487 4.9900 0.0416
v  1.4472 4.9979 0.0408
v  1.4510 4.9819 0.0417
v  1.4514 4.9793 0.0552
v  1.4495 4.9901 0.0562
v  1.4495 4.9901 0.0425
v  1.4122 4.9753 0.0408
v  1.4135 4.9676 0.0384
v  1.4514 4.9743 0.0384
v  1.4501 4.9820 0.0408
v  1.4536 4.9669 0.0353
v  1.4550 4.9593 0.0468
v  1.4533 4.9689 0.0520
v  1.4524 4.9741 0.0393
v  1.4548 4.9605 0.0301
v  1.4565 4.9510 0.0398
v  1.4557 4.9553 0.0236
v  1.4577 4.9441 0.0312
v  1.4564 4.9514 0.0163
v  1.4586 4.9389 0.0215
v  1.4568 4.9491 0.0083
v  1.4591 4.9358 0.0110
v  1.4569 4.9482 -0.0000
v  1.4593 4.9347 -0.0000
v  1.4568 4.9491 -0.0083
v  1.4591 4.9358 -0.0110
v  1.4564 4.9514 -0.0163
v  1.4586 4.9389 -0.0215
v  1.4557 4.9553 -0.0236
v  1.4577 4.9441 -0.0312
v  1.4548 4.9605 -0.0301
v  1.4565 4.9510 -0.0398
v  1.4536 4.9669 -0.0353
v  1.4550 4.9593 -0.0468
v  1.4791 4.9953 -0.0425
v  1.4791 4.9953 -0.0562
v  1.4772 5.0061 -0.0552
v  1.4776 5.0035 -0.0417
v  1.4776 5.0035 0.0417
v  1.4772 5.0061 0.0552
v  1.4791 4.9953 0.0562
v  1.4791 4.9953 0.0425
v  1.3909 4.9228 0.0111
v  1.4187 4.9278 0.0111
v  1.4182 4.9310 0.0219
v  1.3904 4.9260 0.0219
v  1.4093 4.9912 -0.0408
v  1.4080 4.9989 -0.0384
v  1.4459 5.0056 -0.0384
v  1.4472 4.9979 -0.0408
v  1.3720 5.0300 -0.0219
v  1.3998 5.0349 -0.0219
v  1.4007 5.0297 -0.0317
v  1.3729 5.0248 -0.0317
v  1.4156 4.9725 -0.0275
v  1.4165 4.9675 -0.0247
v  1.4852 4.9605 0.0236
v  1.4872 4.9493 0.0312
v  1.4881 4.9442 0.0215
v  1.4859 4.9567 0.0163
v  1.4739 5.0249 -0.0301
v  1.4722 5.0345 -0.0398
v  1.4709 5.0414 -0.0312
v  1.4729 5.0301 -0.0236
v  1.4080 4.9989 0.0384
v  1.4459 5.0056 0.0384
v  1.3911 4.9218 -0.0000
v  1.4189 4.9267 -0.0000
v  1.4122 4.9753 -0.0408
v  1.4107 4.9833 -0.0416
v  1.4487 4.9900 -0.0416
v  1.4501 4.9820 -0.0408
v  1.3714 5.0332 -0.0111
v  1.3992 5.0381 -0.0111
v  1.4887 4.9410 0.0110
v  1.4863 4.9543 0.0083
v  1.4700 5.0465 -0.0215
v  1.4722 5.0340 -0.0163
v  1.4067 5.0060 0.0346
v  1.4446 5.0127 0.0346
v  1.3909 4.9228 -0.0111
v  1.4187 4.9278 -0.0111
v  1.4135 4.9676 -0.0384
v  1.4514 4.9743 -0.0384
v  1.3713 5.0343 -0.0000
v  1.3990 5.0392 -0.0000
v  1.4889 4.9399 -0.0000
v  1.4865 4.9535 -0.0000
v  1.4695 5.0496 -0.0110
v  1.4718 5.0364 -0.0083
v  1.4056 5.0122 0.0294
v  1.4435 5.0189 0.0294
v  1.3904 4.9260 -0.0219
v  1.4182 4.9310 -0.0219
v  1.4148 4.9605 -0.0346
v  1.4527 4.9672 -0.0346
v  1.3714 5.0332 0.0111
v  1.3992 5.0381 0.0111
v  1.4887 4.9410 -0.0110
v  1.4863 4.9543 -0.0083
v  1.4693 5.0507 -0.0000
v  1.4717 5.0372 -0.0000
v  1.4047 5.0173 0.0231
v  1.4426 5.0240 0.0231
v  1.3895 4.9312 -0.0317
v  1.4172 4.9362 -0.0317
v  1.4159 4.9543 -0.0294
v  1.4538 4.9610 -0.0294
v  1.3720 5.0300 0.0219
v  1.3998 5.0349 0.0219
v  1.4086 5.0125 0.0058
v  1.4085 5.0131 -0.0000
v  1.4881 4.9442 -0.0215
v  1.4859 4.9567 -0.0163
v  1.4695 5.0496 0.0110
v  1.4718 5.0364 0.0083
v  1.4040 5.0211 0.0159
v  1.4420 5.0278 0.0159
v  1.3882 4.9382 -0.0404
v  1.4160 4.9432 -0.0404
v  1.4168 4.9492 -0.0231
v  1.4547 4.9559 -0.0231
v  1.3729 5.0248 0.0317
v  1.4007 5.0297 0.0317
v  1.4184 4.9567 0.0114
v  1.4179 4.9594 0.0165
v  1.4872 4.9493 -0.0312
v  1.4852 4.9605 -0.0236
v  1.4700 5.0465 0.0215
v  1.4722 5.0340 0.0163
v  1.4036 5.0234 0.0081
v  1.4416 5.0301 0.0081
v  1.3867 4.9468 -0.0475
v  1.4145 4.9517 -0.0475
v  1.4174 4.9454 -0.0159
v  1.4553 4.9521 -0.0159
v  1.3742 5.0178 0.0404
v  1.4019 5.0227 0.0404
v  1.4860 4.9562 -0.0398
v  1.4843 4.9657 -0.0301
v  1.4709 5.0414 0.0312
v  1.4729 5.0301 0.0236
v  1.4035 5.0242 -0.0000
v  1.4414 5.0309 -0.0000
v  1.3850 4.9565 -0.0528
v  1.4128 4.9614 -0.0528
v  1.4178 4.9431 -0.0081
v  1.4558 4.9498 -0.0081
v  1.3762 5.0011 0.0353
v  1.3749 5.0086 0.0468
v  1.3734 5.0170 0.0398
v  1.3751 5.0075 0.0301
v  1.4845 4.9646 -0.0468
v  1.4832 4.9721 -0.0353
v  1.4722 5.0345 0.0398
v  1.4739 5.0249 0.0301
v  1.3803 4.9779 -0.0425
v  1.3803 4.9779 -0.0562
v  1.3822 4.9671 -0.0552
v  1.3818 4.9697 -0.0417
v  1.4819 4.9793 -0.0393
v  1.4828 4.9741 -0.0520
v  1.4810 4.9845 -0.0552
v  1.4805 4.9872 -0.0417
v  1.3831 4.9619 -0.0393
v  1.3841 4.9567 -0.0520
v  1.3857 4.9471 -0.0468
v  1.3844 4.9546 -0.0353
v  1.3872 4.9387 -0.0398
v  1.3855 4.9483 -0.0301
v  1.3884 4.9318 -0.0312
v  1.3865 4.9431 -0.0236
v  1.3893 4.9267 -0.0215
v  1.3871 4.9392 -0.0163
v  1.3899 4.9236 -0.0110
v  1.3876 4.9368 -0.0083
v  1.3901 4.9225 -0.0000
v  1.3877 4.9360 -0.0000
v  1.3899 4.9236 0.0110
v  1.3876 4.9368 0.0083
v  1.3893 4.9267 0.0215
v  1.3871 4.9392 0.0163
v  1.3884 4.9318 0.0312
v  1.3865 4.9431 0.0236
v  1.4843 4.9657 0.0301
v  1.4860 4.9562 0.0398
v  1.3855 4.9483 0.0301
v  1.3872 4.9387 0.0398
v  1.3857 4.9471 0.0468
v  1.3844 4.9546 0.0353
v  1.4819 4.9793 0.0393
v  1.4828 4.9741 0.0520
v  1.4845 4.9646 0.0468
v  1.4832 4.9721 0.0353
v  1.3831 4.9619 0.0393
v  1.3841 4.9567 0.0520
v  1.3822 4.9671 0.0552
v  1.3818 4.9697 0.0417
v  1.4810 4.9845 0.0552
v  1.4805 4.9872 0.0417
v  1.3803 4.9779 0.0425
v  1.3803 4.9779 0.0562
v  1.3784 4.9887 0.0552
v  1.3789 4.9860 0.0417
v  1.4763 5.0113 0.0393
v  1.4753 5.0165 0.0520
v  1.3775 4.9939 0.0393
v  1.3766 4.9991 0.0520
v  1.4736 5.0261 0.0468
v  1.4750 5.0186 0.0353
v  1.3722 5.0239 0.0312
v  1.3742 5.0127 0.0236
v  1.3713 5.0290 0.0215
v  1.3735 5.0165 0.0163
v  1.3707 5.0322 0.0110
v  1.3731 5.0189 0.0083
v  1.3705 5.0333 -0.0000
v  1.3729 5.0197 -0.0000
v  1.3707 5.0322 -0.0110
v  1.3731 5.0189 -0.0083
v  1.3713 5.0290 -0.0215
v  1.3735 5.0165 -0.0163
v  1.3722 5.0239 -0.0312
v  1.3742 5.0127 -0.0236
v  1.3734 5.0170 -0.0398
v  1.3751 5.0075 -0.0301
v  1.3774 4.9996 -0.0528
v  1.4052 5.0045 -0.0528
v  1.4070 4.9939 -0.0560
v  1.3793 4.9890 -0.0560
v  1.4434 5.0301 -0.0404
v  1.4712 5.0350 -0.0404
v  1.4727 5.0264 -0.0475
v  1.4449 5.0215 -0.0475
v  1.4782 4.9952 -0.0571
v  1.4504 4.9903 -0.0571
v  1.4412 5.0423 -0.0219
v  1.4690 5.0472 -0.0219
v  1.4699 5.0420 -0.0317
v  1.4422 5.0371 -0.0317
v  1.4407 5.0455 -0.0111
v  1.4684 5.0504 -0.0111
v  1.4405 5.0465 -0.0000
v  1.4683 5.0514 -0.0000
v  1.4407 5.0455 0.0111
v  1.4684 5.0504 0.0111
v  1.4412 5.0423 0.0219
v  1.4690 5.0472 0.0219
v  1.4422 5.0371 0.0317
v  1.4699 5.0420 0.0317
v  1.4434 5.0301 0.0404
v  1.4712 5.0350 0.0404
v  1.4449 5.0215 0.0475
v  1.4727 5.0264 0.0475
v  1.4466 5.0118 0.0528
v  1.4744 5.0167 0.0528
v  1.4485 5.0012 0.0560
v  1.4763 5.0061 0.0560
v  1.4504 4.9903 0.0571
v  1.4782 4.9952 0.0571
v  1.4524 4.9793 0.0560
v  1.4801 4.9842 0.0560
v  1.4542 4.9687 0.0528
v  1.4820 4.9736 0.0528
v  1.4560 4.9590 0.0475
v  1.4837 4.9639 0.0475
v  1.4575 4.9505 0.0404
v  1.4852 4.9554 0.0404
v  1.4587 4.9435 0.0317
v  1.4865 4.9484 0.0317
v  1.4596 4.9383 0.0219
v  1.4874 4.9432 0.0219
v  1.4602 4.9351 0.0111
v  1.4879 4.9400 0.0111
v  1.4604 4.9340 -0.0000
v  1.4881 4.9389 -0.0000
v  1.4602 4.9351 -0.0111
v  1.4879 4.9400 -0.0111
v  1.4596 4.9383 -0.0219
v  1.4874 4.9432 -0.0219
v  1.4587 4.9435 -0.0317
v  1.4865 4.9484 -0.0317
v  1.4575 4.9505 -0.0404
v  1.4852 4.9554 -0.0404
v  1.4560 4.9590 -0.0475
v  1.4837 4.9639 -0.0475
v  1.4542 4.9687 -0.0528
v  1.4820 4.9736 -0.0528
v  1.4524 4.9793 -0.0560
v  1.4801 4.9842 -0.0560
v  1.3742 5.0178 -0.0404
v  1.4019 5.0227 -0.0404
v  1.4034 5.0142 -0.0475
v  1.3757 5.0093 -0.0475
v  1.3895 4.9312 0.0317
v  1.4172 4.9362 0.0317
v  1.4160 4.9432 0.0404
v  1.3882 4.9382 0.0404
v  1.3749 5.0086 -0.0468
v  1.3762 5.0011 -0.0353
v  1.3766 4.9991 -0.0520
v  1.3775 4.9939 -0.0393
v  1.3784 4.9887 -0.0552
v  1.3789 4.9860 -0.0417
v  1.3867 4.9468 0.0475
v  1.4145 4.9517 0.0475
v  1.4128 4.9614 0.0528
v  1.3850 4.9565 0.0528
v  1.4148 4.9605 0.0346
v  1.4527 4.9672 0.0346
v  1.4067 5.0060 -0.0346
v  1.4446 5.0127 -0.0346
v  1.4159 4.9543 0.0294
v  1.4538 4.9610 0.0294
v  1.3831 4.9671 0.0560
v  1.4109 4.9720 0.0560
v  1.4090 4.9829 0.0571
v  1.3812 4.9780 0.0571
v  1.5128 5.0074 0.0303
v  1.4870 5.0049 0.0402
v  1.4884 4.9970 0.0410
v  1.5138 5.0015 0.0309
v  1.4168 4.9492 0.0231
v  1.4547 4.9559 0.0231
v  1.4056 5.0122 -0.0294
v  1.4435 5.0189 -0.0294
v  1.4174 4.9454 0.0159
v  1.4553 4.9521 0.0159
v  1.4047 5.0173 -0.0231
v  1.4426 5.0240 -0.0231
v  1.3793 4.9890 0.0560
v  1.4070 4.9939 0.0560
v  1.4052 5.0045 0.0528
v  1.3774 4.9996 0.0528
v  1.4178 4.9431 0.0081
v  1.4558 4.9498 0.0081
v  1.4090 4.9829 -0.0571
v  1.3812 4.9780 -0.0571
v  1.4040 5.0211 -0.0159
v  1.4420 5.0278 -0.0159
v  1.3831 4.9671 -0.0560
v  1.4109 4.9720 -0.0560
v  1.4180 4.9423 -0.0000
v  1.4559 4.9490 -0.0000
v  1.4036 5.0234 -0.0081
v  1.4416 5.0301 -0.0081
v  1.3757 5.0093 0.0475
v  1.4034 5.0142 0.0475
v  1.4884 4.9970 -0.0410
v  1.4870 5.0049 -0.0402
v  1.5128 5.0074 -0.0303
v  1.5191 4.9717 -0.0060
v  1.4955 4.9574 -0.0080
v  1.4950 4.9597 -0.0157
v  1.5188 4.9734 -0.0118
v  1.5168 4.9846 -0.0257
v  1.4924 4.9745 -0.0341
v  1.4912 4.9815 -0.0379
v  1.5159 4.9898 -0.0285
v  1.4898 4.9891 -0.0402
v  1.5085 5.0313 0.0060
v  1.4815 5.0366 0.0080
v  1.4819 5.0343 0.0157
v  1.5088 5.0295 0.0118
v  1.4857 5.0124 0.0379
v  1.5118 5.0131 0.0285
v  1.4825 5.0306 0.0228
v  1.5093 5.0267 0.0171
v  1.4944 4.9634 -0.0228
v  1.5183 4.9762 -0.0171
v  1.5084 5.0319 -0.0000
v  1.4813 5.0374 -0.0000
v  1.5085 5.0313 -0.0060
v  1.4815 5.0366 -0.0080
v  1.5088 5.0295 -0.0118
v  1.4819 5.0343 -0.0157
v  1.5093 5.0267 -0.0171
v  1.4825 5.0306 -0.0228
v  1.5100 5.0230 -0.0218
v  1.4834 5.0255 -0.0290
v  1.5108 5.0184 -0.0257
v  1.4845 5.0194 -0.0341
v  1.5118 5.0131 -0.0285
v  1.4857 5.0124 -0.0379
v  1.4935 4.9684 -0.0290
v  1.5176 4.9800 -0.0218
v  1.5192 4.9711 -0.0000
v  1.4956 4.9566 -0.0000
v  1.5191 4.9717 0.0060
v  1.4955 4.9574 0.0080
v  1.5188 4.9734 0.0118
v  1.4950 4.9597 0.0157
v  1.5183 4.9762 0.0171
v  1.4944 4.9634 0.0228
v  1.5176 4.9800 0.0218
v  1.4935 4.9684 0.0290
v  1.5168 4.9846 0.0257
v  1.4924 4.9745 0.0341
v  1.5159 4.9898 0.0285
v  1.4912 4.9815 0.0379
v  1.5149 4.9955 0.0303
v  1.4898 4.9891 0.0402
v  1.3711 4.9702 -0.0297
v  1.3700 4.9761 -0.0303
v  1.3717 4.9704 -0.0294
v  1.3707 4.9762 -0.0300
v  1.3721 4.9647 -0.0280
v  1.3727 4.9649 -0.0277
v  1.3730 4.9595 -0.0252
v  1.3736 4.9598 -0.0249
v  1.3738 4.9550 -0.0214
v  1.3744 4.9553 -0.0212
v  1.3744 4.9513 -0.0168
v  1.3750 4.9516 -0.0166
v  1.3749 4.9485 -0.0116
v  1.3755 4.9489 -0.0115
v  1.3752 4.9468 -0.0059
v  1.3758 4.9472 -0.0058
v  1.3753 4.9463 -0.0000
v  1.3759 4.9467 -0.0000
v  1.3752 4.9468 0.0059
v  1.3758 4.9472 0.0058
v  1.3749 4.9485 0.0116
v  1.3755 4.9489 0.0115
v  1.3744 4.9513 0.0168
v  1.3750 4.9516 0.0166
v  1.3738 4.9550 0.0214
v  1.3744 4.9553 0.0212
v  1.3730 4.9595 0.0252
v  1.3736 4.9598 0.0249
v  1.3721 4.9647 0.0280
v  1.3727 4.9649 0.0277
v  1.3711 4.9702 0.0297
v  1.3717 4.9704 0.0294
v  1.3700 4.9761 0.0303
v  1.3707 4.9762 0.0300
v  1.3690 4.9819 0.0297
v  1.3697 4.9819 0.0294
v  1.3680 4.9875 0.0280
v  1.3687 4.9875 0.0277
v  1.3671 4.9926 0.0252
v  1.3678 4.9926 0.0249
v  1.3663 4.9971 0.0214
v  1.3670 4.9970 0.0212
v  1.3657 5.0008 0.0168
v  1.3663 5.0007 0.0166
v  1.3652 5.0036 0.0116
v  1.3659 5.0034 0.0115
v  1.3649 5.0053 0.0059
v  1.3656 5.0051 0.0058
v  1.3648 5.0059 -0.0000
v  1.3655 5.0057 -0.0000
v  1.3649 5.0053 -0.0059
v  1.3656 5.0051 -0.0058
v  1.3652 5.0036 -0.0116
v  1.3659 5.0034 -0.0115
v  1.3657 5.0008 -0.0168
v  1.3663 5.0007 -0.0166
v  1.3663 4.9971 -0.0214
v  1.3670 4.9970 -0.0212
v  1.3671 4.9926 -0.0252
v  1.3678 4.9926 -0.0249
v  1.3680 4.9875 -0.0280
v  1.3687 4.9875 -0.0277
v  1.3690 4.9819 -0.0297
v  1.3697 4.9819 -0.0294
v  1.3714 4.9681 -0.0405
v  1.3700 4.9761 -0.0413
v  1.3728 4.9605 -0.0382
v  1.3740 4.9534 -0.0344
v  1.3751 4.9473 -0.0292
v  1.3760 4.9422 -0.0230
v  1.3767 4.9385 -0.0158
v  1.3771 4.9361 -0.0081
v  1.3772 4.9354 -0.0000
v  1.3771 4.9361 0.0081
v  1.3767 4.9385 0.0158
v  1.3760 4.9422 0.0230
v  1.3751 4.9473 0.0292
v  1.3740 4.9534 0.0344
v  1.3728 4.9605 0.0382
v  1.3714 4.9681 0.0405
v  1.3700 4.9761 0.0413
v  1.3686 4.9840 0.0405
v  1.3673 4.9916 0.0382
v  1.3660 4.9987 0.0344
v  1.3650 5.0048 0.0292
v  1.3641 5.0099 0.0230
v  1.3634 5.0137 0.0158
v  1.3630 5.0160 0.0081
v  1.3628 5.0168 -0.0000
v  1.3630 5.0160 -0.0081
v  1.3634 5.0137 -0.0158
v  1.3641 5.0099 -0.0230
v  1.3650 5.0048 -0.0292
v  1.3660 4.9987 -0.0344
v  1.3673 4.9916 -0.0382
v  1.3686 4.9840 -0.0405
v  1.4026 5.0227 0.0402
v  1.4041 5.0142 0.0473
v  1.4058 5.0045 -0.0525
v  1.4041 5.0142 -0.0473
v  1.3736 5.0175 -0.0402
v  1.3751 5.0090 -0.0473
v  1.3723 5.0245 -0.0316
v  1.3714 5.0297 -0.0218
v  1.3709 5.0329 -0.0111
v  1.3707 5.0339 -0.0000
v  1.3709 5.0329 0.0111
v  1.3714 5.0297 0.0218
v  1.3723 5.0245 0.0316
v  1.3736 5.0175 0.0402
v  1.3768 4.9994 -0.0525
v  1.3786 4.9888 -0.0558
v  1.4077 4.9940 -0.0558
v  1.4026 5.0227 -0.0402
v  1.4014 5.0296 -0.0316
v  1.4004 5.0348 -0.0218
v  1.3999 5.0380 -0.0111
v  1.3997 5.0391 -0.0000
v  1.3999 5.0380 0.0111
v  1.4004 5.0348 0.0218
v  1.4014 5.0296 0.0316
v  1.4058 5.0045 0.0525
v  1.3786 4.9888 0.0558
v  1.3768 4.9994 0.0525
v  1.4077 4.9940 0.0558
v  1.4096 4.9830 0.0569
v  1.3825 4.9670 0.0558
v  1.3806 4.9779 0.0569
v  1.4115 4.9721 0.0558
v  1.4134 4.9616 0.0525
v  1.3861 4.9468 0.0473
v  1.3844 4.9565 0.0525
v  1.4151 4.9519 0.0473
v  1.4166 4.9434 0.0402
v  1.3888 4.9314 0.0316
v  1.3876 4.9383 0.0402
v  1.4178 4.9365 0.0316
v  1.4187 4.9313 0.0218
v  1.3903 4.9230 0.0111
v  1.3897 4.9262 0.0218
v  1.4193 4.9281 0.0111
v  1.4195 4.9270 -0.0000
v  1.3903 4.9230 -0.0111
v  1.3905 4.9219 -0.0000
v  1.4193 4.9281 -0.0111
v  1.4187 4.9313 -0.0218
v  1.3888 4.9314 -0.0316
v  1.3897 4.9262 -0.0218
v  1.4178 4.9365 -0.0316
v  1.4166 4.9434 -0.0402
v  1.3861 4.9468 -0.0473
v  1.3876 4.9383 -0.0402
v  1.4151 4.9519 -0.0473
v  1.4134 4.9616 -0.0525
v  1.3825 4.9670 -0.0558
v  1.3844 4.9565 -0.0525
v  1.4115 4.9721 -0.0558
v  1.4096 4.9830 -0.0569
v  1.3806 4.9779 -0.0569
v  1.3751 5.0090 0.0473
v  1.3786 4.9859 -0.0411
v  1.3800 4.9778 -0.0419
v  1.3815 4.9698 -0.0411
v  1.3828 4.9621 -0.0387
v  1.3841 4.9549 -0.0348
v  1.3852 4.9487 -0.0296
v  1.3861 4.9435 -0.0233
v  1.3868 4.9397 -0.0160
v  1.3872 4.9374 -0.0082
v  1.3873 4.9366 -0.0000
v  1.3872 4.9374 0.0082
v  1.3868 4.9397 0.0160
v  1.3861 4.9435 0.0233
v  1.3852 4.9487 0.0296
v  1.3841 4.9549 0.0348
v  1.3828 4.9621 0.0387
v  1.3815 4.9698 0.0411
v  1.3800 4.9778 0.0419
v  1.3786 4.9859 0.0411
v  1.3773 4.9936 0.0387
v  1.3760 5.0007 0.0348
v  1.3749 5.0070 0.0296
v  1.3740 5.0121 0.0233
v  1.3733 5.0159 0.0160
v  1.3729 5.0183 0.0082
v  1.3728 5.0191 -0.0000
v  1.3729 5.0183 -0.0082
v  1.3733 5.0159 -0.0160
v  1.3740 5.0121 -0.0233
v  1.3749 5.0070 -0.0296
v  1.3760 5.0007 -0.0348
v  1.3773 4.9936 -0.0387
v  1.4101 4.9831 -0.0419
v  1.4087 4.9912 -0.0411
v  1.4115 4.9751 -0.0411
v  1.4129 4.9674 -0.0387
v  1.4142 4.9602 -0.0348
v  1.4153 4.9540 -0.0296
v  1.4162 4.9489 -0.0233
v  1.4168 4.9450 -0.0160
v  1.4173 4.9427 -0.0082
v  1.4174 4.9419 -0.0000
v  1.4173 4.9427 0.0082
v  1.4168 4.9450 0.0160
v  1.4162 4.9489 0.0233
v  1.4153 4.9540 0.0296
v  1.4142 4.9602 0.0348
v  1.4129 4.9674 0.0387
v  1.4115 4.9751 0.0411
v  1.4101 4.9831 0.0419
v  1.4087 4.9912 0.0411
v  1.4073 4.9989 0.0387
v  1.4061 5.0060 0.0348
v  1.4050 5.0123 0.0296
v  1.4041 5.0174 0.0233
v  1.4034 5.0212 0.0160
v  1.4030 5.0236 0.0082
v  1.4028 5.0244 -0.0000
v  1.4030 5.0236 -0.0082
v  1.4034 5.0212 -0.0160
v  1.4041 5.0174 -0.0233
v  1.4050 5.0123 -0.0296
v  1.4061 5.0060 -0.0348
v  1.4073 4.9989 -0.0387
v  1.4871 4.9487 0.0316
v  1.4880 4.9435 0.0218
v  1.4460 5.0116 -0.0525
v  1.4479 5.0011 -0.0558
v  1.4580 4.9436 0.0316
v  1.4568 4.9506 0.0402
v  1.4553 4.9590 0.0473
v  1.4536 4.9687 0.0525
v  1.4517 4.9792 0.0558
v  1.4498 4.9902 0.0569
v  1.4479 5.0011 0.0558
v  1.4460 5.0116 0.0525
v  1.4443 5.0213 0.0473
v  1.4428 5.0298 0.0402
v  1.4416 5.0367 0.0316
v  1.4407 5.0419 0.0218
v  1.4401 5.0451 0.0111
v  1.4399 5.0462 -0.0000
v  1.4401 5.0451 -0.0111
v  1.4407 5.0419 -0.0218
v  1.4416 5.0367 -0.0316
v  1.4428 5.0298 -0.0402
v  1.4443 5.0213 -0.0473
v  1.4589 4.9384 0.0218
v  1.4858 4.9557 0.0402
v  1.4843 4.9642 0.0473
v  1.4808 4.9844 0.0558
v  1.4826 4.9738 0.0525
v  1.4788 4.9953 0.0569
v  1.4769 5.0062 0.0558
v  1.4750 5.0167 0.0525
v  1.4733 5.0264 0.0473
v  1.4718 5.0349 0.0402
v  1.4706 5.0419 0.0316
v  1.4697 5.0470 0.0218
v  1.4691 5.0502 0.0111
v  1.4689 5.0513 -0.0000
v  1.4691 5.0502 -0.0111
v  1.4697 5.0470 -0.0218
v  1.4706 5.0419 -0.0316
v  1.4718 5.0349 -0.0402
v  1.4733 5.0264 -0.0473
v  1.4769 5.0062 -0.0558
v  1.4750 5.0167 -0.0525
v  1.4452 5.0130 -0.0348
v  1.4465 5.0058 -0.0387
v  1.4765 5.0111 -0.0386
v  1.4753 5.0182 -0.0347
v  1.4479 4.9981 -0.0411
v  1.4779 5.0034 -0.0410
v  1.4441 5.0192 -0.0296
v  1.4742 5.0245 -0.0295
v  1.4432 5.0243 -0.0233
v  1.4733 5.0296 -0.0232
v  1.4425 5.0282 -0.0160
v  1.4726 5.0334 -0.0160
v  1.4421 5.0305 -0.0082
v  1.4722 5.0357 -0.0082
v  1.4420 5.0313 -0.0000
v  1.4721 5.0365 -0.0000
v  1.4421 5.0305 0.0082
v  1.4722 5.0357 0.0081
v  1.4425 5.0282 0.0160
v  1.4726 5.0334 0.0160
v  1.4432 5.0243 0.0233
v  1.4733 5.0296 0.0232
v  1.4441 5.0192 0.0296
v  1.4742 5.0245 0.0295
v  1.4452 5.0130 0.0348
v  1.4753 5.0182 0.0347
v  1.4465 5.0058 0.0387
v  1.4765 5.0111 0.0386
v  1.4479 4.9981 0.0411
v  1.4779 5.0034 0.0410
v  1.4493 4.9901 0.0419
v  1.4793 4.9954 0.0418
v  1.4507 4.9820 0.0411
v  1.4807 4.9873 0.0410
v  1.4521 4.9743 0.0387
v  1.4821 4.9796 0.0386
v  1.4533 4.9672 0.0348
v  1.4834 4.9725 0.0347
v  1.4544 4.9609 0.0296
v  1.4845 4.9663 0.0295
v  1.4553 4.9558 0.0233
v  1.4854 4.9612 0.0232
v  1.4560 4.9520 0.0160
v  1.4860 4.9574 0.0160
v  1.4564 4.9496 0.0082
v  1.4865 4.9550 0.0081
v  1.4566 4.9488 -0.0000
v  1.4866 4.9542 -0.0000
v  1.4564 4.9496 -0.0082
v  1.4865 4.9550 -0.0082
v  1.4560 4.9520 -0.0160
v  1.4860 4.9574 -0.0160
v  1.4553 4.9558 -0.0233
v  1.4854 4.9612 -0.0232
v  1.4544 4.9609 -0.0296
v  1.4845 4.9663 -0.0295
v  1.4533 4.9672 -0.0348
v  1.4834 4.9725 -0.0347
v  1.4521 4.9743 -0.0387
v  1.4821 4.9796 -0.0386
v  1.4507 4.9820 -0.0411
v  1.4807 4.9873 -0.0410
v  1.4813 4.9875 -0.0405
v  1.4493 4.9901 -0.0419
v  1.4793 4.9954 -0.0418
v  1.4595 4.9352 0.0111
v  1.4885 4.9404 0.0111
v  1.4597 4.9341 -0.0000
v  1.4887 4.9393 -0.0000
v  1.4595 4.9352 -0.0111
v  1.4885 4.9404 -0.0111
v  1.4589 4.9384 -0.0218
v  1.4880 4.9435 -0.0218
v  1.4580 4.9436 -0.0316
v  1.4871 4.9487 -0.0316
v  1.4568 4.9506 -0.0402
v  1.4858 4.9557 -0.0402
v  1.4553 4.9590 -0.0473
v  1.4843 4.9642 -0.0473
v  1.4536 4.9687 -0.0525
v  1.4826 4.9738 -0.0525
v  1.4517 4.9792 -0.0558
v  1.4808 4.9844 -0.0558
v  1.4498 4.9902 -0.0569
v  1.4788 4.9953 -0.0569
v  1.5636 5.0223 -0.0285
v  1.5646 5.0166 -0.0303
v  1.5663 5.0107 -0.0306
v  1.5673 5.0049 -0.0300
v  1.5665 5.0108 -0.0300
v  1.5675 5.0050 -0.0294
v  1.5683 4.9992 -0.0283
v  1.5677 4.9990 -0.0285
v  1.5685 4.9995 -0.0277
v  1.5692 4.9940 -0.0254
v  1.5686 4.9937 -0.0257
v  1.5694 4.9944 -0.0249
v  1.5700 4.9894 -0.0216
v  1.5694 4.9891 -0.0218
v  1.5702 4.9899 -0.0212
v  1.5707 4.9857 -0.0170
v  1.5701 4.9854 -0.0171
v  1.5709 4.9862 -0.0166
v  1.5712 4.9829 -0.0117
v  1.5706 4.9825 -0.0118
v  1.5713 4.9835 -0.0115
v  1.5715 4.9812 -0.0060
v  1.5709 4.9808 -0.0060
v  1.5716 4.9818 -0.0058
v  1.5716 4.9806 -0.0000
v  1.5710 4.9802 -0.0000
v  1.5717 4.9813 -0.0000
v  1.5715 4.9812 0.0060
v  1.5709 4.9808 0.0060
v  1.5716 4.9818 0.0058
v  1.5712 4.9829 0.0117
v  1.5706 4.9825 0.0118
v  1.5713 4.9835 0.0115
v  1.5707 4.9857 0.0170
v  1.5701 4.9854 0.0171
v  1.5709 4.9862 0.0166
v  1.5700 4.9894 0.0216
v  1.5694 4.9891 0.0218
v  1.5702 4.9899 0.0212
v  1.5692 4.9940 0.0254
v  1.5686 4.9937 0.0257
v  1.5694 4.9944 0.0249
v  1.5683 4.9992 0.0283
v  1.5677 4.9990 0.0285
v  1.5685 4.9995 0.0277
v  1.5673 5.0049 0.0300
v  1.5667 5.0047 0.0303
v  1.5675 5.0050 0.0294
v  1.5663 5.0107 0.0306
v  1.5656 5.0106 0.0309
v  1.5665 5.0108 0.0300
v  1.5652 5.0166 0.0300
v  1.5646 5.0166 0.0303
v  1.5655 5.0165 0.0294
v  1.5642 5.0223 0.0283
v  1.5636 5.0223 0.0285
v  1.5645 5.0221 0.0277
v  1.5633 5.0275 0.0254
v  1.5636 5.0272 0.0249
v  1.5625 5.0320 0.0216
v  1.5628 5.0316 0.0212
v  1.5618 5.0358 0.0170
v  1.5612 5.0359 0.0171
v  1.5622 5.0353 0.0166
v  1.5614 5.0386 0.0117
v  1.5607 5.0387 0.0118
v  1.5617 5.0380 0.0115
v  1.5610 5.0403 0.0060
v  1.5604 5.0404 0.0060
v  1.5614 5.0397 0.0058
v  1.5609 5.0409 -0.0000
v  1.5603 5.0410 -0.0000
v  1.5613 5.0403 -0.0000
v  1.5610 5.0403 -0.0060
v  1.5604 5.0404 -0.0060
v  1.5614 5.0397 -0.0058
v  1.5614 5.0386 -0.0117
v  1.5607 5.0387 -0.0118
v  1.5617 5.0380 -0.0115
v  1.5618 5.0358 -0.0170
v  1.5612 5.0359 -0.0171
v  1.5622 5.0353 -0.0166
v  1.5625 5.0320 -0.0216
v  1.5618 5.0321 -0.0218
v  1.5628 5.0316 -0.0212
v  1.5633 5.0275 -0.0254
v  1.5627 5.0275 -0.0257
v  1.5636 5.0272 -0.0249
v  1.5642 5.0223 -0.0283
v  1.5645 5.0221 -0.0277
v  1.5652 5.0166 -0.0300
v  1.5655 5.0165 -0.0294
v  1.4108 5.0000 -0.0247
v  1.4116 4.9950 -0.0275
v  1.4086 5.0125 -0.0058
v  1.4088 5.0108 0.0114
v  1.4108 5.0000 0.0247
v  1.4136 4.9838 0.0298
v  1.4173 4.9630 0.0210
v  1.4187 4.9550 0.0058
v  1.4188 4.9545 -0.0000
v  1.4173 4.9630 -0.0210
v  1.4146 4.9780 -0.0292
v  1.4100 5.0045 -0.0210
v  1.4187 4.9550 -0.0058
v  1.5665 5.0108 -0.0000
v  1.4887 4.9889 -0.0405
v  1.4879 4.9969 -0.0412
v  1.4893 4.9890 -0.0404
v  1.4839 5.0194 -0.0342
v  1.4852 5.0124 -0.0381
v  1.4828 5.0256 -0.0291
v  1.4819 5.0306 -0.0229
v  1.4813 5.0344 -0.0158
v  1.4809 5.0367 -0.0080
v  1.4807 5.0374 -0.0000
v  1.4809 5.0367 0.0080
v  1.4813 5.0344 0.0158
v  1.4819 5.0306 0.0229
v  1.4828 5.0256 0.0291
v  1.4839 5.0194 0.0342
v  1.4852 5.0124 0.0381
v  1.4865 5.0048 0.0404
v  1.4879 4.9969 0.0412
v  1.4893 4.9890 0.0404
v  1.4906 4.9814 0.0381
v  1.4919 4.9744 0.0342
v  1.4930 4.9682 0.0291
v  1.4939 4.9632 0.0229
v  1.4945 4.9594 0.0158
v  1.4949 4.9571 0.0080
v  1.4951 4.9563 -0.0000
v  1.4949 4.9571 -0.0080
v  1.4945 4.9594 -0.0158
v  1.4939 4.9632 -0.0229
v  1.4930 4.9682 -0.0291
v  1.4919 4.9744 -0.0342
v  1.4906 4.9814 -0.0381
v  1.4865 5.0048 -0.0404
v  1.4771 4.9525 0.1400
v  1.4807 4.9319 0.1400
v  1.4899 4.9335 0.1400
v  1.4881 4.9545 0.1400
v  2.0094 5.0234 -0.1105
v  2.0094 5.0234 0.1120
v  1.9874 5.0196 0.1120
v  1.9874 5.0196 -0.1105
v  1.6328 4.9819 -0.1107
v  1.6328 4.9819 0.1123
v  1.6680 4.9881 0.1123
v  1.6680 4.9881 -0.1107
v  1.4810 4.9301 0.1382
v  1.4810 4.9301 0.1159
v  1.4903 4.9317 0.1159
v  1.4903 4.9317 0.1382
v  1.9831 5.0438 0.1123
v  1.9745 5.0423 0.1053
v  1.6766 4.9896 0.1053
v  1.6723 4.9639 -0.1106
v  1.6723 4.9639 0.1121
v  1.6371 4.9577 0.1122
v  1.6371 4.9577 -0.1106
v  2.0072 5.0462 0.1123
v  2.0108 5.0256 0.1123
v  2.0108 5.0256 -0.1107
v  2.0072 5.0462 -0.1107
v  1.6368 4.9595 0.1400
v  1.6313 4.9798 0.1400
v  1.9871 5.0214 0.1400
v  1.9835 5.0420 0.1400
v  1.6684 4.9863 0.1400
v  1.6720 4.9657 0.1400
v  1.4767 4.9543 -0.1107
v  1.4767 4.9543 0.1123
v  1.4842 4.9556 0.1123
v  1.4842 4.9556 -0.1107
v  1.4753 4.9522 -0.1107
v  1.4789 4.9316 -0.1107
v  1.4789 4.9316 0.1123
v  1.4753 4.9522 0.1123
v  1.6766 4.9896 -0.1038
v  1.9745 5.0423 -0.1038
v  1.9784 5.0198 -0.1019
v  1.9784 5.0198 0.1035
v  1.9744 5.0396 0.1032
v  1.9744 5.0396 -0.1017
v  1.6767 4.9647 0.1123
v  1.6817 4.9655 0.1072
v  1.9781 5.0179 0.1072
v  1.9831 5.0188 0.1123
v  1.9730 5.0410 -0.1017
v  1.9730 5.0410 0.1032
v  1.9723 5.0410 0.1032
v  1.9723 5.0410 -0.1017
v  1.9726 5.0392 0.1051
v  1.9767 5.0195 0.1053
v  1.6825 4.9675 0.1053
v  1.6795 4.9874 0.1051
v  1.6723 4.9639 0.1382
v  1.6723 4.9639 0.1159
v  1.9874 5.0196 0.1159
v  1.9874 5.0196 0.1382
v  1.4903 4.9317 -0.1106
v  1.4903 4.9317 0.1122
v  1.6258 5.0214 0.1159
v  1.6258 5.0214 0.1382
v  1.6325 4.9837 0.1382
v  1.6325 4.9837 0.1159
v  1.6807 4.9672 -0.1019
v  1.6777 4.9871 -0.1017
v  1.6777 4.9871 0.1032
v  1.6807 4.9672 0.1035
v  1.4878 4.9562 -0.1107
v  1.4878 4.9562 0.1123
v  1.4753 4.9522 0.1159
v  1.4789 4.9316 0.1159
v  1.4789 4.9316 0.1382
v  1.4753 4.9522 0.1382
v  1.4808 4.9957 0.1400
v  1.6240 5.0210 0.1400
v  1.4767 4.9543 0.1382
v  1.4842 4.9556 0.1382
v  1.4842 4.9556 0.1159
v  1.4767 4.9543 0.1159
v  2.0094 5.0234 0.1159
v  2.0094 5.0234 0.1382
v  1.9806 5.0184 -0.1035
v  1.9806 5.0184 0.1051
v  2.0108 5.0256 0.1382
v  2.0108 5.0256 0.1159
v  2.0072 5.0462 0.1159
v  2.0072 5.0462 0.1382
v  1.6791 4.9651 -0.1037
v  1.6791 4.9651 0.1052
v  1.6371 4.9577 0.1159
v  1.6371 4.9577 0.1382
v  1.6680 4.9881 0.1159
v  1.6346 4.9822 0.1159
v  1.6346 4.9822 0.1382
v  1.6680 4.9881 0.1382
v  1.4810 4.9301 0.1122
v  1.4810 4.9301 -0.1106
v  1.6792 4.9892 -0.1017
v  1.6792 4.9892 0.1032
v  1.4805 4.9975 0.1159
v  1.4805 4.9975 0.1382
v  1.6237 5.0228 0.1382
v  1.6237 5.0228 0.1159
v  1.9831 5.0438 0.1382
v  2.0051 5.0477 0.1382
v  2.0051 5.0477 0.1159
v  1.9831 5.0438 0.1159
v  1.4875 4.9580 0.1141
v  1.4808 4.9957 0.1141
v  1.6240 5.0210 0.1141
v  1.6307 4.9834 0.1141
v  1.4790 4.9954 0.1382
v  1.4790 4.9954 0.1159
v  1.4857 4.9577 0.1159
v  1.4857 4.9577 0.1382
v  2.0060 5.0467 0.1397
v  2.0053 5.0465 0.1399
v  2.0054 5.0459 0.1400
v  2.0061 5.0460 0.1399
v  2.0065 5.0467 0.1394
v  2.0067 5.0461 0.1395
v  2.0059 5.0472 0.1394
v  2.0052 5.0471 0.1395
v  2.0062 5.0471 0.1392
v  2.0068 5.0468 0.1389
v  2.0071 5.0462 0.1389
v  2.0069 5.0468 0.1382
v  2.0064 5.0472 0.1389
v  2.0064 5.0474 0.1382
v  2.0058 5.0475 0.1389
v  2.0058 5.0476 0.1382
v  2.0051 5.0475 0.1389
v  1.4859 4.9565 0.1388
v  1.4859 4.9569 0.1389
v  1.4857 4.9570 0.1382
v  1.4857 4.9561 0.1388
v  1.4854 4.9564 0.1382
v  1.4862 4.9560 0.1394
v  1.4865 4.9560 0.1395
v  1.4860 4.9559 0.1392
v  1.4854 4.9558 0.1388
v  1.4849 4.9559 0.1382
v  1.4850 4.9556 0.1389
v  1.4860 4.9557 0.1394
v  1.4861 4.9554 0.1395
v  1.4866 4.9555 0.1397
v  1.4872 4.9550 0.1399
v  1.4873 4.9552 0.1399
v  2.0058 5.0476 0.1132
v  2.0058 5.0476 0.1123
v  2.0051 5.0477 0.1123
v  2.0051 5.0477 0.1132
v  2.0058 5.0476 0.1141
v  2.0051 5.0477 0.1141
v  2.0064 5.0474 0.1132
v  2.0064 5.0474 0.1123
v  2.0064 5.0474 0.1141
v  2.0058 5.0476 0.1150
v  2.0051 5.0477 0.1150
v  2.0058 5.0476 0.1159
v  2.0064 5.0474 0.1150
v  2.0064 5.0474 0.1159
v  2.0069 5.0469 0.1150
v  2.0069 5.0468 0.1159
v  2.0072 5.0462 0.1150
v  2.0069 5.0469 0.1141
v  2.0072 5.0462 0.1141
v  2.0069 5.0469 0.1132
v  2.0072 5.0462 0.1132
v  2.0069 5.0468 0.1123
v  1.4858 4.9570 0.1151
v  1.4857 4.9570 0.1159
v  1.4858 4.9577 0.1152
v  1.4861 4.9571 0.1144
v  1.4862 4.9578 0.1146
v  1.4855 4.9564 0.1150
v  1.4854 4.9564 0.1159
v  1.4859 4.9563 0.1141
v  1.4868 4.9572 0.1141
v  1.4868 4.9579 0.1142
v  1.4876 4.9574 0.1140
v  1.4868 4.9566 0.1137
v  1.4877 4.9568 0.1136
v  1.4868 4.9563 0.1131
v  1.4878 4.9564 0.1130
v  1.4869 4.9561 0.1123
v  1.4860 4.9561 0.1132
v  1.4860 4.9559 0.1123
v  1.4851 4.9559 0.1132
v  1.4851 4.9558 0.1123
v  1.4842 4.9556 0.1132
v  1.4850 4.9559 0.1141
v  1.4842 4.9556 0.1141
v  1.4850 4.9559 0.1150
v  1.4842 4.9556 0.1150
v  1.4849 4.9559 0.1159
v  1.6327 4.9824 0.1388
v  1.6328 4.9830 0.1382
v  1.6325 4.9828 0.1389
v  1.6326 4.9818 0.1394
v  1.6323 4.9818 0.1395
v  1.6330 4.9822 0.1388
v  1.6332 4.9825 0.1382
v  1.6328 4.9819 0.1392
v  1.6324 4.9812 0.1397
v  1.6319 4.9807 0.1399
v  1.6320 4.9806 0.1399
v  1.6329 4.9816 0.1394
v  1.6329 4.9813 0.1395
v  1.6334 4.9820 0.1388
v  1.6338 4.9819 0.1389
v  1.6339 4.9822 0.1382
v  1.6326 4.9830 0.1152
v  1.6324 4.9836 0.1152
v  1.6328 4.9830 0.1159
v  1.6330 4.9824 0.1151
v  1.6332 4.9825 0.1159
v  1.6323 4.9829 0.1145
v  1.6320 4.9836 0.1146
v  1.6327 4.9824 0.1144
v  1.6334 4.9822 0.1151
v  1.6339 4.9822 0.1159
v  1.6339 4.9821 0.1151
v  1.6330 4.9821 0.1143
v  1.6333 4.9820 0.1141
v  1.6327 4.9821 0.1136
v  1.6329 4.9819 0.1131
v  1.6324 4.9819 0.1130
v  1.6323 4.9823 0.1139
v  1.6318 4.9822 0.1136
v  1.6318 4.9828 0.1141
v  1.6312 4.9827 0.1140
v  1.6314 4.9835 0.1142
v  2.0099 5.0247 0.1397
v  2.0097 5.0254 0.1399
v  2.0090 5.0252 0.1400
v  2.0092 5.0246 0.1399
v  2.0099 5.0242 0.1394
v  2.0093 5.0240 0.1395
v  2.0103 5.0248 0.1394
v  2.0103 5.0255 0.1395
v  2.0103 5.0244 0.1392
v  2.0100 5.0239 0.1389
v  2.0093 5.0236 0.1389
v  2.0100 5.0237 0.1382
v  2.0104 5.0243 0.1389
v  2.0105 5.0242 0.1382
v  2.0107 5.0248 0.1389
v  2.0108 5.0248 0.1382
v  2.0107 5.0255 0.1389
v  2.0100 5.0237 0.1130
v  2.0094 5.0234 0.1130
v  2.0100 5.0237 0.1121
v  2.0105 5.0242 0.1131
v  2.0105 5.0242 0.1121
v  2.0100 5.0237 0.1140
v  2.0094 5.0234 0.1140
v  2.0105 5.0242 0.1140
v  2.0108 5.0248 0.1131
v  2.0108 5.0248 0.1122
v  2.0108 5.0256 0.1132
v  2.0108 5.0248 0.1141
v  2.0108 5.0256 0.1141
v  2.0108 5.0248 0.1150
v  2.0108 5.0256 0.1150
v  2.0108 5.0248 0.1159
v  2.0105 5.0242 0.1150
v  2.0105 5.0242 0.1159
v  2.0100 5.0237 0.1150
v  2.0100 5.0237 0.1159
v  2.0094 5.0234 0.1149
v  1.6808 4.9665 0.1045
v  1.6806 4.9665 0.1039
v  1.6808 4.9672 0.1042
v  1.6811 4.9666 0.1050
v  1.6812 4.9673 0.1048
v  1.6806 4.9659 0.1049
v  1.6803 4.9658 0.1043
v  1.6809 4.9660 0.1053
v  1.6817 4.9667 0.1053
v  1.6818 4.9674 0.1052
v  1.6823 4.9668 0.1055
v  1.6815 4.9661 0.1056
v  1.6821 4.9662 0.1059
v  1.6811 4.9657 0.1062
v  1.6819 4.9657 0.1065
v  1.6807 4.9654 0.1070
v  1.6805 4.9655 0.1059
v  1.6799 4.9652 0.1066
v  1.6801 4.9655 0.1054
v  1.6793 4.9651 0.1059
v  1.6798 4.9654 0.1048
v  1.9786 5.0191 0.1045
v  1.9783 5.0198 0.1042
v  1.9787 5.0192 0.1038
v  1.9790 5.0186 0.1048
v  1.9792 5.0187 0.1043
v  1.9782 5.0191 0.1050
v  1.9779 5.0198 0.1048
v  1.9786 5.0186 0.1053
v  1.9796 5.0184 0.1053
v  1.9799 5.0184 0.1047
v  1.9804 5.0183 0.1059
v  1.9792 5.0183 0.1059
v  1.9799 5.0182 0.1065
v  1.9786 5.0182 0.1062
v  1.9790 5.0181 0.1070
v  1.9778 5.0180 0.1065
v  1.9781 5.0185 0.1056
v  1.9774 5.0183 0.1059
v  1.9777 5.0190 0.1053
v  1.9770 5.0189 0.1055
v  1.9773 5.0197 0.1052
v  1.9870 5.0195 0.1144
v  1.9874 5.0196 0.1149
v  1.9871 5.0195 0.1151
v  1.9865 5.0194 0.1139
v  1.9861 5.0193 0.1141
v  1.9870 5.0195 0.1139
v  1.9874 5.0196 0.1140
v  1.9867 5.0194 0.1137
v  1.9857 5.0193 0.1133
v  1.9847 5.0191 0.1131
v  1.9847 5.0191 0.1128
v  1.9865 5.0194 0.1134
v  1.9861 5.0193 0.1129
v  1.9870 5.0195 0.1132
v  1.9871 5.0195 0.1127
v  1.9874 5.0196 0.1130
v  1.6741 4.9642 0.1133
v  1.6750 4.9644 0.1128
v  1.6750 4.9644 0.1131
v  1.6733 4.9641 0.1139
v  1.6736 4.9641 0.1141
v  1.6733 4.9641 0.1134
v  1.6736 4.9641 0.1130
v  1.6731 4.9640 0.1138
v  1.6727 4.9640 0.1145
v  1.6727 4.9640 0.1151
v  1.6723 4.9639 0.1150
v  1.6727 4.9640 0.1139
v  1.6723 4.9639 0.1140
v  1.6727 4.9640 0.1133
v  1.6723 4.9639 0.1131
v  1.6727 4.9640 0.1127
v  1.4792 4.9962 0.1389
v  1.4790 4.9961 0.1382
v  1.4791 4.9954 0.1389
v  1.4795 4.9962 0.1394
v  1.4795 4.9955 0.1395
v  1.4794 4.9967 0.1389
v  1.4793 4.9968 0.1382
v  1.4796 4.9966 0.1392
v  1.4800 4.9963 0.1397
v  1.4801 4.9956 0.1399
v  1.4807 4.9964 0.1399
v  1.4799 4.9968 0.1394
v  1.4806 4.9970 0.1395
v  1.4798 4.9971 0.1389
v  1.4805 4.9974 0.1389
v  1.4798 4.9973 0.1382
v  1.4792 4.9962 0.1152
v  1.4791 4.9954 0.1152
v  1.4790 4.9961 0.1159
v  1.4794 4.9967 0.1152
v  1.4793 4.9968 0.1159
v  1.4795 4.9962 0.1147
v  1.4795 4.9955 0.1146
v  1.4796 4.9966 0.1149
v  1.4798 4.9971 0.1152
v  1.4798 4.9973 0.1159
v  1.4805 4.9974 0.1152
v  1.4799 4.9968 0.1147
v  1.4806 4.9970 0.1146
v  1.4800 4.9963 0.1144
v  1.4807 4.9964 0.1142
v  1.4801 4.9956 0.1142
v  1.6254 5.0220 0.1389
v  1.6257 5.0213 0.1389
v  1.6256 5.0220 0.1382
v  1.6250 5.0224 0.1389
v  1.6251 5.0225 0.1382
v  1.6251 5.0219 0.1394
v  1.6253 5.0213 0.1395
v  1.6249 5.0223 0.1392
v  1.6245 5.0227 0.1389
v  1.6244 5.0228 0.1382
v  1.6237 5.0227 0.1389
v  1.6245 5.0223 0.1394
v  1.6238 5.0223 0.1395
v  1.6246 5.0219 0.1397
v  1.6239 5.0217 0.1399
v  1.6247 5.0212 0.1399
v  1.6254 5.0220 0.1152
v  1.6256 5.0220 0.1159
v  1.6257 5.0213 0.1152
v  1.6251 5.0219 0.1147
v  1.6253 5.0213 0.1146
v  1.6250 5.0224 0.1152
v  1.6251 5.0225 0.1159
v  1.6249 5.0223 0.1149
v  1.6246 5.0219 0.1144
v  1.6247 5.0212 0.1142
v  1.6239 5.0217 0.1142
v  1.6245 5.0223 0.1147
v  1.6238 5.0223 0.1146
v  1.6245 5.0227 0.1152
v  1.6237 5.0227 0.1152
v  1.6244 5.0228 0.1159
v  1.4754 4.9529 0.1389
v  1.4753 4.9529 0.1382
v  1.4754 4.9522 0.1389
v  1.4758 4.9530 0.1394
v  1.4758 4.9523 0.1395
v  1.4757 4.9535 0.1389
v  1.4756 4.9535 0.1382
v  1.4758 4.9534 0.1392
v  1.4762 4.9531 0.1397
v  1.4764 4.9524 0.1399
v  1.4769 4.9532 0.1399
v  1.4762 4.9536 0.1394
v  1.4768 4.9538 0.1395
v  1.4761 4.9539 0.1389
v  1.4768 4.9542 0.1389
v  1.4761 4.9540 0.1382
v  1.4753 4.9529 0.1150
v  1.4753 4.9522 0.1150
v  1.4753 4.9529 0.1159
v  1.4756 4.9535 0.1150
v  1.4756 4.9535 0.1159
v  1.4753 4.9529 0.1141
v  1.4753 4.9522 0.1141
v  1.4756 4.9535 0.1141
v  1.4761 4.9540 0.1150
v  1.4761 4.9540 0.1159
v  1.4767 4.9543 0.1150
v  1.4761 4.9540 0.1141
v  1.4767 4.9543 0.1141
v  1.4761 4.9540 0.1132
v  1.4767 4.9543 0.1132
v  1.4761 4.9540 0.1123
v  1.4756 4.9535 0.1132
v  1.4756 4.9535 0.1123
v  1.4753 4.9529 0.1132
v  1.4753 4.9529 0.1123
v  1.4753 4.9522 0.1132
v  1.4793 4.9309 0.1389
v  1.4790 4.9316 0.1389
v  1.4792 4.9309 0.1382
v  1.4797 4.9305 0.1389
v  1.4797 4.9304 0.1382
v  1.4796 4.9310 0.1394
v  1.4794 4.9317 0.1395
v  1.4799 4.9307 0.1392
v  1.4803 4.9303 0.1389
v  1.4803 4.9301 0.1382
v  1.4810 4.9302 0.1389
v  1.4802 4.9306 0.1394
v  1.4809 4.9306 0.1395
v  1.4801 4.9311 0.1397
v  1.4808 4.9312 0.1399
v  1.4800 4.9318 0.1399
v  1.4792 4.9309 0.1150
v  1.4792 4.9309 0.1159
v  1.4789 4.9316 0.1150
v  1.4792 4.9309 0.1141
v  1.4789 4.9316 0.1141
v  1.4797 4.9304 0.1150
v  1.4797 4.9304 0.1159
v  1.4797 4.9304 0.1141
v  1.4792 4.9309 0.1132
v  1.4789 4.9316 0.1132
v  1.4792 4.9309 0.1122
v  1.4797 4.9304 0.1131
v  1.4797 4.9304 0.1122
v  1.4803 4.9301 0.1131
v  1.4803 4.9301 0.1122
v  1.4810 4.9301 0.1131
v  1.4803 4.9301 0.1141
v  1.4810 4.9301 0.1140
v  1.4803 4.9301 0.1150
v  1.4810 4.9301 0.1150
v  1.4803 4.9301 0.1159
v  1.9740 5.0402 0.1040
v  1.9741 5.0402 0.1032
v  1.9743 5.0395 0.1039
v  1.9737 5.0401 0.1044
v  1.9739 5.0395 0.1045
v  1.9736 5.0406 0.1039
v  1.9736 5.0407 0.1032
v  1.9734 5.0405 0.1043
v  1.9732 5.0401 0.1048
v  1.9733 5.0394 0.1049
v  1.9725 5.0399 0.1049
v  1.9731 5.0405 0.1044
v  1.9724 5.0405 0.1045
v  1.9730 5.0409 0.1039
v  1.9723 5.0409 0.1039
v  1.6779 4.9879 0.1040
v  1.6778 4.9872 0.1039
v  1.6777 4.9878 0.1032
v  1.6781 4.9884 0.1039
v  1.6780 4.9885 0.1032
v  1.6782 4.9879 0.1044
v  1.6782 4.9872 0.1045
v  1.6783 4.9883 0.1043
v  1.6786 4.9888 0.1039
v  1.6785 4.9890 0.1032
v  1.6792 4.9891 0.1039
v  1.6786 4.9885 0.1044
v  1.6793 4.9887 0.1045
v  1.6787 4.9880 0.1048
v  1.6794 4.9881 0.1049
v  1.6788 4.9873 0.1049
v  1.9833 5.0427 0.1399
v  1.9832 5.0433 0.1395
v  1.9832 5.0436 0.1389
v  1.9831 5.0438 0.1150
v  1.9831 5.0438 0.1141
v  1.9831 5.0438 0.1132
v  1.9874 5.0197 0.1389
v  1.9873 5.0201 0.1395
v  1.9872 5.0207 0.1399
v  1.6721 4.9650 0.1399
v  1.6722 4.9644 0.1395
v  1.6723 4.9640 0.1389
v  1.6681 4.9880 0.1389
v  1.6681 4.9876 0.1395
v  1.6682 4.9870 0.1399
v  1.6680 4.9881 0.1150
v  1.6680 4.9881 0.1141
v  1.6680 4.9881 0.1132
v  1.4901 4.9328 0.1399
v  1.6369 4.9588 0.1399
v  1.4902 4.9322 0.1395
v  1.6370 4.9582 0.1395
v  1.4902 4.9319 0.1389
v  1.6371 4.9578 0.1389
v  1.4903 4.9317 0.1150
v  1.6371 4.9577 0.1150
v  1.4903 4.9317 0.1140
v  1.6371 4.9577 0.1140
v  1.4903 4.9317 0.1131
v  1.6371 4.9577 0.1131
v  1.9736 5.0407 -0.1017
v  1.9741 5.0402 -0.1017
v  1.9787 5.0192 -0.1023
v  1.9792 5.0187 -0.1027
v  1.9799 5.0184 -0.1032
v  1.4869 4.9561 -0.1107
v  1.4860 4.9559 -0.1107
v  1.4851 4.9558 -0.1107
v  2.0069 5.0468 -0.1107
v  2.0064 5.0474 -0.1107
v  2.0058 5.0476 -0.1107
v  2.0051 5.0477 -0.1107
v  1.4792 4.9309 -0.1107
v  1.4797 4.9304 -0.1107
v  1.4803 4.9301 -0.1107
v  1.6785 4.9890 -0.1017
v  1.6780 4.9885 -0.1017
v  1.6777 4.9878 -0.1017
v  1.6806 4.9665 -0.1023
v  1.6803 4.9658 -0.1028
v  1.6798 4.9654 -0.1033
v  1.4753 4.9529 -0.1107
v  1.4756 4.9535 -0.1107
v  1.4761 4.9540 -0.1107
v  2.0108 5.0248 -0.1107
v  2.0105 5.0242 -0.1106
v  2.0100 5.0237 -0.1105
v  1.9831 5.0438 -0.1107
v  1.4771 4.9525 -0.1385
v  1.4881 4.9545 -0.1385
v  1.4899 4.9335 -0.1385
v  1.4807 4.9319 -0.1385
v  1.4903 4.9317 -0.1144
v  1.4810 4.9301 -0.1144
v  1.4810 4.9301 -0.1366
v  1.4903 4.9317 -0.1366
v  1.6313 4.9798 -0.1385
v  1.6368 4.9595 -0.1385
v  1.6684 4.9863 -0.1385
v  1.9835 5.0420 -0.1385
v  1.9871 5.0214 -0.1385
v  1.6720 4.9657 -0.1385
v  1.9781 5.0179 -0.1056
v  1.6817 4.9655 -0.1056
v  1.6767 4.9647 -0.1107
v  1.9831 5.0188 -0.1107
v  1.6825 4.9675 -0.1038
v  1.9767 5.0195 -0.1038
v  1.9726 5.0392 -0.1035
v  1.6795 4.9874 -0.1035
v  1.9874 5.0196 -0.1144
v  1.6723 4.9639 -0.1144
v  1.6723 4.9639 -0.1366
v  1.9874 5.0196 -0.1366
v  1.6325 4.9837 -0.1366
v  1.6258 5.0214 -0.1366
v  1.6258 5.0214 -0.1144
v  1.6325 4.9837 -0.1144
v  1.4789 4.9316 -0.1366
v  1.4789 4.9316 -0.1144
v  1.4753 4.9522 -0.1144
v  1.4753 4.9522 -0.1366
v  1.4808 4.9957 -0.1385
v  1.6240 5.0210 -0.1385
v  1.4842 4.9556 -0.1144
v  1.4842 4.9556 -0.1366
v  1.4767 4.9543 -0.1366
v  1.4767 4.9543 -0.1144
v  2.0094 5.0234 -0.1144
v  2.0094 5.0234 -0.1366
v  2.0072 5.0462 -0.1144
v  2.0108 5.0256 -0.1144
v  2.0108 5.0256 -0.1366
v  2.0072 5.0462 -0.1366
v  1.6371 4.9577 -0.1144
v  1.6371 4.9577 -0.1366
v  1.6346 4.9822 -0.1366
v  1.6346 4.9822 -0.1144
v  1.6680 4.9881 -0.1144
v  1.6680 4.9881 -0.1366
v  1.6237 5.0228 -0.1366
v  1.4805 4.9975 -0.1366
v  1.4805 4.9975 -0.1144
v  1.6237 5.0228 -0.1144
v  2.0051 5.0477 -0.1144
v  2.0051 5.0477 -0.1366
v  1.9831 5.0438 -0.1366
v  1.9831 5.0438 -0.1144
v  1.6240 5.0210 -0.1126
v  1.4808 4.9957 -0.1126
v  1.4875 4.9580 -0.1126
v  1.6307 4.9834 -0.1126
v  1.4857 4.9577 -0.1144
v  1.4790 4.9954 -0.1144
v  1.4790 4.9954 -0.1366
v  1.4857 4.9577 -0.1366
v  2.0060 5.0467 -0.1382
v  2.0061 5.0460 -0.1383
v  2.0054 5.0459 -0.1385
v  2.0053 5.0465 -0.1383
v  2.0065 5.0467 -0.1378
v  2.0067 5.0461 -0.1379
v  2.0059 5.0472 -0.1378
v  2.0052 5.0471 -0.1379
v  2.0062 5.0471 -0.1377
v  2.0068 5.0468 -0.1374
v  2.0069 5.0468 -0.1366
v  2.0071 5.0462 -0.1373
v  2.0064 5.0472 -0.1373
v  2.0064 5.0474 -0.1366
v  2.0058 5.0475 -0.1374
v  2.0051 5.0475 -0.1373
v  2.0058 5.0476 -0.1366
v  1.4859 4.9565 -0.1373
v  1.4857 4.9570 -0.1366
v  1.4859 4.9569 -0.1373
v  1.4857 4.9561 -0.1373
v  1.4854 4.9564 -0.1366
v  1.4862 4.9560 -0.1379
v  1.4865 4.9560 -0.1379
v  1.4860 4.9559 -0.1377
v  1.4854 4.9558 -0.1373
v  1.4850 4.9556 -0.1373
v  1.4849 4.9559 -0.1366
v  1.4860 4.9557 -0.1379
v  1.4861 4.9554 -0.1379
v  1.4866 4.9555 -0.1381
v  1.4873 4.9552 -0.1383
v  1.4872 4.9550 -0.1383
v  2.0058 5.0476 -0.1116
v  2.0051 5.0477 -0.1116
v  2.0058 5.0476 -0.1126
v  2.0051 5.0477 -0.1126
v  2.0064 5.0474 -0.1116
v  2.0064 5.0474 -0.1126
v  2.0058 5.0476 -0.1135
v  2.0058 5.0476 -0.1144
v  2.0051 5.0477 -0.1135
v  2.0064 5.0474 -0.1135
v  2.0064 5.0474 -0.1144
v  2.0069 5.0469 -0.1135
v  2.0072 5.0462 -0.1135
v  2.0069 5.0468 -0.1144
v  2.0069 5.0469 -0.1126
v  2.0072 5.0462 -0.1126
v  2.0069 5.0469 -0.1116
v  2.0072 5.0462 -0.1116
v  1.4858 4.9570 -0.1136
v  1.4858 4.9577 -0.1137
v  1.4857 4.9570 -0.1144
v  1.4861 4.9571 -0.1129
v  1.4862 4.9578 -0.1131
v  1.4855 4.9564 -0.1135
v  1.4854 4.9564 -0.1144
v  1.4859 4.9563 -0.1126
v  1.4868 4.9572 -0.1126
v  1.4876 4.9574 -0.1124
v  1.4868 4.9579 -0.1127
v  1.4868 4.9566 -0.1122
v  1.4877 4.9568 -0.1120
v  1.4868 4.9563 -0.1115
v  1.4878 4.9564 -0.1114
v  1.4860 4.9561 -0.1116
v  1.4851 4.9559 -0.1116
v  1.4842 4.9556 -0.1116
v  1.4850 4.9559 -0.1126
v  1.4842 4.9556 -0.1126
v  1.4850 4.9559 -0.1135
v  1.4849 4.9559 -0.1144
v  1.4842 4.9556 -0.1135
v  1.6327 4.9824 -0.1373
v  1.6325 4.9828 -0.1373
v  1.6328 4.9830 -0.1366
v  1.6326 4.9818 -0.1379
v  1.6323 4.9818 -0.1379
v  1.6330 4.9822 -0.1373
v  1.6332 4.9825 -0.1366
v  1.6328 4.9819 -0.1377
v  1.6324 4.9812 -0.1381
v  1.6320 4.9806 -0.1383
v  1.6319 4.9807 -0.1383
v  1.6329 4.9816 -0.1379
v  1.6329 4.9813 -0.1379
v  1.6334 4.9820 -0.1373
v  1.6339 4.9822 -0.1366
v  1.6338 4.9819 -0.1373
v  1.6326 4.9830 -0.1136
v  1.6328 4.9830 -0.1144
v  1.6324 4.9836 -0.1137
v  1.6330 4.9824 -0.1136
v  1.6332 4.9825 -0.1144
v  1.6323 4.9829 -0.1130
v  1.6320 4.9836 -0.1131
v  1.6327 4.9824 -0.1129
v  1.6334 4.9822 -0.1135
v  1.6339 4.9821 -0.1135
v  1.6339 4.9822 -0.1144
v  1.6330 4.9821 -0.1127
v  1.6333 4.9820 -0.1126
v  1.6327 4.9821 -0.1120
v  1.6324 4.9819 -0.1114
v  1.6329 4.9819 -0.1116
v  1.6323 4.9823 -0.1124
v  1.6318 4.9822 -0.1120
v  1.6318 4.9828 -0.1126
v  1.6314 4.9835 -0.1127
v  1.6312 4.9827 -0.1124
v  2.0099 5.0247 -0.1382
v  2.0092 5.0246 -0.1383
v  2.0090 5.0252 -0.1385
v  2.0097 5.0254 -0.1383
v  2.0099 5.0242 -0.1378
v  2.0093 5.0240 -0.1379
v  2.0103 5.0248 -0.1378
v  2.0103 5.0255 -0.1379
v  2.0103 5.0244 -0.1377
v  2.0100 5.0239 -0.1374
v  2.0100 5.0237 -0.1366
v  2.0093 5.0236 -0.1373
v  2.0104 5.0243 -0.1373
v  2.0105 5.0242 -0.1366
v  2.0107 5.0248 -0.1374
v  2.0107 5.0255 -0.1373
v  2.0108 5.0248 -0.1366
v  2.0100 5.0237 -0.1115
v  2.0094 5.0234 -0.1115
v  2.0105 5.0242 -0.1116
v  2.0100 5.0237 -0.1125
v  2.0094 5.0234 -0.1124
v  2.0105 5.0242 -0.1125
v  2.0108 5.0248 -0.1116
v  2.0108 5.0256 -0.1116
v  2.0108 5.0248 -0.1125
v  2.0108 5.0256 -0.1126
v  2.0108 5.0248 -0.1135
v  2.0108 5.0248 -0.1144
v  2.0108 5.0256 -0.1135
v  2.0105 5.0242 -0.1135
v  2.0105 5.0242 -0.1144
v  2.0100 5.0237 -0.1134
v  2.0094 5.0234 -0.1134
v  2.0100 5.0237 -0.1144
v  1.6808 4.9665 -0.1030
v  1.6808 4.9672 -0.1026
v  1.6811 4.9666 -0.1035
v  1.6812 4.9673 -0.1032
v  1.6806 4.9659 -0.1033
v  1.6809 4.9660 -0.1038
v  1.6817 4.9667 -0.1038
v  1.6823 4.9668 -0.1039
v  1.6818 4.9674 -0.1036
v  1.6815 4.9661 -0.1041
v  1.6821 4.9662 -0.1043
v  1.6811 4.9657 -0.1047
v  1.6807 4.9654 -0.1055
v  1.6819 4.9657 -0.1049
v  1.6805 4.9655 -0.1044
v  1.6799 4.9652 -0.1050
v  1.6801 4.9655 -0.1039
v  1.6793 4.9651 -0.1044
v  1.9786 5.0191 -0.1030
v  1.9783 5.0198 -0.1026
v  1.9790 5.0186 -0.1033
v  1.9782 5.0191 -0.1035
v  1.9779 5.0198 -0.1032
v  1.9786 5.0186 -0.1038
v  1.9796 5.0184 -0.1038
v  1.9804 5.0183 -0.1043
v  1.9792 5.0183 -0.1043
v  1.9799 5.0182 -0.1050
v  1.9786 5.0182 -0.1047
v  1.9778 5.0180 -0.1049
v  1.9790 5.0181 -0.1055
v  1.9781 5.0185 -0.1041
v  1.9774 5.0183 -0.1043
v  1.9777 5.0190 -0.1038
v  1.9773 5.0197 -0.1036
v  1.9770 5.0189 -0.1039
v  1.9870 5.0195 -0.1129
v  1.9871 5.0195 -0.1135
v  1.9874 5.0196 -0.1134
v  1.9865 5.0194 -0.1124
v  1.9861 5.0193 -0.1126
v  1.9870 5.0195 -0.1123
v  1.9874 5.0196 -0.1124
v  1.9867 5.0194 -0.1122
v  1.9857 5.0193 -0.1118
v  1.9847 5.0191 -0.1113
v  1.9847 5.0191 -0.1116
v  1.9865 5.0194 -0.1119
v  1.9861 5.0193 -0.1114
v  1.9870 5.0195 -0.1117
v  1.9874 5.0196 -0.1115
v  1.9871 5.0195 -0.1111
v  1.6741 4.9642 -0.1118
v  1.6750 4.9644 -0.1116
v  1.6750 4.9644 -0.1113
v  1.6733 4.9641 -0.1124
v  1.6736 4.9641 -0.1126
v  1.6733 4.9641 -0.1119
v  1.6736 4.9641 -0.1115
v  1.6731 4.9640 -0.1122
v  1.6727 4.9640 -0.1129
v  1.6723 4.9639 -0.1134
v  1.6727 4.9640 -0.1135
v  1.6727 4.9640 -0.1124
v  1.6723 4.9639 -0.1125
v  1.6727 4.9640 -0.1118
v  1.6727 4.9640 -0.1112
v  1.6723 4.9639 -0.1116
v  1.4792 4.9962 -0.1374
v  1.4791 4.9954 -0.1373
v  1.4790 4.9961 -0.1366
v  1.4795 4.9962 -0.1378
v  1.4795 4.9955 -0.1379
v  1.4794 4.9967 -0.1373
v  1.4793 4.9968 -0.1366
v  1.4796 4.9966 -0.1377
v  1.4800 4.9963 -0.1382
v  1.4807 4.9964 -0.1383
v  1.4801 4.9956 -0.1383
v  1.4799 4.9968 -0.1378
v  1.4806 4.9970 -0.1379
v  1.4798 4.9971 -0.1374
v  1.4798 4.9973 -0.1366
v  1.4805 4.9974 -0.1373
v  1.4792 4.9962 -0.1137
v  1.4790 4.9961 -0.1144
v  1.4791 4.9954 -0.1137
v  1.4794 4.9967 -0.1137
v  1.4793 4.9968 -0.1144
v  1.4795 4.9962 -0.1132
v  1.4795 4.9955 -0.1131
v  1.4796 4.9966 -0.1133
v  1.4798 4.9971 -0.1137
v  1.4805 4.9974 -0.1137
v  1.4798 4.9973 -0.1144
v  1.4799 4.9968 -0.1132
v  1.4806 4.9970 -0.1131
v  1.4800 4.9963 -0.1129
v  1.4801 4.9956 -0.1127
v  1.4807 4.9964 -0.1127
v  1.6254 5.0220 -0.1374
v  1.6256 5.0220 -0.1366
v  1.6257 5.0213 -0.1373
v  1.6250 5.0224 -0.1373
v  1.6251 5.0225 -0.1366
v  1.6251 5.0219 -0.1378
v  1.6253 5.0213 -0.1379
v  1.6249 5.0223 -0.1377
v  1.6245 5.0227 -0.1374
v  1.6237 5.0227 -0.1373
v  1.6244 5.0228 -0.1366
v  1.6245 5.0223 -0.1378
v  1.6238 5.0223 -0.1379
v  1.6246 5.0219 -0.1382
v  1.6247 5.0212 -0.1383
v  1.6239 5.0217 -0.1383
v  1.6254 5.0220 -0.1137
v  1.6257 5.0213 -0.1137
v  1.6256 5.0220 -0.1144
v  1.6251 5.0219 -0.1132
v  1.6253 5.0213 -0.1131
v  1.6250 5.0224 -0.1137
v  1.6251 5.0225 -0.1144
v  1.6249 5.0223 -0.1133
v  1.6246 5.0219 -0.1129
v  1.6239 5.0217 -0.1127
v  1.6247 5.0212 -0.1127
v  1.6245 5.0223 -0.1132
v  1.6238 5.0223 -0.1131
v  1.6245 5.0227 -0.1137
v  1.6244 5.0228 -0.1144
v  1.6237 5.0227 -0.1137
v  1.4754 4.9529 -0.1374
v  1.4754 4.9522 -0.1373
v  1.4753 4.9529 -0.1366
v  1.4758 4.9530 -0.1378
v  1.4758 4.9523 -0.1379
v  1.4757 4.9535 -0.1373
v  1.4756 4.9535 -0.1366
v  1.4758 4.9534 -0.1377
v  1.4762 4.9531 -0.1382
v  1.4769 4.9532 -0.1383
v  1.4764 4.9524 -0.1383
v  1.4762 4.9536 -0.1378
v  1.4768 4.9538 -0.1379
v  1.4761 4.9539 -0.1374
v  1.4761 4.9540 -0.1366
v  1.4768 4.9542 -0.1373
v  1.4753 4.9529 -0.1135
v  1.4753 4.9529 -0.1144
v  1.4753 4.9522 -0.1135
v  1.4756 4.9535 -0.1135
v  1.4756 4.9535 -0.1144
v  1.4753 4.9529 -0.1126
v  1.4753 4.9522 -0.1126
v  1.4756 4.9535 -0.1126
v  1.4761 4.9540 -0.1135
v  1.4767 4.9543 -0.1135
v  1.4761 4.9540 -0.1144
v  1.4761 4.9540 -0.1126
v  1.4767 4.9543 -0.1126
v  1.4761 4.9540 -0.1116
v  1.4767 4.9543 -0.1116
v  1.4756 4.9535 -0.1116
v  1.4753 4.9529 -0.1116
v  1.4753 4.9522 -0.1116
v  1.4793 4.9309 -0.1374
v  1.4792 4.9309 -0.1366
v  1.4790 4.9316 -0.1373
v  1.4797 4.9305 -0.1373
v  1.4797 4.9304 -0.1366
v  1.4796 4.9310 -0.1378
v  1.4794 4.9317 -0.1379
v  1.4799 4.9307 -0.1377
v  1.4803 4.9303 -0.1374
v  1.4810 4.9302 -0.1373
v  1.4803 4.9301 -0.1366
v  1.4802 4.9306 -0.1378
v  1.4809 4.9306 -0.1379
v  1.4801 4.9311 -0.1382
v  1.4800 4.9318 -0.1383
v  1.4808 4.9312 -0.1383
v  1.4792 4.9309 -0.1135
v  1.4789 4.9316 -0.1135
v  1.4792 4.9309 -0.1144
v  1.4792 4.9309 -0.1125
v  1.4789 4.9316 -0.1126
v  1.4797 4.9304 -0.1135
v  1.4797 4.9304 -0.1144
v  1.4797 4.9304 -0.1125
v  1.4792 4.9309 -0.1116
v  1.4789 4.9316 -0.1116
v  1.4797 4.9304 -0.1116
v  1.4803 4.9301 -0.1116
v  1.4810 4.9301 -0.1116
v  1.4803 4.9301 -0.1125
v  1.4810 4.9301 -0.1125
v  1.4803 4.9301 -0.1135
v  1.4803 4.9301 -0.1144
v  1.4810 4.9301 -0.1134
v  1.9740 5.0402 -0.1024
v  1.9743 5.0395 -0.1024
v  1.9737 5.0401 -0.1029
v  1.9739 5.0395 -0.1030
v  1.9736 5.0406 -0.1024
v  1.9734 5.0405 -0.1028
v  1.9732 5.0401 -0.1032
v  1.9725 5.0399 -0.1034
v  1.9733 5.0394 -0.1034
v  1.9731 5.0405 -0.1029
v  1.9724 5.0405 -0.1030
v  1.9730 5.0409 -0.1024
v  1.9723 5.0409 -0.1024
v  1.6779 4.9879 -0.1024
v  1.6778 4.9872 -0.1024
v  1.6781 4.9884 -0.1024
v  1.6782 4.9879 -0.1029
v  1.6782 4.9872 -0.1030
v  1.6783 4.9883 -0.1028
v  1.6786 4.9888 -0.1024
v  1.6792 4.9891 -0.1024
v  1.6786 4.9885 -0.1029
v  1.6793 4.9887 -0.1030
v  1.6787 4.9880 -0.1032
v  1.6788 4.9873 -0.1034
v  1.6794 4.9881 -0.1034
v  1.9833 5.0427 -0.1383
v  1.9832 5.0433 -0.1379
v  1.9832 5.0436 -0.1373
v  1.9831 5.0438 -0.1135
v  1.9831 5.0438 -0.1126
v  1.9831 5.0438 -0.1116
v  1.9874 5.0197 -0.1373
v  1.9873 5.0201 -0.1379
v  1.9872 5.0207 -0.1383
v  1.6721 4.9650 -0.1383
v  1.6722 4.9644 -0.1379
v  1.6723 4.9640 -0.1373
v  1.6681 4.9880 -0.1373
v  1.6681 4.9876 -0.1379
v  1.6682 4.9870 -0.1383
v  1.6680 4.9881 -0.1135
v  1.6680 4.9881 -0.1126
v  1.6680 4.9881 -0.1116
v  1.6369 4.9588 -0.1383
v  1.4901 4.9328 -0.1383
v  1.6370 4.9582 -0.1379
v  1.4902 4.9322 -0.1379
v  1.6371 4.9578 -0.1373
v  1.4902 4.9319 -0.1373
v  1.6371 4.9577 -0.1134
v  1.4903 4.9317 -0.1134
v  1.6371 4.9577 -0.1125
v  1.4903 4.9317 -0.1125
v  1.6371 4.9577 -0.1116
v  1.4903 4.9317 -0.1116
v  1.6804 4.9681 0.1053
v  1.6804 4.9681 -0.1053
v  1.9783 5.0208 -0.1053
v  1.9783 5.0208 0.1053
v  1.5697 5.0175 0.0333
v  1.5688 5.0173 0.1131
v  1.6405 5.0300 0.1131
v  1.6405 5.0300 0.0322
v  1.5089 5.0058 0.1141
v  1.5167 4.9614 0.1141
v  1.5768 4.9720 0.1141
v  1.5689 5.0164 0.1141
v  1.5697 5.0176 -0.0000
v  1.6405 5.0301 -0.0000
v  1.6416 5.0292 0.1131
v  1.6495 4.9848 0.1131
v  1.6495 4.9848 0.0321
v  1.6416 5.0292 0.0322
v  1.5087 5.0067 0.0333
v  1.5087 5.0067 0.1131
v  1.5068 5.0064 0.1131
v  1.5068 5.0064 0.0337
v  1.4807 5.0018 0.0449
v  1.4807 5.0018 0.1131
v  1.5079 5.0056 0.1141
v  1.5157 4.9612 0.1141
v  1.4799 5.0006 0.1131
v  1.4799 5.0006 0.0453
v  1.4878 4.9562 0.0451
v  1.4878 4.9562 0.1131
v  1.6485 4.9846 0.1141
v  1.6407 5.0290 0.1141
v  1.6495 4.9849 -0.0000
v  1.6416 5.0293 -0.0000
v  1.5768 4.9720 -0.0000
v  1.5768 4.9720 0.0311
v  1.5689 5.0164 0.0313
v  1.5689 5.0164 -0.0000
v  1.5680 5.0162 0.0322
v  1.5758 4.9718 0.0321
v  1.5167 4.9614 0.0321
v  1.5089 5.0058 0.0322
v  1.5148 4.9610 0.0325
v  1.4887 4.9564 0.0437
v  1.4808 5.0008 0.0439
v  1.5070 5.0054 0.0327
v  1.5077 5.0065 0.0334
v  1.5077 5.0065 0.1131
v  1.5079 5.0056 0.0324
v  1.5157 4.9612 0.0322
v  1.5069 5.0054 0.1141
v  1.5148 4.9610 0.1141
v  1.4802 5.0013 0.1137
v  1.4802 5.0007 0.1138
v  1.4809 5.0008 0.1141
v  1.4808 5.0015 0.1138
v  1.4801 5.0014 0.1131
v  1.6411 5.0297 0.1137
v  1.6405 5.0297 0.1138
v  1.6413 5.0292 0.1138
v  1.6412 5.0298 0.1131
v  1.4802 5.0013 0.0445
v  1.4801 5.0014 0.0451
v  1.4807 5.0015 0.0442
v  1.4802 5.0007 0.0445
v  1.5691 5.0171 0.0323
v  1.5690 5.0171 0.0324
v  1.5688 5.0171 0.0325
v  1.5687 5.0163 0.0320
v  1.4881 4.9563 0.1138
v  1.4887 4.9564 0.1141
v  1.6492 4.9848 0.1138
v  1.6412 5.0299 -0.0000
v  1.6412 5.0298 0.0322
v  1.5688 5.0171 0.1138
v  1.5765 4.9719 0.0318
v  1.4880 4.9563 0.0442
v  1.5078 5.0063 0.1138
v  1.5087 5.0064 0.1138
v  1.5068 5.0061 0.1138
v  1.5087 5.0064 0.0325
v  1.5077 5.0063 0.0327
v  1.5068 5.0061 0.0330
v  1.5691 5.0172 -0.0000
v  1.6405 5.0300 -0.1131
v  1.5688 5.0173 -0.1131
v  1.5697 5.0175 -0.0333
v  1.6405 5.0300 -0.0323
v  1.5768 4.9720 -0.1141
v  1.5167 4.9614 -0.1141
v  1.5089 5.0058 -0.1141
v  1.5689 5.0164 -0.1141
v  1.6495 4.9848 -0.0321
v  1.6495 4.9848 -0.1131
v  1.6416 5.0292 -0.1131
v  1.6416 5.0292 -0.0322
v  1.5087 5.0067 -0.1131
v  1.5087 5.0067 -0.0333
v  1.5068 5.0064 -0.1131
v  1.4807 5.0018 -0.1131
v  1.4807 5.0018 -0.0449
v  1.5068 5.0064 -0.0337
v  1.5079 5.0056 -0.1141
v  1.5157 4.9612 -0.1141
v  1.4878 4.9562 -0.0451
v  1.4799 5.0006 -0.0453
v  1.4799 5.0006 -0.1131
v  1.4878 4.9562 -0.1131
v  1.6485 4.9846 -0.1141
v  1.6407 5.0290 -0.1141
v  1.5689 5.0164 -0.0313
v  1.5768 4.9720 -0.0311
v  1.5167 4.9614 -0.0321
v  1.5758 4.9718 -0.0321
v  1.5680 5.0162 -0.0322
v  1.5089 5.0058 -0.0322
v  1.4808 5.0008 -0.0439
v  1.4887 4.9564 -0.0437
v  1.5148 4.9610 -0.0325
v  1.5070 5.0054 -0.0327
v  1.5077 5.0065 -0.1131
v  1.5077 5.0065 -0.0334
v  1.5157 4.9612 -0.0322
v  1.5079 5.0056 -0.0324
v  1.5069 5.0054 -0.1141
v  1.5148 4.9610 -0.1141
v  1.4802 5.0013 -0.1137
v  1.4808 5.0015 -0.1138
v  1.4809 5.0008 -0.1141
v  1.4802 5.0007 -0.1138
v  1.4801 5.0014 -0.1131
v  1.6411 5.0297 -0.1137
v  1.6413 5.0292 -0.1138
v  1.6405 5.0297 -0.1138
v  1.6412 5.0298 -0.1131
v  1.4802 5.0013 -0.0445
v  1.4807 5.0015 -0.0442
v  1.4801 5.0014 -0.0451
v  1.4802 5.0007 -0.0445
v  1.5690 5.0171 -0.0324
v  1.5691 5.0171 -0.0323
v  1.5688 5.0171 -0.0325
v  1.5687 5.0163 -0.0320
v  1.4887 4.9564 -0.1141
v  1.4881 4.9563 -0.1138
v  1.6492 4.9848 -0.1138
v  1.6412 5.0298 -0.0323
v  1.5688 5.0171 -0.1138
v  1.5765 4.9719 -0.0318
v  1.4880 4.9563 -0.0443
v  1.5078 5.0063 -0.1138
v  1.5087 5.0064 -0.1138
v  1.5068 5.0061 -0.1138
v  1.5087 5.0064 -0.0325
v  1.5077 5.0063 -0.0327
v  1.5068 5.0061 -0.0330
v  1.7011 4.9942 -0.1372
v  1.7012 4.9940 -0.1378
v  1.7005 4.9976 -0.1414
v  1.7005 4.9977 -0.1409
v  1.6838 4.9909 -0.1370
v  1.7010 4.9939 -0.1370
v  1.7010 4.9939 -0.1218
v  1.6838 4.9909 -0.1218
v  1.7057 4.9672 -0.1425
v  1.6886 4.9641 -0.1425
v  1.6834 4.9934 -0.1425
v  1.7005 4.9964 -0.1425
v  1.6838 4.9908 -0.1376
v  1.7010 4.9938 -0.1376
v  1.7003 4.9979 -0.1410
v  1.6831 4.9948 -0.1410
v  1.6831 4.9948 -0.1218
v  1.7003 4.9979 -0.1218
v  1.6832 4.9947 -0.1416
v  1.7003 4.9977 -0.1416
v  1.7060 4.9657 -0.1188
v  1.6888 4.9627 -0.1188
v  1.6888 4.9627 -0.1410
v  1.7060 4.9657 -0.1410
v  1.7003 4.9976 -0.1216
v  1.6832 4.9946 -0.1216
v  1.6838 4.9911 -0.1216
v  1.7009 4.9942 -0.1216
v  1.6881 4.9666 -0.1188
v  1.7053 4.9696 -0.1188
v  1.7053 4.9696 -0.1370
v  1.6881 4.9666 -0.1370
v  1.7005 4.9977 -0.1218
v  1.7011 4.9942 -0.1218
v  1.7061 4.9659 -0.1188
v  1.7061 4.9659 -0.1409
v  1.7055 4.9695 -0.1372
v  1.7055 4.9695 -0.1188
v  1.7059 4.9659 -0.1186
v  1.7053 4.9694 -0.1186
v  1.6882 4.9664 -0.1186
v  1.6888 4.9629 -0.1186
v  1.6879 4.9664 -0.1188
v  1.6879 4.9664 -0.1372
v  1.6886 4.9628 -0.1409
v  1.6886 4.9628 -0.1188
v  1.6829 4.9946 -0.1409
v  1.6830 4.9945 -0.1414
v  1.6836 4.9909 -0.1378
v  1.6836 4.9910 -0.1372
v  1.6830 4.9942 -0.1419
v  1.6837 4.9906 -0.1383
v  1.6831 4.9937 -0.1422
v  1.6837 4.9901 -0.1386
v  1.6838 4.9896 -0.1387
v  1.6832 4.9931 -0.1424
v  1.6883 4.9643 -0.1424
v  1.6877 4.9679 -0.1387
v  1.6879 4.9681 -0.1385
v  1.7050 4.9711 -0.1385
v  1.7012 4.9925 -0.1385
v  1.6841 4.9894 -0.1385
v  1.6839 4.9905 -0.1381
v  1.7010 4.9935 -0.1381
v  1.7059 4.9658 -0.1416
v  1.6888 4.9628 -0.1416
v  1.6840 4.9900 -0.1384
v  1.7011 4.9930 -0.1384
v  1.7059 4.9661 -0.1421
v  1.6887 4.9631 -0.1421
v  1.7052 4.9710 -0.1387
v  1.7053 4.9704 -0.1386
v  1.7060 4.9668 -0.1422
v  1.7059 4.9674 -0.1424
v  1.7058 4.9666 -0.1424
v  1.6887 4.9636 -0.1424
v  1.7054 4.9699 -0.1383
v  1.7061 4.9663 -0.1419
v  1.6881 4.9667 -0.1376
v  1.7052 4.9698 -0.1376
v  1.7055 4.9696 -0.1378
v  1.7061 4.9660 -0.1414
v  1.6880 4.9675 -0.1384
v  1.7051 4.9706 -0.1384
v  1.6880 4.9670 -0.1381
v  1.7052 4.9701 -0.1381
v  1.6833 4.9939 -0.1424
v  1.7004 4.9969 -0.1424
v  1.7013 4.9932 -0.1386
v  1.7014 4.9927 -0.1387
v  1.7008 4.9962 -0.1424
v  1.7007 4.9968 -0.1422
v  1.6832 4.9944 -0.1421
v  1.7003 4.9974 -0.1421
v  1.7012 4.9937 -0.1383
v  1.7006 4.9973 -0.1419
v  1.6879 4.9665 -0.1378
v  1.6885 4.9629 -0.1414
v  1.6879 4.9668 -0.1383
v  1.6885 4.9632 -0.1419
v  1.6878 4.9673 -0.1386
v  1.6884 4.9637 -0.1422
v  1.6837 4.9910 -0.1217
v  1.6836 4.9911 -0.1216
v  1.6836 4.9910 -0.1218
v  1.6837 4.9909 -0.1218
v  1.6838 4.9910 -0.1216
v  1.6830 4.9947 -0.1217
v  1.6830 4.9948 -0.1218
v  1.6829 4.9946 -0.1218
v  1.6830 4.9946 -0.1216
v  1.6831 4.9948 -0.1216
v  1.7011 4.9940 -0.1217
v  1.7009 4.9940 -0.1216
v  1.7011 4.9940 -0.1218
v  1.7011 4.9942 -0.1216
v  1.7004 4.9978 -0.1217
v  1.7004 4.9978 -0.1218
v  1.7003 4.9978 -0.1216
v  1.7005 4.9977 -0.1216
v  1.7061 4.9658 -0.1187
v  1.7059 4.9658 -0.1187
v  1.7061 4.9658 -0.1188
v  1.7061 4.9659 -0.1187
v  1.6887 4.9627 -0.1187
v  1.6887 4.9627 -0.1188
v  1.6888 4.9627 -0.1187
v  1.6886 4.9628 -0.1187
v  1.7054 4.9696 -0.1187
v  1.7054 4.9695 -0.1187
v  1.7054 4.9696 -0.1188
v  1.7053 4.9696 -0.1187
v  1.6880 4.9665 -0.1187
v  1.6880 4.9665 -0.1188
v  1.6880 4.9664 -0.1187
v  1.6881 4.9665 -0.1187
v  1.7004 4.9978 -0.1409
v  1.7004 4.9977 -0.1415
v  1.6830 4.9946 -0.1415
v  1.6830 4.9948 -0.1409
v  1.7005 4.9974 -0.1420
v  1.6831 4.9943 -0.1420
v  1.7006 4.9969 -0.1424
v  1.6832 4.9938 -0.1424
v  1.7007 4.9963 -0.1425
v  1.6833 4.9932 -0.1425
v  1.7014 4.9926 -0.1386
v  1.7013 4.9931 -0.1385
v  1.6838 4.9900 -0.1385
v  1.6839 4.9895 -0.1386
v  1.7012 4.9936 -0.1381
v  1.6837 4.9905 -0.1381
v  1.7011 4.9939 -0.1377
v  1.6837 4.9908 -0.1377
v  1.7011 4.9940 -0.1371
v  1.6837 4.9909 -0.1371
v  1.6884 4.9642 -0.1425
v  1.6885 4.9636 -0.1424
v  1.6878 4.9674 -0.1385
v  1.6877 4.9680 -0.1386
v  1.6886 4.9631 -0.1420
v  1.6879 4.9670 -0.1381
v  1.6886 4.9628 -0.1415
v  1.6880 4.9667 -0.1377
v  1.6887 4.9627 -0.1409
v  1.6880 4.9665 -0.1371
v  1.7061 4.9658 -0.1409
v  1.7061 4.9659 -0.1415
v  1.7054 4.9697 -0.1377
v  1.7054 4.9696 -0.1371
v  1.7060 4.9662 -0.1420
v  1.7053 4.9700 -0.1381
v  1.7059 4.9667 -0.1424
v  1.7053 4.9705 -0.1385
v  1.7058 4.9673 -0.1425
v  1.7052 4.9711 -0.1386
v  1.9116 5.0313 -0.1372
v  1.9117 5.0312 -0.1378
v  1.9110 5.0347 -0.1414
v  1.9110 5.0349 -0.1409
v  1.8943 5.0280 -0.1370
v  1.9115 5.0311 -0.1370
v  1.9115 5.0311 -0.1218
v  1.8943 5.0280 -0.1218
v  1.9162 5.0043 -0.1425
v  1.8991 5.0013 -0.1425
v  1.8939 5.0305 -0.1425
v  1.9110 5.0335 -0.1425
v  1.8944 5.0279 -0.1376
v  1.9115 5.0310 -0.1376
v  1.9108 5.0350 -0.1410
v  1.8936 5.0320 -0.1410
v  1.8936 5.0320 -0.1218
v  1.9108 5.0350 -0.1218
v  1.8937 5.0319 -0.1416
v  1.9108 5.0349 -0.1416
v  1.9165 5.0028 -0.1188
v  1.8993 4.9998 -0.1188
v  1.8993 4.9998 -0.1410
v  1.9165 5.0028 -0.1410
v  1.9108 5.0348 -0.1216
v  1.8937 5.0318 -0.1216
v  1.8943 5.0283 -0.1216
v  1.9114 5.0313 -0.1216
v  1.8986 5.0038 -0.1188
v  1.9158 5.0068 -0.1188
v  1.9158 5.0068 -0.1370
v  1.8986 5.0038 -0.1370
v  1.9110 5.0349 -0.1218
v  1.9116 5.0313 -0.1218
v  1.9166 5.0031 -0.1188
v  1.9166 5.0031 -0.1409
v  1.9160 5.0066 -0.1372
v  1.9160 5.0066 -0.1188
v  1.9164 5.0030 -0.1186
v  1.9158 5.0066 -0.1186
v  1.8987 5.0035 -0.1186
v  1.8993 5.0000 -0.1186
v  1.8984 5.0035 -0.1188
v  1.8984 5.0035 -0.1372
v  1.8991 4.9999 -0.1409
v  1.8991 4.9999 -0.1188
v  1.8935 5.0318 -0.1409
v  1.8935 5.0316 -0.1414
v  1.8941 5.0281 -0.1378
v  1.8941 5.0282 -0.1372
v  1.8935 5.0313 -0.1419
v  1.8942 5.0278 -0.1383
v  1.8936 5.0308 -0.1422
v  1.8942 5.0273 -0.1386
v  1.8943 5.0267 -0.1387
v  1.8937 5.0303 -0.1424
v  1.8988 5.0014 -0.1424
v  1.8982 5.0050 -0.1387
v  1.8984 5.0052 -0.1385
v  1.9155 5.0083 -0.1385
v  1.9117 5.0296 -0.1385
v  1.8946 5.0266 -0.1385
v  1.8944 5.0276 -0.1381
v  1.9115 5.0306 -0.1381
v  1.9164 5.0029 -0.1416
v  1.8993 4.9999 -0.1416
v  1.8945 5.0271 -0.1384
v  1.9116 5.0302 -0.1384
v  1.9164 5.0033 -0.1421
v  1.8992 5.0002 -0.1421
v  1.9157 5.0081 -0.1387
v  1.9158 5.0076 -0.1386
v  1.9165 5.0040 -0.1422
v  1.9164 5.0045 -0.1424
v  1.9163 5.0037 -0.1424
v  1.8992 5.0007 -0.1424
v  1.9159 5.0071 -0.1383
v  1.9166 5.0035 -0.1419
v  1.8986 5.0039 -0.1376
v  1.9157 5.0069 -0.1376
v  1.9160 5.0068 -0.1378
v  1.9166 5.0032 -0.1414
v  1.8985 5.0047 -0.1384
v  1.9156 5.0077 -0.1384
v  1.8985 5.0042 -0.1381
v  1.9157 5.0072 -0.1381
v  1.8938 5.0311 -0.1424
v  1.9109 5.0341 -0.1424
v  1.9118 5.0304 -0.1386
v  1.9119 5.0298 -0.1387
v  1.9113 5.0334 -0.1424
v  1.9112 5.0339 -0.1422
v  1.8937 5.0315 -0.1421
v  1.9108 5.0346 -0.1421
v  1.9117 5.0309 -0.1383
v  1.9111 5.0344 -0.1419
v  1.8984 5.0037 -0.1378
v  1.8991 5.0001 -0.1414
v  1.8984 5.0040 -0.1383
v  1.8990 5.0004 -0.1419
v  1.8983 5.0045 -0.1386
v  1.8989 5.0009 -0.1422
v  1.8942 5.0281 -0.1217
v  1.8941 5.0282 -0.1216
v  1.8941 5.0282 -0.1218
v  1.8942 5.0281 -0.1218
v  1.8943 5.0281 -0.1216
v  1.8935 5.0319 -0.1217
v  1.8935 5.0319 -0.1218
v  1.8935 5.0318 -0.1218
v  1.8935 5.0317 -0.1216
v  1.8936 5.0319 -0.1216
v  1.9116 5.0312 -0.1217
v  1.9115 5.0311 -0.1216
v  1.9116 5.0312 -0.1218
v  1.9116 5.0313 -0.1216
v  1.9109 5.0349 -0.1217
v  1.9109 5.0350 -0.1218
v  1.9108 5.0349 -0.1216
v  1.9110 5.0348 -0.1216
v  1.9166 5.0029 -0.1187
v  1.9164 5.0029 -0.1187
v  1.9166 5.0029 -0.1188
v  1.9166 5.0031 -0.1187
v  1.8992 4.9999 -0.1187
v  1.8992 4.9998 -0.1188
v  1.8993 4.9999 -0.1187
v  1.8991 5.0000 -0.1187
v  1.9159 5.0067 -0.1187
v  1.9159 5.0066 -0.1187
v  1.9159 5.0068 -0.1188
v  1.9158 5.0067 -0.1187
v  1.8985 5.0036 -0.1187
v  1.8985 5.0037 -0.1188
v  1.8985 5.0035 -0.1187
v  1.8986 5.0037 -0.1187
v  1.9109 5.0350 -0.1409
v  1.9109 5.0349 -0.1415
v  1.8935 5.0318 -0.1415
v  1.8935 5.0319 -0.1409
v  1.9110 5.0345 -0.1420
v  1.8936 5.0315 -0.1420
v  1.9111 5.0340 -0.1424
v  1.8937 5.0310 -0.1424
v  1.9112 5.0335 -0.1425
v  1.8938 5.0304 -0.1425
v  1.9119 5.0297 -0.1386
v  1.9118 5.0303 -0.1385
v  1.8943 5.0272 -0.1385
v  1.8944 5.0266 -0.1386
v  1.9117 5.0307 -0.1381
v  1.8942 5.0276 -0.1381
v  1.9116 5.0310 -0.1377
v  1.8942 5.0280 -0.1377
v  1.9116 5.0311 -0.1371
v  1.8942 5.0281 -0.1371
v  1.8989 5.0013 -0.1425
v  1.8990 5.0008 -0.1424
v  1.8983 5.0046 -0.1385
v  1.8982 5.0051 -0.1386
v  1.8991 5.0003 -0.1420
v  1.8984 5.0041 -0.1381
v  1.8991 4.9999 -0.1415
v  1.8985 5.0038 -0.1377
v  1.8992 4.9998 -0.1409
v  1.8985 5.0037 -0.1371
v  1.9166 5.0029 -0.1409
v  1.9166 5.0030 -0.1415
v  1.9159 5.0069 -0.1377
v  1.9159 5.0068 -0.1371
v  1.9165 5.0033 -0.1420
v  1.9158 5.0072 -0.1381
v  1.9164 5.0038 -0.1424
v  1.9158 5.0077 -0.1385
v  1.9163 5.0044 -0.1425
v  1.9157 5.0082 -0.1386
v  1.7011 4.9942 0.1386
v  1.7005 4.9977 0.1422
v  1.7005 4.9976 0.1428
v  1.7012 4.9940 0.1392
v  1.7010 4.9939 0.1232
v  1.7010 4.9939 0.1384
v  1.6838 4.9909 0.1384
v  1.6838 4.9909 0.1232
v  1.6834 4.9934 0.1439
v  1.6886 4.9641 0.1439
v  1.7057 4.9672 0.1439
v  1.7005 4.9964 0.1439
v  1.7010 4.9938 0.1390
v  1.6838 4.9908 0.1390
v  1.6831 4.9948 0.1232
v  1.6831 4.9948 0.1424
v  1.7003 4.9979 0.1424
v  1.7003 4.9979 0.1232
v  1.6832 4.9947 0.1430
v  1.7003 4.9977 0.1430
v  1.6888 4.9627 0.1424
v  1.6888 4.9627 0.1202
v  1.7060 4.9657 0.1202
v  1.7060 4.9657 0.1424
v  1.7003 4.9976 0.1230
v  1.7009 4.9942 0.1230
v  1.6838 4.9911 0.1230
v  1.6832 4.9946 0.1230
v  1.7053 4.9696 0.1384
v  1.7053 4.9696 0.1202
v  1.6881 4.9666 0.1202
v  1.6881 4.9666 0.1384
v  1.7011 4.9942 0.1232
v  1.7005 4.9977 0.1232
v  1.7061 4.9659 0.1202
v  1.7055 4.9695 0.1202
v  1.7055 4.9695 0.1386
v  1.7061 4.9659 0.1422
v  1.7059 4.9659 0.1200
v  1.6888 4.9629 0.1200
v  1.6882 4.9664 0.1200
v  1.7053 4.9694 0.1200
v  1.6879 4.9664 0.1202
v  1.6886 4.9628 0.1202
v  1.6886 4.9628 0.1422
v  1.6879 4.9664 0.1386
v  1.6829 4.9946 0.1422
v  1.6836 4.9910 0.1386
v  1.6836 4.9909 0.1392
v  1.6830 4.9945 0.1428
v  1.6837 4.9906 0.1396
v  1.6830 4.9942 0.1433
v  1.6837 4.9901 0.1400
v  1.6831 4.9937 0.1436
v  1.6877 4.9679 0.1401
v  1.6883 4.9643 0.1437
v  1.6832 4.9931 0.1437
v  1.6838 4.9896 0.1401
v  1.7012 4.9925 0.1399
v  1.7050 4.9711 0.1399
v  1.6879 4.9681 0.1399
v  1.6841 4.9894 0.1399
v  1.7010 4.9935 0.1395
v  1.6839 4.9905 0.1395
v  1.7059 4.9658 0.1430
v  1.6888 4.9628 0.1430
v  1.7011 4.9930 0.1398
v  1.6840 4.9900 0.1398
v  1.7059 4.9661 0.1435
v  1.6887 4.9631 0.1435
v  1.7052 4.9710 0.1401
v  1.7059 4.9674 0.1437
v  1.7060 4.9668 0.1436
v  1.7053 4.9704 0.1400
v  1.7058 4.9666 0.1438
v  1.6887 4.9636 0.1438
v  1.7061 4.9663 0.1433
v  1.7054 4.9699 0.1396
v  1.6881 4.9667 0.1390
v  1.7052 4.9698 0.1390
v  1.7061 4.9660 0.1428
v  1.7055 4.9696 0.1392
v  1.7051 4.9706 0.1398
v  1.6880 4.9675 0.1398
v  1.7052 4.9701 0.1395
v  1.6880 4.9670 0.1395
v  1.7004 4.9969 0.1438
v  1.6833 4.9939 0.1438
v  1.7013 4.9932 0.1400
v  1.7007 4.9968 0.1436
v  1.7008 4.9962 0.1437
v  1.7014 4.9927 0.1401
v  1.7003 4.9974 0.1435
v  1.6832 4.9944 0.1435
v  1.7006 4.9973 0.1433
v  1.7012 4.9937 0.1396
v  1.6885 4.9629 0.1428
v  1.6879 4.9665 0.1392
v  1.6885 4.9632 0.1433
v  1.6879 4.9668 0.1396
v  1.6884 4.9637 0.1436
v  1.6878 4.9673 0.1400
v  1.6837 4.9910 0.1231
v  1.6837 4.9909 0.1232
v  1.6836 4.9910 0.1232
v  1.6836 4.9911 0.1230
v  1.6838 4.9910 0.1230
v  1.6830 4.9947 0.1231
v  1.6830 4.9946 0.1230
v  1.6829 4.9946 0.1232
v  1.6830 4.9948 0.1232
v  1.6831 4.9948 0.1230
v  1.7011 4.9940 0.1231
v  1.7011 4.9940 0.1232
v  1.7009 4.9940 0.1230
v  1.7011 4.9942 0.1230
v  1.7004 4.9978 0.1231
v  1.7003 4.9978 0.1230
v  1.7004 4.9978 0.1232
v  1.7005 4.9977 0.1230
v  1.7061 4.9658 0.1201
v  1.7061 4.9658 0.1202
v  1.7059 4.9658 0.1200
v  1.7061 4.9659 0.1200
v  1.6887 4.9627 0.1201
v  1.6888 4.9627 0.1200
v  1.6887 4.9627 0.1202
v  1.6886 4.9628 0.1200
v  1.7054 4.9696 0.1201
v  1.7054 4.9696 0.1202
v  1.7054 4.9695 0.1200
v  1.7053 4.9696 0.1200
v  1.6880 4.9665 0.1201
v  1.6880 4.9664 0.1200
v  1.6880 4.9665 0.1202
v  1.6881 4.9665 0.1200
v  1.7004 4.9978 0.1423
v  1.7004 4.9977 0.1429
v  1.6830 4.9946 0.1429
v  1.6830 4.9948 0.1423
v  1.7005 4.9974 0.1434
v  1.6831 4.9943 0.1434
v  1.7006 4.9969 0.1438
v  1.6832 4.9938 0.1438
v  1.7007 4.9963 0.1439
v  1.6833 4.9932 0.1439
v  1.7014 4.9926 0.1400
v  1.7013 4.9931 0.1398
v  1.6838 4.9900 0.1398
v  1.6839 4.9895 0.1400
v  1.7012 4.9936 0.1395
v  1.6837 4.9905 0.1395
v  1.7011 4.9939 0.1391
v  1.6837 4.9908 0.1391
v  1.7011 4.9940 0.1385
v  1.6837 4.9909 0.1385
v  1.6884 4.9642 0.1439
v  1.6885 4.9636 0.1438
v  1.6878 4.9674 0.1398
v  1.6877 4.9680 0.1400
v  1.6886 4.9631 0.1434
v  1.6879 4.9670 0.1395
v  1.6886 4.9628 0.1429
v  1.6880 4.9667 0.1391
v  1.6887 4.9627 0.1423
v  1.6880 4.9665 0.1385
v  1.7061 4.9658 0.1423
v  1.7061 4.9659 0.1429
v  1.7054 4.9697 0.1391
v  1.7054 4.9696 0.1385
v  1.7060 4.9662 0.1434
v  1.7053 4.9700 0.1395
v  1.7059 4.9667 0.1438
v  1.7053 4.9705 0.1398
v  1.7058 4.9673 0.1439
v  1.7052 4.9711 0.1400
v  1.9116 5.0313 0.1386
v  1.9110 5.0349 0.1422
v  1.9110 5.0347 0.1428
v  1.9117 5.0312 0.1392
v  1.9115 5.0311 0.1232
v  1.9115 5.0311 0.1384
v  1.8943 5.0280 0.1384
v  1.8943 5.0280 0.1232
v  1.8939 5.0305 0.1439
v  1.8991 5.0013 0.1439
v  1.9162 5.0043 0.1439
v  1.9110 5.0335 0.1439
v  1.9115 5.0310 0.1390
v  1.8944 5.0279 0.1390
v  1.8936 5.0320 0.1232
v  1.8936 5.0320 0.1424
v  1.9108 5.0350 0.1424
v  1.9108 5.0350 0.1232
v  1.8937 5.0319 0.1430
v  1.9108 5.0349 0.1430
v  1.8993 4.9998 0.1424
v  1.8993 4.9998 0.1202
v  1.9165 5.0028 0.1202
v  1.9165 5.0028 0.1424
v  1.9108 5.0348 0.1230
v  1.9114 5.0313 0.1230
v  1.8943 5.0283 0.1230
v  1.8937 5.0318 0.1230
v  1.9158 5.0068 0.1384
v  1.9158 5.0068 0.1202
v  1.8986 5.0038 0.1202
v  1.8986 5.0038 0.1384
v  1.9116 5.0313 0.1232
v  1.9110 5.0349 0.1232
v  1.9166 5.0031 0.1202
v  1.9160 5.0066 0.1202
v  1.9160 5.0066 0.1386
v  1.9166 5.0031 0.1422
v  1.9164 5.0030 0.1200
v  1.8993 5.0000 0.1200
v  1.8987 5.0035 0.1200
v  1.9158 5.0066 0.1200
v  1.8984 5.0035 0.1202
v  1.8991 4.9999 0.1202
v  1.8991 4.9999 0.1422
v  1.8984 5.0035 0.1386
v  1.8935 5.0318 0.1422
v  1.8941 5.0282 0.1386
v  1.8941 5.0281 0.1392
v  1.8935 5.0316 0.1428
v  1.8942 5.0278 0.1396
v  1.8935 5.0313 0.1433
v  1.8942 5.0273 0.1400
v  1.8936 5.0308 0.1436
v  1.8982 5.0050 0.1401
v  1.8988 5.0014 0.1437
v  1.8937 5.0303 0.1437
v  1.8943 5.0267 0.1401
v  1.9117 5.0296 0.1399
v  1.9155 5.0083 0.1399
v  1.8984 5.0052 0.1399
v  1.8946 5.0266 0.1399
v  1.9115 5.0306 0.1395
v  1.8944 5.0276 0.1395
v  1.9164 5.0029 0.1430
v  1.8993 4.9999 0.1430
v  1.9116 5.0302 0.1398
v  1.8945 5.0271 0.1398
v  1.9164 5.0033 0.1435
v  1.8992 5.0002 0.1435
v  1.9157 5.0081 0.1401
v  1.9164 5.0045 0.1437
v  1.9165 5.0040 0.1436
v  1.9158 5.0076 0.1400
v  1.9163 5.0037 0.1438
v  1.8992 5.0007 0.1438
v  1.9166 5.0035 0.1433
v  1.9159 5.0071 0.1396
v  1.8986 5.0039 0.1390
v  1.9157 5.0069 0.1390
v  1.9166 5.0032 0.1428
v  1.9160 5.0068 0.1392
v  1.9156 5.0077 0.1398
v  1.8985 5.0047 0.1398
v  1.9157 5.0072 0.1395
v  1.8985 5.0042 0.1395
v  1.9109 5.0341 0.1438
v  1.8938 5.0311 0.1438
v  1.9118 5.0304 0.1400
v  1.9112 5.0339 0.1436
v  1.9113 5.0334 0.1437
v  1.9119 5.0298 0.1401
v  1.9108 5.0346 0.1435
v  1.8937 5.0315 0.1435
v  1.9111 5.0344 0.1433
v  1.9117 5.0309 0.1396
v  1.8991 5.0001 0.1428
v  1.8984 5.0037 0.1392
v  1.8990 5.0004 0.1433
v  1.8984 5.0040 0.1396
v  1.8989 5.0009 0.1436
v  1.8983 5.0045 0.1400
v  1.8942 5.0281 0.1231
v  1.8942 5.0281 0.1232
v  1.8941 5.0282 0.1232
v  1.8941 5.0282 0.1230
v  1.8943 5.0281 0.1230
v  1.8935 5.0319 0.1231
v  1.8935 5.0317 0.1230
v  1.8935 5.0318 0.1232
v  1.8935 5.0319 0.1232
v  1.8936 5.0319 0.1230
v  1.9116 5.0312 0.1231
v  1.9116 5.0312 0.1232
v  1.9115 5.0311 0.1230
v  1.9116 5.0313 0.1230
v  1.9109 5.0349 0.1231
v  1.9108 5.0349 0.1230
v  1.9109 5.0350 0.1232
v  1.9110 5.0348 0.1230
v  1.9166 5.0029 0.1201
v  1.9166 5.0029 0.1202
v  1.9164 5.0029 0.1200
v  1.9166 5.0031 0.1200
v  1.8992 4.9999 0.1201
v  1.8993 4.9999 0.1200
v  1.8992 4.9998 0.1202
v  1.8991 5.0000 0.1200
v  1.9159 5.0067 0.1201
v  1.9159 5.0068 0.1202
v  1.9159 5.0066 0.1200
v  1.9158 5.0067 0.1200
v  1.8985 5.0036 0.1201
v  1.8985 5.0035 0.1200
v  1.8985 5.0037 0.1202
v  1.8986 5.0037 0.1200
v  1.9109 5.0350 0.1423
v  1.9109 5.0349 0.1429
v  1.8935 5.0318 0.1429
v  1.8935 5.0319 0.1423
v  1.9110 5.0345 0.1434
v  1.8936 5.0315 0.1434
v  1.9111 5.0340 0.1438
v  1.8937 5.0310 0.1438
v  1.9112 5.0335 0.1439
v  1.8938 5.0304 0.1439
v  1.9119 5.0297 0.1400
v  1.9118 5.0303 0.1398
v  1.8943 5.0272 0.1398
v  1.8944 5.0266 0.1400
v  1.9117 5.0307 0.1395
v  1.8942 5.0276 0.1395
v  1.9116 5.0310 0.1391
v  1.8942 5.0280 0.1391
v  1.9116 5.0311 0.1385
v  1.8942 5.0281 0.1385
v  1.8989 5.0013 0.1439
v  1.8990 5.0008 0.1438
v  1.8983 5.0046 0.1398
v  1.8982 5.0051 0.1400
v  1.8991 5.0003 0.1434
v  1.8984 5.0041 0.1395
v  1.8991 4.9999 0.1429
v  1.8985 5.0038 0.1391
v  1.8992 4.9998 0.1423
v  1.8985 5.0037 0.1385
v  1.9166 5.0029 0.1423
v  1.9166 5.0030 0.1429
v  1.9159 5.0069 0.1391
v  1.9159 5.0068 0.1385
v  1.9165 5.0033 0.1434
v  1.9158 5.0072 0.1395
v  1.9164 5.0038 0.1438
v  1.9158 5.0077 0.1398
v  1.9163 5.0044 0.1439
v  1.9157 5.0082 0.1400
# 4712 vertices

vn -0.1983 0.0114 -0.9801
vn -0.0035 0.0004 -1.0000
vn 0.0000 0.0000 -1.0000
vn -0.1953 0.0000 -0.9807
vn -0.3851 0.0219 -0.9226
vn -0.3827 0.0000 -0.9239
vn -0.5571 0.0314 -0.8299
vn -0.5556 0.0000 -0.8315
vn -0.7077 0.0397 -0.7054
vn -0.7071 0.0000 -0.7071
vn -0.8312 0.0464 -0.5540
vn -0.8314 0.0000 -0.5557
vn -0.9230 0.0514 -0.3815
vn -0.9239 0.0000 -0.3827
vn -0.9794 0.0544 -0.1944
vn -0.9808 0.0000 -0.1951
vn -0.9985 0.0555 -0.0001
vn -1.0000 0.0000 -0.0002
vn -0.9794 0.0544 0.1944
vn -0.9808 0.0000 0.1951
vn -0.9230 0.0514 0.3815
vn -0.9239 0.0000 0.3827
vn -0.8312 0.0464 0.5540
vn -0.8314 0.0000 0.5557
vn -0.7077 0.0397 0.7054
vn -0.7071 0.0000 0.7071
vn -0.5572 0.0314 0.8298
vn -0.5557 0.0000 0.8314
vn -0.3851 0.0219 0.9226
vn -0.3827 0.0000 0.9239
vn -0.1982 0.0114 0.9801
vn -0.1951 0.0000 0.9808
vn -0.0035 0.0004 1.0000
vn 0.0000 0.0000 1.0000
vn 0.1913 -0.0108 0.9815
vn 0.1951 0.0000 0.9808
vn 0.3790 -0.0217 0.9251
vn 0.3827 0.0000 0.9239
vn 0.5522 -0.0318 0.8331
vn 0.5557 0.0000 0.8314
vn 0.7042 -0.0408 0.7088
vn 0.7072 0.0000 0.7070
vn 0.8289 -0.0483 0.5572
vn 0.8315 0.0000 0.5556
vn 0.9218 -0.0539 0.3840
vn 0.9239 0.0000 0.3827
vn 0.9790 -0.0573 0.1959
vn 0.9807 0.0000 0.1953
vn 0.9983 -0.0585 -0.0000
vn 1.0000 0.0000 -0.0000
vn 0.9790 -0.0573 -0.1958
vn 0.9808 0.0000 -0.1951
vn 0.9218 -0.0538 -0.3840
vn 0.9239 0.0000 -0.3827
vn 0.8289 -0.0483 -0.5573
vn 0.8314 0.0000 -0.5557
vn 0.7041 -0.0408 -0.7089
vn 0.7071 0.0000 -0.7071
vn 0.5522 -0.0318 -0.8331
vn 0.5556 0.0000 -0.8315
vn 0.3790 -0.0217 -0.9251
vn 0.3827 0.0000 -0.9239
vn 0.1914 -0.0108 -0.9814
vn 0.1953 0.0000 -0.9807
vn -0.6992 0.1200 -0.7048
vn -0.5505 0.0948 -0.8294
vn 0.1891 -0.0327 -0.9814
vn 0.3745 -0.0652 -0.9249
vn 0.3745 -0.0652 0.9249
vn 0.1891 -0.0327 0.9814
vn -0.8210 0.1406 -0.5534
vn -0.0035 0.0008 -1.0000
vn 0.5454 -0.0954 0.8327
vn -0.9114 0.1558 -0.3809
vn 0.6953 -0.1220 0.7083
vn -0.9670 0.1651 -0.1941
vn 0.8182 -0.1439 0.5566
vn -0.9857 0.1683 -0.0000
vn 0.9096 -0.1603 0.3834
vn -0.9670 0.1651 0.1941
vn 0.9658 -0.1704 0.1955
vn -0.9114 0.1558 0.3809
vn 0.9848 -0.1738 -0.0000
vn -0.8210 0.1406 0.5534
vn 0.9658 -0.1704 -0.1955
vn -0.6992 0.1200 0.7048
vn 0.9096 -0.1603 -0.3834
vn -0.5505 0.0948 0.8294
vn 0.8182 -0.1439 -0.5566
vn -0.3806 0.0658 0.9224
vn -0.1959 0.0340 -0.9800
vn 0.6953 -0.1220 -0.7083
vn -0.1959 0.0340 0.9800
vn -0.3806 0.0658 -0.9224
vn 0.5454 -0.0954 -0.8327
vn -0.0035 0.0008 1.0000
vn 0.8849 -0.2643 -0.3834
vn 0.9396 -0.2809 -0.1955
vn -0.5359 0.1578 0.8294
vn -0.6806 0.2000 0.7048
vn 0.7961 -0.2375 -0.5566
vn -0.3704 0.1093 0.9224
vn -0.1907 0.0565 -0.9800
vn -0.0034 0.0012 -1.0000
vn 0.6765 -0.2015 -0.7083
vn -0.1907 0.0565 0.9800
vn -0.3704 0.1093 -0.9224
vn 0.5307 -0.1578 -0.8327
vn -0.0034 0.0012 1.0000
vn -0.5359 0.1578 -0.8294
vn 0.3644 -0.1081 -0.9249
vn 0.1840 -0.0544 0.9814
vn -0.6806 0.2000 -0.7048
vn 0.1840 -0.0544 -0.9814
vn 0.3644 -0.1081 0.9249
vn -0.7992 0.2345 -0.5534
vn 0.5307 -0.1578 0.8327
vn -0.8873 0.2601 -0.3809
vn 0.6765 -0.2015 0.7083
vn -0.9414 0.2758 -0.1941
vn 0.7961 -0.2375 0.5566
vn -0.9597 0.2811 -0.0000
vn 0.8849 -0.2643 0.3834
vn -0.9414 0.2758 0.1941
vn 0.9396 -0.2809 0.1955
vn -0.8873 0.2601 0.3809
vn 0.9581 -0.2865 -0.0000
vn -0.7992 0.2345 0.5534
vn -0.3553 0.1514 -0.9224
vn -0.1829 0.0781 -0.9800
vn 0.5089 -0.2181 -0.8327
vn 0.6487 -0.2784 -0.7083
vn -0.0033 0.0016 1.0000
vn -0.1829 0.0781 0.9800
vn -0.5140 0.2186 -0.8294
vn 0.3495 -0.1495 -0.9249
vn 0.1765 -0.0753 0.9814
vn -0.6529 0.2774 -0.7048
vn 0.1765 -0.0753 -0.9814
vn 0.3495 -0.1495 0.9249
vn -0.7668 0.3254 -0.5534
vn -0.0033 0.0016 -1.0000
vn 0.5089 -0.2181 0.8327
vn -0.8512 0.3609 -0.3810
vn 0.6487 -0.2784 0.7083
vn -0.9032 0.3828 -0.1941
vn 0.7633 -0.3280 0.5566
vn -0.9207 0.3902 -0.0000
vn 0.8485 -0.3648 0.3834
vn -0.9032 0.3828 0.1941
vn 0.9009 -0.3876 0.1955
vn -0.8512 0.3609 0.3810
vn 0.9186 -0.3953 -0.0000
vn -0.7668 0.3254 0.5534
vn 0.9009 -0.3876 -0.1955
vn -0.6529 0.2774 0.7048
vn 0.8485 -0.3648 -0.3834
vn -0.5140 0.2186 0.8294
vn 0.7633 -0.3280 -0.5566
vn -0.3553 0.1514 0.9224
vn -0.7240 0.4118 -0.5534
vn -0.6165 0.3510 -0.7048
vn -0.0031 0.0019 -1.0000
vn 0.1666 -0.0952 -0.9814
vn 0.4803 -0.2754 0.8327
vn 0.3299 -0.1889 0.9249
vn -0.8038 0.4569 -0.3810
vn 0.6121 -0.3515 0.7083
vn -0.8529 0.4846 -0.1941
vn 0.7203 -0.4140 0.5566
vn -0.8695 0.4940 -0.0000
vn 0.8006 -0.4605 0.3834
vn -0.8529 0.4846 0.1941
vn 0.8500 -0.4891 0.1955
vn -0.8038 0.4569 0.3810
vn 0.8667 -0.4988 -0.0000
vn -0.7240 0.4118 0.5534
vn 0.8500 -0.4891 -0.1955
vn -0.6165 0.3510 0.7048
vn 0.8006 -0.4605 -0.3834
vn -0.4853 0.2766 0.8294
vn 0.7203 -0.4140 -0.5566
vn -0.3354 0.1915 0.9224
vn -0.1726 0.0987 -0.9800
vn 0.6121 -0.3515 -0.7083
vn -0.1726 0.0987 0.9800
vn -0.3354 0.1915 -0.9224
vn 0.4803 -0.2754 -0.8327
vn -0.0031 0.0019 1.0000
vn -0.4853 0.2766 -0.8294
vn 0.3299 -0.1889 -0.9249
vn 0.1666 -0.0952 0.9814
vn -0.8065 0.5912 -0.0000
vn -0.7912 0.5800 -0.1941
vn 0.7420 -0.5499 0.3834
vn 0.6676 -0.4945 0.5566
vn -0.7912 0.5800 0.1941
vn 0.7878 -0.5841 0.1955
vn -0.7456 0.5467 0.3810
vn 0.8032 -0.5957 -0.0000
vn -0.6716 0.4927 0.5534
vn 0.7878 -0.5841 -0.1955
vn -0.5718 0.4199 0.7048
vn 0.7420 -0.5499 -0.3834
vn -0.4501 0.3309 0.8294
vn 0.6676 -0.4945 -0.5566
vn -0.3111 0.2290 0.9224
vn -0.1600 0.1180 -0.9800
vn -0.0028 0.0023 -1.0000
vn 0.5674 -0.4199 -0.7083
vn -0.1600 0.1180 0.9800
vn -0.3111 0.2290 -0.9224
vn 0.4453 -0.3291 -0.8327
vn -0.0028 0.0023 1.0000
vn -0.4501 0.3309 -0.8294
vn 0.3058 -0.2257 -0.9249
vn 0.1545 -0.1138 0.9814
vn -0.5718 0.4199 -0.7048
vn 0.1545 -0.1138 -0.9814
vn 0.3058 -0.2257 0.9249
vn -0.6716 0.4927 -0.5534
vn 0.4453 -0.3291 0.8327
vn -0.7456 0.5467 -0.3810
vn 0.5674 -0.4199 0.7083
vn -0.6101 0.5671 0.5534
vn -0.6774 0.6293 0.3810
vn 0.7150 -0.6712 -0.1955
vn 0.7290 -0.6845 -0.0000
vn -0.5194 0.4831 0.7048
vn 0.6735 -0.6320 -0.3834
vn -0.4089 0.3807 0.8294
vn 0.6060 -0.5683 -0.5566
vn -0.2825 0.2634 0.9224
vn -0.1453 0.1357 -0.9800
vn -0.0025 0.0026 -1.0000
vn 0.5151 -0.4826 -0.7083
vn -0.1453 0.1357 0.9800
vn -0.2825 0.2634 -0.9224
vn 0.4042 -0.3784 -0.8327
vn -0.0025 0.0026 1.0000
vn -0.4089 0.3807 -0.8294
vn 0.2777 -0.2596 -0.9249
vn 0.1403 -0.1309 0.9814
vn -0.5194 0.4831 -0.7048
vn 0.1403 -0.1309 -0.9814
vn 0.2777 -0.2596 0.9249
vn -0.6101 0.5671 -0.5534
vn 0.4042 -0.3784 0.8327
vn -0.6774 0.6293 -0.3810
vn 0.5151 -0.4826 0.7083
vn -0.7188 0.6675 -0.1942
vn 0.6060 -0.5683 0.5566
vn -0.7328 0.6804 -0.0000
vn 0.6735 -0.6320 0.3834
vn -0.7188 0.6675 0.1942
vn 0.7150 -0.6712 0.1955
vn -0.2502 0.2943 0.9224
vn -0.3621 0.4254 0.8294
vn -0.1287 0.1516 -0.9800
vn -0.0022 0.0029 -1.0000
vn 0.4558 -0.5389 -0.7083
vn 0.5362 -0.6346 -0.5566
vn -0.1287 0.1516 0.9800
vn -0.2502 0.2943 -0.9224
vn 0.3578 -0.4226 -0.8327
vn -0.0022 0.0029 1.0000
vn -0.3621 0.4254 -0.8294
vn 0.2458 -0.2899 -0.9249
vn 0.1243 -0.1462 0.9814
vn -0.4601 0.5399 -0.7048
vn 0.1243 -0.1462 -0.9814
vn 0.2458 -0.2899 0.9249
vn -0.5405 0.6338 -0.5534
vn 0.3578 -0.4226 0.8327
vn -0.6001 0.7034 -0.3809
vn 0.4558 -0.5389 0.7083
vn -0.6368 0.7461 -0.1942
vn 0.5362 -0.6346 0.5566
vn -0.6492 0.7606 -0.0000
vn 0.5959 -0.7056 0.3834
vn -0.6368 0.7461 0.1942
vn 0.6326 -0.7494 0.1955
vn -0.6001 0.7034 0.3809
vn 0.6450 -0.7642 -0.0000
vn -0.5405 0.6338 0.5534
vn 0.6326 -0.7494 -0.1955
vn -0.4601 0.5399 0.7048
vn 0.5959 -0.7056 -0.3834
vn 0.1065 -0.1596 0.9814
vn -0.0019 0.0031 1.0000
vn -0.3946 0.5895 -0.7048
vn -0.3105 0.4644 -0.8294
vn 0.1065 -0.1596 -0.9814
vn 0.2107 -0.3164 -0.9249
vn 0.2107 -0.3164 0.9249
vn -0.4636 0.6920 -0.5534
vn -0.0019 0.0031 -1.0000
vn 0.3065 -0.4611 0.8327
vn -0.5148 0.7680 -0.3809
vn 0.3905 -0.5880 0.7083
vn -0.5463 0.8148 -0.1941
vn 0.4593 -0.6923 0.5566
vn -0.5570 0.8305 -0.0000
vn 0.5103 -0.7698 0.3834
vn -0.5463 0.8148 0.1941
vn 0.5417 -0.8175 0.1955
vn -0.5148 0.7680 0.3809
vn 0.5523 -0.8336 -0.0000
vn -0.4636 0.6920 0.5534
vn 0.5417 -0.8175 -0.1955
vn -0.3946 0.5895 0.7048
vn 0.5103 -0.7698 -0.3834
vn -0.3105 0.4644 0.8294
vn 0.4593 -0.6923 -0.5566
vn -0.2145 0.3212 0.9224
vn -0.1103 0.1655 -0.9800
vn 0.3905 -0.5880 -0.7083
vn -0.1103 0.1655 0.9800
vn -0.2145 0.3212 -0.9224
vn 0.3065 -0.4611 -0.8327
vn 0.3199 -0.6292 0.7083
vn 0.2512 -0.4934 0.8327
vn -0.4485 0.8724 -0.1941
vn -0.4226 0.8224 -0.3809
vn 0.3762 -0.7407 0.5566
vn -0.4572 0.8893 -0.0000
vn 0.4179 -0.8236 0.3834
vn -0.4485 0.8724 0.1941
vn 0.4436 -0.8746 0.1955
vn -0.4226 0.8224 0.3809
vn 0.4523 -0.8919 -0.0000
vn -0.3805 0.7410 0.5534
vn 0.4436 -0.8746 -0.1955
vn -0.3238 0.6312 0.7048
vn 0.4179 -0.8236 -0.3834
vn -0.2547 0.4971 0.8294
vn 0.3762 -0.7407 -0.5566
vn -0.1759 0.3438 0.9224
vn -0.0904 0.1771 -0.9800
vn -0.0015 0.0033 -1.0000
vn 0.3199 -0.6292 -0.7083
vn -0.0904 0.1771 0.9800
vn -0.1759 0.3438 -0.9224
vn 0.2512 -0.4934 -0.8327
vn -0.0015 0.0033 1.0000
vn -0.2547 0.4971 -0.8294
vn 0.1727 -0.3386 -0.9249
vn 0.0874 -0.1709 0.9814
vn -0.3238 0.6312 -0.7048
vn 0.0874 -0.1709 -0.9814
vn 0.1727 -0.3386 0.9249
vn -0.3805 0.7410 -0.5534
vn 0.3395 -0.9201 0.1955
vn 0.3199 -0.8664 0.3834
vn -0.3247 0.8657 0.3809
vn -0.3446 0.9184 0.1941
vn 0.3462 -0.9382 -0.0000
vn -0.2923 0.7800 0.5534
vn 0.3395 -0.9201 -0.1955
vn -0.2487 0.6644 0.7048
vn 0.3199 -0.8664 -0.3834
vn -0.1956 0.5233 0.8294
vn 0.2880 -0.7792 -0.5566
vn -0.1350 0.3619 0.9224
vn -0.0693 0.1864 -0.9800
vn -0.0011 0.0035 -1.0000
vn 0.2450 -0.6620 -0.7083
vn -0.0693 0.1864 0.9800
vn -0.1350 0.3619 -0.9224
vn 0.1925 -0.5192 -0.8327
vn -0.0011 0.0035 1.0000
vn -0.1956 0.5233 -0.8294
vn 0.1324 -0.3563 -0.9249
vn 0.0670 -0.1798 0.9814
vn -0.2487 0.6644 -0.7048
vn 0.0670 -0.1798 -0.9814
vn 0.1324 -0.3563 0.9249
vn -0.2923 0.7800 -0.5534
vn 0.1925 -0.5192 0.8327
vn -0.3247 0.8657 -0.3809
vn 0.2450 -0.6620 0.7083
vn -0.3446 0.9184 -0.1941
vn 0.2880 -0.7792 0.5566
vn -0.3514 0.9362 -0.0000
vn 0.2176 -0.8976 -0.3834
vn 0.2309 -0.9531 -0.1955
vn -0.1338 0.5424 0.8294
vn -0.1702 0.6887 0.7048
vn 0.1960 -0.8073 -0.5566
vn -0.0923 0.3751 0.9224
vn -0.0473 0.1931 -0.9800
vn -0.0007 0.0036 -1.0000
vn 0.1668 -0.6859 -0.7083
vn -0.0473 0.1931 0.9800
vn -0.0923 0.3751 -0.9224
vn 0.1312 -0.5379 -0.8327
vn -0.0007 0.0036 1.0000
vn -0.1338 0.5424 -0.8294
vn 0.0903 -0.3692 -0.9249
vn 0.0458 -0.1864 0.9814
vn -0.1702 0.6887 -0.7048
vn 0.0458 -0.1864 -0.9814
vn 0.0903 -0.3692 0.9249
vn -0.2002 0.8085 -0.5534
vn 0.1312 -0.5379 0.8327
vn -0.2225 0.8975 -0.3809
vn 0.1668 -0.6859 0.7083
vn -0.2362 0.9521 -0.1941
vn 0.1960 -0.8073 0.5566
vn -0.2408 0.9706 -0.0000
vn 0.2176 -0.8976 0.3834
vn -0.2362 0.9521 0.1941
vn 0.2309 -0.9531 0.1955
vn -0.2225 0.8975 0.3809
vn 0.2354 -0.9719 -0.0000
vn -0.2002 0.8085 0.5534
vn -0.0683 0.3773 -0.9236
vn -0.0348 0.1925 -0.9807
vn 0.0984 -0.5473 -0.8311
vn 0.1251 -0.6964 -0.7066
vn -0.0001 0.0002 1.0000
vn -0.0348 0.1925 0.9807
vn -0.0993 0.5474 -0.8309
vn 0.0679 -0.3770 -0.9237
vn 0.0346 -0.1921 0.9808
vn -0.1264 0.6964 -0.7064
vn 0.0346 -0.1921 -0.9808
vn 0.0679 -0.3770 0.9237
vn -0.1487 0.8186 -0.5548
vn -0.0001 0.0002 -1.0000
vn 0.0984 -0.5473 0.8311
vn -0.1653 0.9092 -0.3820
vn 0.1251 -0.6964 0.7066
vn -0.1755 0.9650 -0.1947
vn 0.1469 -0.8188 0.5550
vn -0.1789 0.9839 -0.0000
vn 0.1631 -0.9096 0.3822
vn -0.1755 0.9650 0.1947
vn 0.1730 -0.9655 0.1948
vn -0.1653 0.9092 0.3820
vn 0.1764 -0.9843 -0.0000
vn -0.1487 0.8186 0.5548
vn 0.1730 -0.9655 -0.1948
vn -0.1264 0.6964 0.7064
vn 0.1631 -0.9096 -0.3822
vn -0.0993 0.5474 0.8309
vn 0.1469 -0.8188 -0.5550
vn -0.0683 0.3773 0.9236
vn -0.1445 0.8187 -0.5557
vn -0.1229 0.6962 -0.7073
vn 0.0001 -0.0004 -1.0000
vn 0.0340 -0.1925 -0.9807
vn 0.0966 -0.5474 0.8313
vn 0.0666 -0.3772 0.9237
vn -0.1606 0.9098 -0.3828
vn 0.1230 -0.6965 0.7069
vn -0.1705 0.9658 -0.1952
vn 0.1446 -0.8189 0.5554
vn -0.1739 0.9848 -0.0000
vn 0.1606 -0.9099 0.3825
vn -0.1705 0.9658 0.1952
vn 0.1705 -0.9659 0.1950
vn -0.1606 0.9098 0.3828
vn 0.1739 -0.9848 -0.0000
vn -0.1445 0.8187 0.5557
vn 0.1705 -0.9659 -0.1950
vn -0.1229 0.6962 0.7073
vn 0.1606 -0.9099 -0.3825
vn -0.0965 0.5469 0.8316
vn 0.1446 -0.8189 -0.5554
vn -0.0665 0.3766 0.9240
vn -0.0339 0.1918 -0.9809
vn 0.1230 -0.6965 -0.7069
vn -0.0339 0.1918 0.9809
vn -0.0665 0.3766 -0.9240
vn 0.0966 -0.5474 -0.8313
vn 0.0001 -0.0004 1.0000
vn -0.0965 0.5469 -0.8316
vn 0.0666 -0.3772 -0.9237
vn 0.0340 -0.1925 0.9807
vn -1.0000 0.0000 -0.0000
vn 0.1951 0.0000 -0.9808
vn -0.5556 0.0000 0.8315
vn 0.7071 0.0000 0.7071
vn -0.8315 0.0000 0.5556
vn 0.5556 0.0000 0.8315
vn -0.1951 0.0000 -0.9808
vn 0.9808 0.0000 0.1951
vn -0.8315 0.0000 -0.5556
vn 0.8315 0.0000 -0.5556
vn 0.0000 1.0000 -0.0000
vn -0.8192 -0.1708 0.5474
vn -0.6967 -0.1708 0.6967
vn -0.7044 -0.0866 0.7045
vn -0.8283 -0.0866 0.5535
vn -0.3771 -0.1708 -0.9103
vn -0.5474 -0.1708 -0.8192
vn -0.5535 -0.0866 -0.8283
vn -0.3812 -0.0866 -0.9204
vn 0.9664 -0.1708 -0.1922
vn 0.9103 -0.1708 -0.3771
vn 0.9204 -0.0866 -0.3812
vn 0.9771 -0.0866 -0.1944
vn -0.1922 -0.1708 0.9664
vn 0.0000 -0.1708 0.9853
vn 0.0000 -0.0866 0.9962
vn -0.1944 -0.0866 0.9771
vn 0.1922 -0.1708 0.9664
vn 0.1944 -0.0866 0.9771
vn -0.9103 -0.1708 -0.3771
vn -0.9664 -0.1708 -0.1922
vn -0.9771 -0.0866 -0.1944
vn -0.9204 -0.0866 -0.3812
vn 0.5474 -0.1708 -0.8192
vn 0.3771 -0.1708 -0.9103
vn 0.3812 -0.0866 -0.9204
vn 0.5535 -0.0866 -0.8283
vn 0.6967 -0.1708 0.6967
vn 0.8192 -0.1708 0.5474
vn 0.8283 -0.0866 0.5535
vn 0.7045 -0.0866 0.7045
vn -0.9103 -0.1708 0.3771
vn -0.9204 -0.0866 0.3812
vn -0.1922 -0.1708 -0.9664
vn -0.1944 -0.0866 -0.9771
vn 0.9853 -0.1708 -0.0000
vn 0.9962 -0.0866 -0.0000
vn -0.3771 -0.1708 0.9103
vn -0.3812 -0.0866 0.9204
vn -0.8192 -0.1708 -0.5474
vn -0.8283 -0.0866 -0.5535
vn 0.6967 -0.1708 -0.6967
vn 0.7045 -0.0866 -0.7045
vn 0.5474 -0.1708 0.8192
vn 0.5535 -0.0866 0.8283
vn -0.9664 -0.1708 0.1922
vn -0.9771 -0.0866 0.1944
vn 0.0000 -0.1708 -0.9853
vn 0.0000 -0.0866 -0.9962
vn 0.9664 -0.1708 0.1922
vn 0.9771 -0.0866 0.1944
vn -0.5474 -0.1708 0.8192
vn -0.5535 -0.0866 0.8283
vn -0.6967 -0.1708 -0.6967
vn -0.7044 -0.0866 -0.7045
vn 0.8192 -0.1708 -0.5474
vn 0.8283 -0.0866 -0.5535
vn 0.3771 -0.1708 0.9103
vn 0.3813 -0.0866 0.9204
vn -0.9853 -0.1708 -0.0000
vn -0.9962 -0.0866 -0.0000
vn 0.1922 -0.1708 -0.9664
vn 0.1944 -0.0866 -0.9771
vn 0.9103 -0.1708 0.3771
vn 0.9204 -0.0866 0.3813
vn 0.9239 -0.0026 0.3827
vn 0.8315 -0.0026 0.5556
vn 0.1951 -0.0026 -0.9808
vn 0.3827 -0.0026 -0.9239
vn -1.0000 -0.0026 -0.0000
vn -0.9808 -0.0026 -0.1951
vn 0.3827 -0.0026 0.9239
vn 0.1951 -0.0026 0.9808
vn 0.8315 -0.0026 -0.5556
vn 0.9239 -0.0026 -0.3827
vn -0.7071 -0.0026 -0.7071
vn -0.5556 -0.0026 -0.8315
vn -0.5556 -0.0026 0.8315
vn -0.7071 -0.0026 0.7071
vn 0.9808 -0.0026 0.1951
vn 0.0000 -0.0026 -1.0000
vn -0.9808 -0.0026 0.1951
vn 0.5556 -0.0026 0.8315
vn 0.7071 -0.0026 -0.7071
vn -0.8315 -0.0026 -0.5556
vn -0.3827 -0.0026 0.9239
vn 1.0000 -0.0026 -0.0000
vn -0.1951 -0.0026 -0.9808
vn -0.9239 -0.0026 0.3827
vn 0.7071 -0.0026 0.7071
vn 0.5556 -0.0026 -0.8315
vn -0.9239 -0.0026 -0.3827
vn -0.1951 -0.0026 0.9808
vn 0.9808 -0.0026 -0.1951
vn -0.3827 -0.0026 -0.9239
vn -0.8315 -0.0026 0.5556
vn 0.0000 -0.0026 1.0000
vn 0.7047 0.0828 -0.7047
vn 0.6977 0.1627 -0.6977
vn 0.8204 0.1627 -0.5482
vn 0.8286 0.0828 -0.5537
vn 0.5537 0.0828 0.8286
vn 0.5482 0.1627 0.8204
vn 0.3776 0.1627 0.9116
vn 0.3814 0.0828 0.9207
vn -0.9207 0.0828 0.3814
vn -0.9116 0.1627 0.3776
vn -0.9677 0.1627 0.1925
vn -0.9774 0.0828 0.1944
vn 0.0000 0.0828 -0.9966
vn 0.0000 0.1627 -0.9867
vn 0.1925 0.1627 -0.9677
vn 0.1944 0.0828 -0.9774
vn -0.1944 0.0828 -0.9774
vn -0.1925 0.1627 -0.9677
vn 0.9774 0.0828 0.1944
vn 0.9677 0.1627 0.1925
vn 0.9116 0.1627 0.3776
vn 0.9207 0.0828 0.3814
vn -0.3814 0.0828 0.9207
vn -0.3776 0.1627 0.9116
vn -0.5482 0.1627 0.8204
vn -0.5537 0.0828 0.8286
vn -0.8286 0.0828 -0.5537
vn -0.8204 0.1627 -0.5482
vn -0.6977 0.1627 -0.6977
vn -0.7047 0.0828 -0.7047
vn 0.9116 0.1627 -0.3776
vn 0.9207 0.0828 -0.3814
vn 0.1925 0.1627 0.9677
vn 0.1944 0.0828 0.9774
vn -0.9867 0.1627 -0.0000
vn -0.9966 0.0828 -0.0000
vn 0.3776 0.1627 -0.9116
vn 0.3814 0.0828 -0.9207
vn 0.8204 0.1627 0.5482
vn 0.8286 0.0828 0.5537
vn -0.6977 0.1627 0.6977
vn -0.7047 0.0828 0.7047
vn -0.5482 0.1627 -0.8204
vn -0.5537 0.0828 -0.8286
vn 0.9677 0.1627 -0.1925
vn 0.9774 0.0828 -0.1944
vn 0.0000 0.1627 0.9867
vn 0.0000 0.0828 0.9966
vn -0.9677 0.1627 -0.1925
vn -0.9774 0.0828 -0.1944
vn 0.5482 0.1627 -0.8204
vn 0.5537 0.0828 -0.8286
vn 0.6977 0.1627 0.6977
vn 0.7047 0.0828 0.7047
vn -0.8204 0.1627 0.5482
vn -0.8286 0.0828 0.5537
vn -0.3776 0.1627 -0.9116
vn -0.3814 0.0828 -0.9207
vn 0.9867 0.1627 -0.0000
vn 0.9966 0.0828 -0.0000
vn -0.1925 0.1627 0.9677
vn -0.1944 0.0828 0.9774
vn -0.9116 0.1627 -0.3776
vn -0.9207 0.0828 -0.3814
vn -0.9239 0.0032 -0.3827
vn -0.8315 0.0032 -0.5556
vn -0.1951 0.0032 0.9808
vn -0.3827 0.0032 0.9239
vn 1.0000 0.0032 -0.0000
vn 0.9808 0.0032 0.1951
vn -0.3827 0.0032 -0.9239
vn -0.1951 0.0032 -0.9808
vn -0.8315 0.0032 0.5556
vn -0.9239 0.0032 0.3827
vn 0.7071 0.0032 0.7071
vn 0.5556 0.0032 0.8315
vn 0.5556 0.0032 -0.8315
vn 0.7071 0.0032 -0.7071
vn -0.9808 0.0032 -0.1951
vn 0.0000 0.0032 1.0000
vn 0.9808 0.0032 -0.1951
vn -0.5556 0.0032 -0.8315
vn -0.7071 0.0032 0.7071
vn 0.8315 0.0032 0.5556
vn 0.3827 0.0032 -0.9239
vn -1.0000 0.0032 -0.0000
vn 0.1951 0.0032 0.9808
vn 0.9239 0.0032 -0.3827
vn -0.7071 0.0032 -0.7071
vn -0.5556 0.0032 0.8315
vn 0.9239 0.0032 0.3827
vn 0.1951 0.0032 -0.9808
vn -0.9808 0.0032 0.1951
vn 0.3827 0.0032 0.9239
vn 0.8315 0.0032 -0.5556
vn 0.0000 0.0032 -1.0000
vn 0.0001 1.0000 -0.0001
vn 0.0000 1.0000 -0.0001
vn 0.0000 -1.0000 -0.0000
vn -0.0001 -1.0000 -0.0000
vn 0.0000 1.0000 0.0001
vn -0.0004 -1.0000 -0.0000
vn -0.0001 1.0000 -0.0000
vn 0.0001 1.0000 -0.0000
vn -0.0002 -1.0000 -0.0001
vn -0.0002 1.0000 -0.0000
vn -0.0001 -1.0000 -0.0002
vn 0.0000 -1.0000 -0.0001
vn -0.0001 1.0000 0.0001
vn 0.0001 -1.0000 -0.0000
vn 0.0002 -1.0000 -0.0001
vn -0.0003 -1.0000 -0.0000
vn 0.0002 -1.0000 0.0001
vn 0.0000 -1.0000 0.0001
vn -0.0001 -1.0000 0.0002
vn -0.0002 -1.0000 0.0001
vn 0.1795 -0.9671 0.1803
vn -0.1802 -0.9670 0.1801
vn -0.1802 -0.9670 -0.1801
vn 0.1795 -0.9671 -0.1803
vn -0.1778 0.9676 -0.1794
vn -0.1778 0.9676 0.1794
vn 0.1787 0.9674 0.1793
vn 0.1787 0.9674 -0.1793
vn 0.9672 -0.1799 -0.1793
vn 0.9673 0.1792 -0.1793
vn 0.9673 0.1792 0.1793
vn 0.9672 -0.1799 0.1793
vn 0.1792 0.1791 -0.9674
vn 0.1791 -0.1796 -0.9673
vn -0.1793 -0.1797 -0.9672
vn -0.1793 0.1793 -0.9673
vn 0.1791 -0.1796 0.9673
vn 0.1792 0.1791 0.9674
vn -0.1793 0.1793 0.9673
vn -0.1793 -0.1797 0.9672
vn -0.8883 -0.3255 -0.3238
vn -0.9194 -0.3602 -0.1580
vn -0.9674 -0.1794 -0.1791
vn -0.9196 -0.1591 -0.3592
vn -0.3248 -0.3257 -0.8879
vn -0.3599 -0.1588 -0.9194
vn -0.1585 -0.3606 -0.9192
vn -0.3257 -0.8877 -0.3253
vn -0.1588 -0.9188 -0.3614
vn -0.3616 -0.9187 -0.1586
vn -0.8883 0.3243 -0.3250
vn -0.9195 0.1583 -0.3598
vn -0.9674 0.1788 -0.1793
vn -0.9198 0.3589 -0.1584
vn -0.3223 0.8889 -0.3255
vn -0.3570 0.9205 -0.1587
vn -0.1571 0.9197 -0.3599
vn -0.3247 0.3253 -0.8881
vn -0.1583 0.3599 -0.9194
vn -0.3598 0.1586 -0.9195
vn 0.8876 -0.3260 -0.3252
vn 0.9194 -0.1588 -0.3599
vn 0.9191 -0.3608 -0.1586
vn 0.3245 -0.8877 -0.3265
vn 0.3602 -0.9192 -0.1592
vn 0.1581 -0.9187 -0.3619
vn 0.3241 -0.3256 -0.8882
vn 0.1581 -0.3605 -0.9193
vn 0.3593 -0.1588 -0.9196
vn 0.8881 0.3248 -0.3251
vn 0.9195 0.3596 -0.1584
vn 0.9195 0.1584 -0.3598
vn 0.3248 0.3245 -0.8884
vn 0.3596 0.1584 -0.9196
vn 0.1584 0.3596 -0.9196
vn 0.3241 0.8883 -0.3253
vn 0.1580 0.9195 -0.3599
vn 0.3587 0.9199 -0.1587
vn -0.3248 -0.3257 0.8879
vn -0.1585 -0.3606 0.9192
vn -0.3599 -0.1588 0.9194
vn -0.8883 -0.3255 0.3239
vn -0.9196 -0.1591 0.3592
vn -0.9674 -0.1794 0.1791
vn -0.9194 -0.3602 0.1580
vn -0.3257 -0.8877 0.3253
vn -0.3616 -0.9187 0.1586
vn -0.1588 -0.9188 0.3614
vn -0.3247 0.3253 0.8881
vn -0.3598 0.1586 0.9195
vn -0.1583 0.3599 0.9194
vn -0.3223 0.8889 0.3255
vn -0.1571 0.9197 0.3599
vn -0.3570 0.9205 0.1587
vn -0.8884 0.3243 0.3250
vn -0.9198 0.3589 0.1584
vn -0.9674 0.1788 0.1793
vn -0.9195 0.1583 0.3598
vn 0.3241 -0.3256 0.8882
vn 0.3593 -0.1588 0.9196
vn 0.1581 -0.3605 0.9192
vn 0.3245 -0.8877 0.3265
vn 0.1581 -0.9187 0.3619
vn 0.3602 -0.9192 0.1592
vn 0.8876 -0.3260 0.3253
vn 0.9191 -0.3608 0.1586
vn 0.9194 -0.1588 0.3599
vn 0.3248 0.3245 0.8884
vn 0.1584 0.3596 0.9196
vn 0.3596 0.1584 0.9196
vn 0.8881 0.3248 0.3251
vn 0.9195 0.1584 0.3598
vn 0.9195 0.3596 0.1584
vn 0.3241 0.8883 0.3254
vn 0.3587 0.9199 0.1587
vn 0.1580 0.9195 0.3599
vn 0.5073 0.8618 -0.0000
vn 0.6484 0.7613 -0.0000
vn 0.6094 0.7613 -0.2217
vn 0.4768 0.8618 -0.1734
vn 0.1156 0.9933 -0.0000
vn 0.1079 0.9934 -0.0391
vn 0.8713 0.3744 0.3171
vn 0.9397 0.0001 0.3420
vn 1.0000 0.0001 -0.0000
vn 0.9273 0.3744 -0.0000
vn 0.7170 -0.6464 0.2610
vn 0.5772 -0.7891 0.2101
vn 0.6142 -0.7891 -0.0000
vn 0.7630 -0.6464 -0.0000
vn 0.7661 0.0001 0.6428
vn 0.7215 -0.3359 0.6055
vn 0.8851 -0.3360 0.3222
vn 0.6094 0.7613 0.2217
vn 0.4967 0.7613 0.4168
vn 0.5900 0.6379 0.4950
vn 0.7237 0.6379 0.2634
vn -0.5899 0.6379 0.4950
vn -0.7236 0.6380 0.2634
vn -0.8714 0.3742 0.3172
vn -0.7104 0.3742 0.5961
vn 0.4637 0.3744 0.8030
vn 0.5000 0.0001 0.8660
vn 0.7103 0.3744 0.5960
vn 0.0868 0.9936 0.0728
vn 0.1079 0.9934 0.0391
vn 0.3886 0.8618 0.3261
vn 0.4767 0.8618 0.1734
vn -0.9397 -0.0001 0.3420
vn -0.7660 0.0000 0.6428
vn 0.5846 -0.6463 0.4905
vn 0.4706 -0.7891 0.3949
vn 0.2536 0.8617 0.4396
vn 0.3242 0.7613 0.5616
vn -0.4966 0.7613 0.4168
vn -0.6093 0.7613 0.2217
vn 0.3850 0.6380 0.6669
vn 0.1337 0.6380 0.7584
vn 0.1610 0.3743 0.9132
vn 0.3815 -0.6463 0.6609
vn 0.3072 -0.7890 0.5321
vn 0.1737 0.0001 0.9848
vn 0.1636 -0.3360 0.9276
vn 0.4710 -0.3359 0.8157
vn 0.1126 0.7613 0.6385
vn 0.0562 0.9936 0.0976
vn 0.0881 0.8614 0.5003
vn -0.1636 -0.3359 0.9276
vn -0.1325 -0.6463 0.7515
vn 0.1325 -0.6463 0.7515
vn -0.1337 0.6379 0.7584
vn -0.1610 0.3743 0.9132
vn 0.1067 -0.7890 0.6051
vn -0.1736 0.0000 0.9848
vn 0.0197 0.9936 0.1109
vn -0.0884 0.8609 0.5011
vn -0.1126 0.7613 0.6386
vn -0.3241 0.7613 0.5615
vn -0.3850 0.6379 0.6669
vn -0.4636 0.3743 0.8031
vn -0.1067 -0.7890 0.6051
vn -0.5000 0.0001 0.8660
vn -0.4710 -0.3359 0.8157
vn -0.0194 0.9936 0.1109
vn -0.2544 0.8608 0.4408
vn -0.3815 -0.6463 0.6608
vn -0.3072 -0.7890 0.5321
vn -0.7215 -0.3358 0.6055
vn -0.0568 0.9936 0.0980
vn -0.3895 0.8611 0.3269
vn 0.7103 0.3744 -0.5960
vn 0.8713 0.3744 -0.3171
vn 0.9397 0.0001 -0.3420
vn 0.7661 0.0001 -0.6428
vn 0.8851 -0.3360 -0.3222
vn 0.7215 -0.3359 -0.6055
vn -0.5846 -0.6462 0.4905
vn -0.4707 -0.7890 0.3949
vn -0.8851 -0.3358 0.3222
vn -0.0874 0.9935 0.0733
vn -0.4783 0.8608 0.1740
vn 0.7237 0.6379 -0.2634
vn 0.5900 0.6379 -0.4950
vn 0.4967 0.7613 -0.4168
vn -0.6484 0.7613 -0.0000
vn -0.7701 0.6380 -0.0000
vn -0.9274 0.3742 -0.0000
vn -0.7171 -0.6462 0.2610
vn -0.5774 -0.7890 0.2101
vn -1.0000 -0.0001 -0.0000
vn -0.9419 -0.3359 -0.0000
vn -0.1057 0.9936 0.0387
vn -0.7236 0.6379 -0.2634
vn -0.8714 0.3742 -0.3172
vn -0.7631 -0.6463 -0.0000
vn -0.6144 -0.7890 -0.0000
vn -0.9397 -0.0001 -0.3420
vn -0.8851 -0.3358 -0.3222
vn -0.6093 0.7613 -0.2217
vn -0.5094 0.8605 -0.0000
vn -0.1112 0.9938 -0.0000
vn -0.4783 0.8608 -0.1740
vn -0.4966 0.7613 -0.4168
vn -0.5899 0.6379 -0.4950
vn -0.7104 0.3742 -0.5961
vn -0.7171 -0.6462 -0.2610
vn -0.5774 -0.7890 -0.2101
vn -0.7660 0.0000 -0.6428
vn -0.7215 -0.3358 -0.6055
vn -0.1057 0.9936 -0.0387
vn -0.3895 0.8611 -0.3269
vn -0.3241 0.7613 -0.5615
vn -0.3850 0.6379 -0.6669
vn -0.4636 0.3743 -0.8031
vn -0.5846 -0.6462 -0.4905
vn -0.4707 -0.7890 -0.3949
vn -0.5000 0.0000 -0.8660
vn -0.4710 -0.3359 -0.8157
vn -0.0874 0.9935 -0.0733
vn -0.2544 0.8608 -0.4408
vn -0.1126 0.7613 -0.6386
vn -0.1337 0.6379 -0.7584
vn -0.1610 0.3743 -0.9132
vn -0.3815 -0.6463 -0.6608
vn -0.3072 -0.7890 -0.5321
vn -0.1736 0.0000 -0.9848
vn -0.1636 -0.3359 -0.9276
vn -0.0568 0.9936 -0.0981
vn -0.0194 0.9936 -0.1109
vn 0.1126 0.7613 -0.6385
vn 0.1337 0.6380 -0.7584
vn 0.1610 0.3743 -0.9132
vn -0.1325 -0.6463 -0.7515
vn -0.1067 -0.7890 -0.6051
vn 0.1737 0.0001 -0.9848
vn 0.1636 -0.3360 -0.9276
vn -0.0884 0.8609 -0.5011
vn 0.0881 0.8614 -0.5003
vn 0.3242 0.7613 -0.5616
vn 0.3850 0.6380 -0.6669
vn 0.4637 0.3744 -0.8030
vn 0.1325 -0.6463 -0.7515
vn 0.1067 -0.7890 -0.6051
vn 0.5000 0.0001 -0.8660
vn 0.4710 -0.3359 -0.8157
vn 0.0197 0.9936 -0.1109
vn 0.2536 0.8617 -0.4396
vn 0.3815 -0.6463 -0.6609
vn 0.3072 -0.7890 -0.5321
vn 0.0562 0.9936 -0.0977
vn 0.3886 0.8618 -0.3261
vn 0.5846 -0.6463 -0.4905
vn 0.4706 -0.7891 -0.3949
vn 0.0868 0.9936 -0.0728
vn 0.7701 0.6379 -0.0000
vn 0.7170 -0.6464 -0.2610
vn 0.5772 -0.7891 -0.2101
vn 0.9419 -0.3360 -0.0000
vn 0.3023 0.9469 0.1098
vn 0.3222 0.9467 -0.0000
vn 0.0557 0.9471 0.3159
vn 0.1599 0.9474 0.2773
vn -0.3028 0.9467 0.1103
vn -0.2473 0.9465 0.2074
vn -0.1614 0.9465 -0.2794
vn -0.2473 0.9465 -0.2075
vn 0.2456 0.9472 -0.2060
vn 0.1600 0.9474 -0.2774
vn 0.3023 0.9469 -0.1098
vn -0.3028 0.9467 -0.1103
vn 0.0557 0.9471 -0.3160
vn 0.2456 0.9473 0.2060
vn -0.1614 0.9465 0.2794
vn -0.3217 0.9468 -0.0000
vn -0.0559 0.9468 -0.3171
vn -0.0559 0.9468 0.3171
vn 0.0881 0.8614 0.5002
vn -0.2543 0.8608 0.4408
vn -0.5000 0.0001 -0.8660
vn 0.1610 0.3744 -0.9132
vn -0.3027 0.9467 0.1103
vn 0.2456 0.9472 0.2060
vn -0.1614 0.9465 0.2793
vn -0.0559 0.9467 -0.3171
vn -0.7236 0.6379 0.2634
vn 0.4967 0.7612 -0.4168
vn -0.1284 -0.0227 -0.9915
vn -0.1502 0.1050 -0.9831
vn 0.1051 0.1501 -0.9831
vn 0.1284 0.0227 -0.9915
vn 0.9763 0.1725 -0.1306
vn 0.9455 0.2986 -0.1297
vn 0.9455 0.2986 0.1297
vn 0.9763 0.1725 0.1306
vn -0.9763 -0.1725 0.1305
vn -0.9906 -0.0435 0.1297
vn -0.9906 -0.0435 -0.1297
vn -0.9763 -0.1725 -0.1305
vn 0.3058 0.8405 -0.4472
vn -0.0302 0.8703 -0.4916
vn -0.0432 0.9906 -0.1297
vn 0.3341 0.9347 -0.1216
vn 0.6844 0.5756 -0.4475
vn 0.7636 0.6341 -0.1216
vn 0.8280 0.2697 -0.4916
vn 0.3630 0.5184 -0.7743
vn 0.5661 0.5115 -0.6464
vn 0.6732 0.2301 -0.7028
vn 0.4629 0.2052 -0.8623
vn 0.0342 0.5053 -0.8623
vn 0.3631 0.5184 0.7743
vn 0.0342 0.5053 0.8623
vn 0.1051 0.1501 0.9831
vn 0.4630 0.2052 0.8623
vn 0.6845 0.5756 0.4474
vn 0.5662 0.5115 0.6464
vn 0.6732 0.2301 0.7028
vn 0.8280 0.2697 0.4916
vn 0.7636 0.6342 0.1216
vn 0.3059 0.8405 0.4472
vn 0.3341 0.9347 0.1216
vn -0.0432 0.9906 0.1297
vn -0.0301 0.8703 0.4916
vn -0.8406 0.3057 -0.4471
vn -0.8703 -0.0304 -0.4916
vn -0.9347 0.3341 -0.1216
vn -0.5751 0.6849 -0.4474
vn -0.6339 0.7638 -0.1215
vn -0.2986 0.9456 -0.1296
vn -0.2696 0.8280 -0.4916
vn -0.5180 0.3625 -0.7748
vn -0.2052 0.4629 -0.8623
vn -0.5052 0.0341 -0.8623
vn -0.7069 0.2867 -0.6466
vn -0.7112 -0.0144 -0.7029
vn -0.5752 0.6849 0.4473
vn -0.2697 0.8280 0.4916
vn -0.2986 0.9456 0.1296
vn -0.6339 0.7638 0.1215
vn -0.8406 0.3057 0.4472
vn -0.9347 0.3341 0.1216
vn -0.8703 -0.0304 0.4916
vn -0.5181 0.3625 0.7747
vn -0.7069 0.2867 0.6466
vn -0.7112 -0.0144 0.7029
vn -0.5052 0.0341 0.8623
vn -0.1502 0.1050 0.9831
vn -0.2053 0.4629 0.8623
vn 0.9512 0.1681 0.2589
vn 0.6965 0.1231 0.7069
vn 0.1284 0.0227 0.9915
vn 0.2546 0.0450 0.9660
vn 0.9512 0.1681 -0.2589
vn 0.6965 0.1231 -0.7069
vn 0.2546 0.0450 -0.9660
vn -0.9512 -0.1681 -0.2587
vn -0.6964 -0.1230 -0.7071
vn -0.6963 -0.1230 -0.7071
vn -0.2547 -0.0450 -0.9660
vn -0.9512 -0.1681 0.2587
vn -0.6964 -0.1230 0.7071
vn -0.6963 -0.1230 0.7071
vn -0.1284 -0.0227 0.9915
vn -0.2547 -0.0450 0.9660
vn -0.6962 -0.1230 0.7072
vn -0.6962 -0.1230 -0.7072
vn 0.9858 0.0710 -0.1521
vn 0.9835 0.0574 -0.1715
vn 0.9773 0.0925 -0.1906
vn 0.9803 0.1022 -0.1690
vn -0.1918 -0.0339 -0.9808
vn -0.1965 -0.0347 -0.9799
vn -0.1633 -0.2230 -0.9611
vn -0.1585 -0.2223 -0.9620
vn -0.9773 -0.0925 -0.1907
vn -0.9706 -0.1306 -0.2024
vn -0.9625 -0.2058 0.1769
vn -0.9566 -0.2391 0.1665
vn -0.9835 -0.0574 -0.1716
vn -0.9512 -0.2697 0.1497
vn -0.9889 -0.0266 -0.1459
vn -0.9464 -0.2967 0.1274
vn -0.9934 -0.0013 -0.1147
vn -0.9425 -0.3188 0.1002
vn -0.9967 0.0176 -0.0790
vn -0.9396 -0.3353 0.0691
vn -0.9988 0.0292 -0.0403
vn -0.9378 -0.3455 0.0352
vn -0.9995 0.0330 -0.0000
vn -0.9372 -0.3489 -0.0000
vn -0.9988 0.0292 0.0403
vn -0.9378 -0.3454 -0.0352
vn -0.9967 0.0176 0.0790
vn -0.9396 -0.3352 -0.0690
vn -0.9934 -0.0013 0.1147
vn -0.9425 -0.3188 -0.1002
vn -0.9889 -0.0266 0.1459
vn -0.9464 -0.2967 -0.1274
vn -0.9835 -0.0574 0.1716
vn -0.9512 -0.2697 -0.1498
vn -0.9773 -0.0925 0.1907
vn -0.9566 -0.2391 -0.1665
vn -0.9706 -0.1306 0.2024
vn -0.9625 -0.2058 -0.1769
vn -0.9635 -0.1703 0.2064
vn -0.9686 -0.1712 -0.1803
vn -0.9565 -0.2099 0.2025
vn -0.9747 -0.1365 -0.1767
vn -0.9498 -0.2480 0.1907
vn -0.9806 -0.1032 -0.1665
vn -0.9436 -0.2831 0.1715
vn -0.9860 -0.0725 -0.1500
vn -0.9382 -0.3138 0.1458
vn -0.9908 -0.0456 -0.1275
vn -0.9338 -0.3391 0.1145
vn -0.9947 -0.0236 -0.1001
vn -0.9304 -0.3579 0.0789
vn -0.9976 -0.0071 -0.0690
vn -0.9283 -0.3696 0.0403
vn -0.9994 0.0029 -0.0352
vn -0.9276 -0.3736 -0.0000
vn -1.0000 0.0063 -0.0000
vn -0.9283 -0.3696 -0.0403
vn -0.9994 0.0029 0.0352
vn -0.9304 -0.3578 -0.0789
vn -0.9976 -0.0072 0.0690
vn -0.9338 -0.3390 -0.1145
vn -0.9947 -0.0236 0.1001
vn -0.9382 -0.3138 -0.1458
vn -0.9908 -0.0456 0.1275
vn -0.9436 -0.2831 -0.1715
vn -0.9860 -0.0725 0.1500
vn -0.9498 -0.2480 -0.1907
vn -0.9806 -0.1032 0.1666
vn -0.9635 -0.1703 -0.2064
vn -0.9686 -0.1712 0.1803
vn -0.9565 -0.2099 -0.2025
vn -0.9747 -0.1365 0.1768
vn 0.9559 0.2400 -0.1690
vn 0.9498 0.2480 -0.1907
vn 0.9436 0.2831 -0.1716
vn 0.9505 0.2711 -0.1521
vn 0.9381 0.3140 -0.1460
vn 0.9457 0.2984 -0.1293
vn 0.9337 0.3392 -0.1147
vn 0.9417 0.3207 -0.1016
vn 0.9304 0.3579 -0.0789
vn 0.9387 0.3375 -0.0700
vn 0.9284 0.3695 -0.0402
vn 0.9368 0.3479 -0.0357
vn 0.9277 0.3734 -0.0000
vn 0.9362 0.3515 -0.0000
vn 0.9284 0.3695 0.0402
vn 0.9368 0.3479 0.0357
vn 0.9304 0.3579 0.0790
vn 0.9387 0.3375 0.0700
vn 0.9337 0.3392 0.1147
vn 0.9417 0.3208 0.1016
vn 0.9381 0.3140 0.1460
vn 0.9456 0.2984 0.1293
vn 0.9436 0.2831 0.1716
vn 0.9505 0.2711 0.1520
vn 0.9498 0.2480 0.1907
vn 0.9560 0.2400 0.1690
vn 0.9565 0.2099 0.2024
vn 0.9619 0.2062 0.1795
vn 0.9636 0.1703 0.2063
vn 0.9681 0.1711 0.1829
vn 0.9706 0.1306 0.2024
vn 0.9743 0.1359 0.1794
vn 0.9773 0.0925 0.1906
vn 0.9803 0.1022 0.1690
vn 0.9835 0.0574 0.1716
vn 0.9858 0.0710 0.1521
vn 0.9889 0.0266 0.1459
vn 0.9906 0.0437 0.1294
vn 0.9934 0.0014 0.1145
vn 0.9946 0.0213 0.1016
vn 0.9967 -0.0175 0.0789
vn 0.9975 0.0047 0.0700
vn 0.9988 -0.0291 0.0403
vn 0.9993 -0.0056 0.0357
vn 0.9995 -0.0330 -0.0000
vn 1.0000 -0.0091 -0.0000
vn 0.9988 -0.0291 -0.0403
vn 0.9993 -0.0056 -0.0357
vn 0.9967 -0.0175 -0.0789
vn 0.9975 0.0047 -0.0700
vn 0.9934 0.0014 -0.1145
vn 0.9946 0.0213 -0.1016
vn 0.9889 0.0266 -0.1459
vn 0.9906 0.0437 -0.1294
vn 0.9619 0.2062 -0.1794
vn 0.9565 0.2099 -0.2024
vn -0.1265 -0.4035 -0.9062
vn -0.1312 -0.4040 -0.9053
vn -0.1018 -0.5708 -0.8148
vn -0.0968 -0.5705 -0.8156
vn 0.9706 0.1306 -0.2024
vn 0.9743 0.1359 -0.1794
vn -0.0666 0.3769 -0.9239
vn -0.0006 0.3877 -0.9218
vn 0.0312 0.2032 -0.9786
vn -0.0339 0.1921 -0.9808
vn 0.1230 -0.6963 -0.7071
vn 0.1902 -0.6828 -0.7054
vn 0.2124 -0.8048 -0.5542
vn 0.1447 -0.8188 -0.5556
vn -0.9847 -0.1740 -0.0000
vn -0.9845 -0.1753 0.0067
vn -0.9847 -0.1740 0.0069
vn -0.0967 0.5471 -0.8315
vn -0.0298 0.5577 -0.8295
vn -0.1608 0.9098 0.3827
vn -0.0920 0.9197 0.3817
vn -0.1018 0.9755 0.1952
vn -0.1707 0.9658 0.1951
vn -0.9852 -0.1714 -0.0063
vn -0.9850 -0.1727 -0.0067
vn 0.1608 -0.9098 -0.3826
vn 0.2288 -0.8955 -0.3817
vn 0.2384 -0.9513 -0.1952
vn 0.1707 -0.9658 -0.1951
vn 0.0906 0.5701 0.8166
vn 0.0970 0.5705 0.8155
vn 0.0710 0.7169 0.6936
vn 0.0647 0.7167 0.6944
vn -0.0666 0.3768 0.9239
vn -0.0006 0.3877 0.9218
vn -0.0298 0.5577 0.8295
vn -0.0967 0.5471 0.8315
vn -0.9857 -0.1684 0.0038
vn -0.9858 -0.1678 0.0026
vn 0.1740 -0.9847 -0.0000
vn 0.2410 -0.9705 -0.0000
vn 0.2383 -0.9514 0.1952
vn 0.1707 -0.9658 0.1951
vn -0.1447 0.8188 0.5556
vn -0.0765 0.8288 0.5542
vn 0.0647 0.0115 -0.9978
vn -0.1230 0.6963 0.7071
vn -0.0554 0.7066 0.7054
vn 0.2288 -0.8955 0.3817
vn 0.1608 -0.9098 0.3826
vn -0.1059 0.9944 -0.0000
vn -0.1740 0.9847 -0.0000
vn -0.9836 -0.1803 0.0026
vn -0.9837 -0.1796 0.0038
vn 0.2123 -0.8049 0.5542
vn 0.1447 -0.8188 0.5556
vn -0.1024 0.9754 -0.1952
vn -0.1707 0.9658 -0.1951
vn 0.1902 -0.6828 0.7054
vn 0.1230 -0.6963 0.7071
vn -0.0920 0.9197 -0.3817
vn -0.1607 0.9098 -0.3827
vn -0.9854 -0.1702 -0.0057
vn 0.1631 -0.5341 0.8295
vn 0.0967 -0.5471 0.8315
vn -0.0764 0.8288 -0.5542
vn -0.1446 0.8188 -0.5556
vn 0.0339 -0.1921 0.9808
vn 0.0990 -0.1802 0.9786
vn 0.0647 0.0115 0.9978
vn -0.0554 0.7066 -0.7054
vn -0.1230 0.6963 -0.7071
vn -0.9839 -0.1788 -0.0049
vn -0.9837 -0.1796 -0.0038
vn 0.1324 -0.3644 0.9218
vn 0.0666 -0.3768 0.9239
vn 0.1856 0.0328 -0.9821
vn 0.1918 0.0339 -0.9808
vn 0.2252 -0.1546 -0.9620
vn 0.2190 -0.1559 -0.9632
vn 0.2248 0.7136 0.6635
vn 0.2486 0.5736 0.7805
vn -0.9845 -0.1753 -0.0067
vn -0.9843 -0.1766 -0.0063
vn -0.0339 0.1921 0.9808
vn 0.0312 0.2032 0.9786
vn 0.0666 -0.3768 -0.9239
vn 0.1324 -0.3644 -0.9218
vn 0.1631 -0.5341 -0.8295
vn 0.0967 -0.5471 -0.8315
vn -0.2251 0.1545 -0.9620
vn -0.2297 0.1535 -0.9611
vn 0.9636 0.1703 -0.2063
vn 0.9681 0.1711 -0.1829
vn 0.9637 0.2285 -0.1383
vn 0.9591 0.2540 -0.1246
vn -0.0709 -0.7169 -0.6936
vn -0.0759 -0.7171 -0.6929
vn -0.0546 -0.8371 -0.5444
vn -0.0496 -0.8370 -0.5449
vn -0.0389 -0.9262 -0.3750
vn -0.0338 -0.9263 -0.3753
vn -0.0291 -0.9811 -0.1912
vn -0.0243 -0.9812 -0.1914
vn -0.0257 -0.9997 -0.0000
vn -0.0212 -0.9998 -0.0000
vn -0.0291 -0.9811 0.1912
vn -0.0244 -0.9812 0.1914
vn -0.0390 -0.9262 0.3750
vn -0.0341 -0.9263 0.3753
vn -0.0549 -0.8370 0.5444
vn -0.0498 -0.8370 0.5449
vn -0.0761 -0.7171 0.6929
vn -0.0709 -0.7169 0.6936
vn -0.1018 -0.5708 0.8148
vn -0.0968 -0.5705 0.8156
vn -0.1312 -0.4040 0.9053
vn -0.1265 -0.4035 0.9062
vn -0.1633 -0.2230 0.9611
vn -0.1585 -0.2223 0.9620
vn -0.1965 -0.0347 0.9799
vn -0.1918 -0.0339 0.9808
vn -0.2298 0.1535 0.9611
vn -0.2251 0.1545 0.9620
vn -0.2617 0.3346 0.9053
vn -0.2570 0.3358 0.9062
vn -0.2911 0.5014 0.8148
vn -0.2864 0.5028 0.8156
vn -0.3170 0.6476 0.6929
vn -0.3121 0.6492 0.6937
vn -0.3382 0.7676 0.5444
vn -0.3334 0.7693 0.5450
vn -0.3540 0.8568 0.3750
vn -0.3497 0.8584 0.3754
vn -0.3639 0.9116 0.1912
vn -0.3593 0.9134 0.1913
vn -0.3673 0.9301 -0.0000
vn -0.3622 0.9321 -0.0000
vn -0.3639 0.9116 -0.1912
vn -0.3593 0.9134 -0.1913
vn -0.3540 0.8568 -0.3750
vn -0.3495 0.8584 -0.3754
vn -0.3383 0.7676 -0.5444
vn -0.3333 0.7693 -0.5450
vn -0.3171 0.6476 -0.6929
vn -0.3121 0.6492 -0.6937
vn -0.2911 0.5014 -0.8148
vn -0.2864 0.5028 -0.8156
vn -0.2617 0.3346 -0.9053
vn -0.2570 0.3358 -0.9062
vn -0.9743 -0.1359 -0.1793
vn -0.9705 -0.1306 -0.2025
vn -0.9635 -0.1703 -0.2065
vn -0.9681 -0.1711 -0.1829
vn -0.9619 -0.2062 -0.1795
vn -0.9498 -0.2481 -0.1908
vn -0.9560 -0.2400 -0.1690
vn -0.2571 0.3357 -0.9062
vn 0.1266 0.4035 -0.9062
vn 0.1585 0.2223 -0.9620
vn -0.9858 -0.0710 -0.1521
vn -0.9803 -0.1021 -0.1690
vn -0.9906 -0.0436 -0.1293
vn -0.9946 -0.0213 -0.1016
vn -0.9975 -0.0046 -0.0700
vn -0.9967 0.0175 -0.0790
vn -0.9993 0.0056 -0.0357
vn -0.9988 0.0289 -0.0403
vn -1.0000 0.0090 -0.0000
vn -0.9995 0.0328 -0.0000
vn -0.9993 0.0056 0.0357
vn -0.9988 0.0289 0.0402
vn -0.9975 -0.0046 0.0700
vn -0.9967 0.0175 0.0790
vn -0.9946 -0.0213 0.1016
vn -0.9906 -0.0436 0.1293
vn -0.9858 -0.0710 0.1521
vn -0.9803 -0.1021 0.1690
vn -0.9743 -0.1359 0.1794
vn -0.9705 -0.1306 0.2025
vn 0.1631 0.2230 0.9611
vn 0.1964 0.0347 0.9799
vn -0.1964 -0.0347 0.9799
vn -0.2297 0.1536 0.9611
vn -0.9619 -0.2062 0.1795
vn -0.9635 -0.1703 0.2065
vn -0.9681 -0.1711 0.1829
vn 0.2297 -0.1535 0.9611
vn 0.2617 -0.3346 0.9053
vn -0.1313 -0.4040 0.9053
vn -0.1632 -0.2230 0.9611
vn -0.9505 -0.2711 0.1521
vn -0.9436 -0.2831 0.1716
vn -0.9498 -0.2480 0.1908
vn -0.9560 -0.2400 0.1690
vn -0.9456 -0.2984 0.1294
vn -0.9381 -0.3140 0.1459
vn -0.9417 -0.3208 0.1016
vn -0.9336 -0.3395 0.1148
vn -0.9387 -0.3375 0.0700
vn -0.9303 -0.3582 0.0790
vn -0.9369 -0.3479 0.0357
vn -0.9362 -0.3514 -0.0000
vn -0.9277 -0.3734 -0.0000
vn -0.9369 -0.3479 -0.0357
vn -0.9284 -0.3695 -0.0403
vn -0.9387 -0.3375 -0.0700
vn -0.9303 -0.3581 -0.0790
vn -0.9417 -0.3208 -0.1016
vn -0.9336 -0.3395 -0.1148
vn -0.9456 -0.2984 -0.1293
vn -0.9381 -0.3140 -0.1459
vn -0.9505 -0.2711 -0.1520
vn -0.9436 -0.2831 -0.1716
vn 0.9736 0.1720 -0.1498
vn 0.9566 0.2099 -0.2023
vn 0.9686 0.2008 -0.1469
vn 0.9686 0.2008 0.1469
vn 0.9566 0.2099 0.2023
vn 0.9736 0.1720 0.1498
vn -0.0245 -0.9812 0.1913
vn 0.3593 -0.9134 0.1914
vn 0.3494 -0.8585 0.3754
vn -0.0343 -0.9263 0.3753
vn 0.1631 0.2230 -0.9611
vn 0.1312 0.4040 -0.9053
vn -0.2617 0.3345 -0.9053
vn -0.2297 0.1536 -0.9611
vn -0.3494 0.8585 -0.3754
vn 0.0342 0.9263 -0.3754
vn 0.0501 0.8370 -0.5449
vn -0.3337 0.7692 -0.5450
vn -0.9852 -0.1714 0.0063
vn -0.9854 -0.1702 0.0057
vn 0.9953 0.0494 0.0832
vn 0.9934 0.0013 0.1146
vn 0.9977 0.0358 0.0573
vn 0.9552 0.2764 -0.1060
vn 0.9382 0.3139 -0.1459
vn 0.9337 0.3391 -0.1146
vn 0.9519 0.2948 -0.0833
vn 0.1311 0.4040 0.9053
vn -0.2617 0.3345 0.9053
vn -0.0213 -0.9998 -0.0000
vn 0.3627 -0.9319 -0.0000
vn 0.2297 -0.1535 -0.9611
vn 0.1964 0.0347 -0.9799
vn -0.1964 -0.0347 -0.9799
vn -0.1632 -0.2230 -0.9611
vn -0.3590 0.9135 -0.1914
vn 0.0247 0.9812 -0.1913
vn 0.9988 -0.0290 0.0402
vn 0.9992 0.0274 0.0292
vn 0.9495 0.3084 -0.0573
vn 0.1017 0.5708 0.8148
vn -0.2912 0.5013 0.8148
vn -0.0245 -0.9812 -0.1913
vn 0.3593 -0.9134 -0.1914
vn 0.2617 -0.3346 -0.9053
vn -0.1313 -0.4040 -0.9053
vn 0.0215 0.9998 -0.0000
vn 0.9995 -0.0329 -0.0000
vn 0.9997 0.0245 -0.0000
vn 0.9283 0.3696 -0.0402
vn 0.9480 0.3168 -0.0292
vn 0.0758 0.7170 0.6929
vn -0.3171 0.6476 0.6929
vn -0.0343 -0.9263 -0.3753
vn 0.3493 -0.8585 -0.3754
vn 0.2912 -0.5014 -0.8147
vn -0.1019 -0.5708 -0.8147
vn -0.3590 0.9135 0.1913
vn 0.0245 0.9812 0.1913
vn 0.9988 -0.0290 -0.0402
vn 0.9992 0.0274 -0.0292
vn 0.9276 0.3736 -0.0000
vn 0.9475 0.3197 -0.0000
vn 0.0545 0.8370 0.5444
vn -0.3383 0.7676 0.5444
vn -0.0501 -0.8370 -0.5449
vn 0.3338 -0.7692 -0.5449
vn 0.3171 -0.6476 -0.6929
vn -0.0760 -0.7171 -0.6928
vn -0.3495 0.8585 0.3754
vn 0.0341 0.9263 0.3753
vn -0.9835 -0.1807 -0.0013
vn -0.9835 -0.1808 -0.0000
vn 0.9967 -0.0175 -0.0790
vn 0.9977 0.0358 -0.0573
vn 0.9283 0.3696 0.0403
vn 0.9480 0.3168 0.0292
vn 0.0389 0.9262 0.3750
vn -0.3543 0.8567 0.3750
vn -0.0711 -0.7169 -0.6936
vn 0.3128 -0.6490 -0.6935
vn 0.3383 -0.7676 -0.5444
vn -0.0548 -0.8371 -0.5444
vn -0.3337 0.7692 0.5450
vn 0.0501 0.8370 0.5449
vn -0.9858 -0.1677 -0.0026
vn -0.9857 -0.1684 -0.0038
vn 0.9934 0.0013 -0.1146
vn 0.9953 0.0494 -0.0832
vn 0.9304 0.3579 0.0789
vn 0.9496 0.3083 0.0573
vn 0.0291 0.9811 0.1912
vn -0.3639 0.9116 0.1911
vn -0.0969 -0.5706 -0.8155
vn 0.2869 -0.5027 -0.8155
vn 0.3539 -0.8568 -0.3750
vn -0.0391 -0.9262 -0.3750
vn -0.3127 0.6491 0.6935
vn 0.0714 0.7169 0.6935
vn 0.9889 0.0266 -0.1460
vn 0.9921 0.0677 -0.1060
vn 0.9337 0.3391 0.1146
vn 0.9520 0.2946 0.0832
vn 0.0258 0.9997 -0.0000
vn -0.3670 0.9302 -0.0000
vn -0.1266 -0.4036 -0.9062
vn 0.2572 -0.3357 -0.9062
vn 0.3635 -0.9118 -0.1912
vn -0.0292 -0.9811 -0.1911
vn -0.9835 -0.0573 0.1717
vn -0.9906 -0.0437 0.1294
vn 0.9835 0.0573 -0.1717
vn 0.9881 0.0901 -0.1246
vn 0.9382 0.3139 0.1459
vn 0.9552 0.2763 0.1060
vn -0.9681 -0.1711 -0.1831
vn -0.9565 -0.2099 -0.2024
vn -0.9619 -0.2062 -0.1794
vn 0.9836 0.1156 -0.1384
vn 0.9773 0.0925 -0.1907
vn 0.9787 0.1433 -0.1470
vn -0.9559 -0.2400 -0.1690
vn -0.9498 -0.2480 -0.1906
vn -0.9504 -0.2712 -0.1522
vn -0.9456 -0.2984 -0.1294
vn -0.9417 -0.3207 -0.1016
vn -0.9303 -0.3582 -0.0791
vn -0.9369 -0.3478 -0.0357
vn -0.9276 -0.3735 -0.0000
vn -0.9363 -0.3513 -0.0000
vn -0.9369 -0.3478 0.0357
vn -0.9303 -0.3582 0.0791
vn 0.9921 0.0677 0.1059
vn 0.9889 0.0266 0.1460
vn -0.9456 -0.2985 0.1295
vn -0.9504 -0.2712 0.1523
vn 0.9836 0.1156 0.1384
vn 0.9773 0.0925 0.1907
vn 0.9835 0.0573 0.1717
vn 0.9881 0.0901 0.1246
vn -0.9559 -0.2401 0.1690
vn -0.9498 -0.2480 0.1906
vn -0.9565 -0.2099 0.2024
vn 0.9787 0.1433 0.1470
vn -0.9681 -0.1711 0.1831
vn -0.9743 -0.1359 0.1796
vn 0.9637 0.2285 0.1384
vn -0.9803 -0.1021 0.1691
vn -0.9773 -0.0924 0.1908
vn 0.9591 0.2540 0.1246
vn -0.9934 -0.0013 0.1146
vn -0.9946 -0.0213 0.1017
vn -0.9988 0.0290 0.0403
vn -0.9993 0.0058 0.0357
vn -0.9995 0.0329 -0.0000
vn -1.0000 0.0094 -0.0000
vn -0.9988 0.0290 -0.0403
vn -0.9993 0.0058 -0.0357
vn -0.9934 -0.0013 -0.1146
vn -0.9906 -0.0437 -0.1293
vn -0.2572 0.3357 -0.9062
vn 0.1264 0.4035 -0.9062
vn -0.2252 0.1545 -0.9620
vn -0.3122 0.6492 -0.6936
vn 0.0710 0.7168 -0.6936
vn 0.0971 0.5705 -0.8155
vn 0.1918 0.0339 -0.9809
vn -0.3497 0.8584 -0.3753
vn 0.0339 0.9263 -0.3754
vn 0.0496 0.8370 -0.5450
vn -0.3337 0.7692 -0.5449
vn -0.3594 0.9134 -0.1913
vn 0.0245 0.9812 -0.1914
vn -0.3625 0.9320 -0.0000
vn 0.0214 0.9998 -0.0000
vn -0.3594 0.9134 0.1913
vn 0.0245 0.9812 0.1914
vn -0.3497 0.8584 0.3753
vn 0.0340 0.9263 0.3754
vn -0.3337 0.7692 0.5449
vn 0.0496 0.8370 0.5450
vn -0.3122 0.6492 0.6936
vn 0.0710 0.7168 0.6936
vn 0.0971 0.5705 0.8155
vn -0.2571 0.3358 0.9062
vn 0.1265 0.4035 0.9062
vn 0.1585 0.2223 0.9620
vn 0.1918 0.0339 0.9809
vn 0.2251 -0.1545 0.9620
vn 0.2572 -0.3357 0.9062
vn -0.0970 -0.5705 0.8155
vn 0.2866 -0.5027 0.8156
vn -0.0713 -0.7169 0.6935
vn 0.3122 -0.6492 0.6936
vn -0.0501 -0.8370 0.5449
vn 0.3335 -0.7693 0.5450
vn -0.0342 -0.9263 0.3753
vn 0.3493 -0.8585 0.3753
vn -0.0243 -0.9812 0.1914
vn 0.3588 -0.9136 0.1914
vn -0.0209 -0.9998 -0.0000
vn 0.3621 -0.9322 -0.0000
vn -0.0242 -0.9812 -0.1914
vn 0.3589 -0.9135 -0.1914
vn -0.0342 -0.9263 -0.3753
vn 0.3494 -0.8585 -0.3753
vn 0.3335 -0.7693 -0.5450
vn -0.0713 -0.7169 -0.6935
vn 0.3123 -0.6491 -0.6936
vn -0.0970 -0.5705 -0.8155
vn 0.2867 -0.5027 -0.8155
vn 0.2251 -0.1545 -0.9620
vn -0.3127 0.6491 -0.6935
vn 0.0714 0.7169 -0.6935
vn 0.0970 0.5705 -0.8156
vn -0.2869 0.5027 -0.8155
vn 0.3338 -0.7692 0.5449
vn 0.3128 -0.6490 0.6935
vn -0.0711 -0.7169 0.6936
vn -0.9835 -0.0573 -0.1717
vn -0.9773 -0.0924 -0.1908
vn -0.9803 -0.1021 -0.1691
vn -0.9743 -0.1359 -0.1796
vn -0.0969 -0.5706 0.8155
vn 0.2869 -0.5027 0.8155
vn -0.1266 -0.4036 0.9061
vn 0.2912 -0.5014 0.8147
vn -0.1019 -0.5708 0.8147
vn 0.1018 0.5708 -0.8148
vn -0.2912 0.5013 -0.8148
vn 0.3170 -0.6476 0.6929
vn -0.0760 -0.7171 0.6928
vn -0.1586 -0.2223 0.9620
vn 0.1918 0.0339 0.9808
vn 0.1523 0.2215 0.9632
vn 0.3061 0.2402 0.9212
vn 0.3378 0.0597 0.9393
vn 0.1856 0.0328 0.9821
vn 0.3381 -0.7676 0.5444
vn -0.0548 -0.8371 0.5444
vn 0.0759 0.7170 -0.6929
vn 0.3538 -0.8569 0.3750
vn -0.0391 -0.9262 0.3750
vn 0.0545 0.8370 -0.5444
vn -0.3381 0.7676 -0.5444
vn 0.1264 0.4035 0.9062
vn -0.2572 0.3357 0.9062
vn 0.3635 -0.9118 0.1912
vn -0.0292 -0.9811 0.1911
vn 0.0387 0.9262 -0.3750
vn -0.3542 0.8567 -0.3750
vn 0.3669 -0.9303 -0.0000
vn 0.0292 0.9811 -0.1912
vn -0.3640 0.9116 -0.1911
vn -0.2869 0.5027 0.8155
vn 0.0970 0.5705 0.8156
vn 0.3378 0.0597 -0.9393
vn 0.3061 0.2402 -0.9212
vn 0.1523 0.2215 -0.9632
vn 0.3531 -0.9157 -0.1916
vn 0.5014 -0.8455 -0.1835
vn 0.4916 -0.7934 -0.3590
vn 0.3434 -0.8607 -0.3758
vn 0.2805 -0.5045 -0.8166
vn 0.4304 -0.4535 -0.7804
vn 0.4013 -0.2940 -0.8675
vn 0.2510 -0.3373 -0.9073
vn 0.3700 -0.1207 -0.9212
vn 0.0179 0.9813 0.1916
vn 0.1816 0.9661 0.1835
vn 0.1903 0.9137 0.3589
vn 0.0277 0.9263 0.3758
vn 0.2762 0.4138 0.8675
vn 0.1202 0.4029 0.9073
vn 0.2052 0.8284 0.5211
vn 0.0435 0.8369 0.5456
vn 0.4764 -0.7081 -0.5212
vn 0.3276 -0.7713 -0.5456
vn 0.0147 0.9999 -0.0000
vn 0.1786 0.9839 -0.0000
vn 0.0180 0.9813 -0.1916
vn 0.1814 0.9661 -0.1835
vn 0.0277 0.9263 -0.3758
vn 0.1902 0.9138 -0.3590
vn 0.0435 0.8369 -0.5456
vn 0.2049 0.8285 -0.5212
vn 0.0647 0.7167 -0.6944
vn 0.2247 0.7136 -0.6635
vn 0.0906 0.5701 -0.8166
vn 0.2486 0.5736 -0.7805
vn 0.1202 0.4029 -0.9073
vn 0.2762 0.4138 -0.8675
vn 0.4557 -0.5933 -0.6636
vn 0.3064 -0.6511 -0.6944
vn 0.3564 -0.9343 -0.0000
vn 0.5053 -0.8630 -0.0000
vn 0.3532 -0.9157 0.1916
vn 0.5014 -0.8455 0.1835
vn 0.3434 -0.8607 0.3758
vn 0.4915 -0.7934 0.3590
vn 0.3277 -0.7713 0.5456
vn 0.4763 -0.7081 0.5212
vn 0.3064 -0.6511 0.6944
vn 0.4557 -0.5933 0.6635
vn 0.2805 -0.5045 0.8166
vn 0.4304 -0.4535 0.7804
vn 0.2510 -0.3373 0.9073
vn 0.4013 -0.2940 0.8675
vn 0.2190 -0.1559 0.9632
vn 0.3700 -0.1207 0.9212
vn -0.9251 -0.0889 0.3693
vn -0.9122 -0.1612 0.3767
vn -0.2480 0.1496 0.9571
vn -0.2149 -0.0380 0.9759
vn -0.4100 -0.0725 0.9092
vn -0.4408 0.1022 0.8918
vn -0.9373 -0.0193 0.3480
vn -0.2800 0.3298 0.9016
vn -0.4707 0.2702 0.8399
vn -0.9486 0.0449 0.3133
vn -0.3093 0.4959 0.8114
vn -0.4981 0.4249 0.7559
vn -0.9586 0.1010 0.2663
vn -0.3349 0.6416 0.6901
vn -0.5218 0.5607 0.6429
vn -0.9668 0.1471 0.2092
vn -0.3559 0.7611 0.5422
vn -0.5413 0.6721 0.5052
vn -0.9728 0.1814 0.1441
vn -0.3717 0.8499 0.3735
vn -0.5560 0.7548 0.3480
vn -0.9765 0.2024 0.0735
vn -0.3814 0.9046 0.1904
vn -0.5651 0.8058 0.1774
vn -0.9778 0.2094 -0.0000
vn -0.3845 0.9231 -0.0000
vn -0.5679 0.8231 -0.0000
vn -0.9765 0.2024 -0.0735
vn -0.3814 0.9046 -0.1904
vn -0.5651 0.8058 -0.1774
vn -0.9728 0.1814 -0.1441
vn -0.3717 0.8499 -0.3735
vn -0.5561 0.7547 -0.3480
vn -0.9668 0.1471 -0.2092
vn -0.3559 0.7611 -0.5422
vn -0.5413 0.6721 -0.5052
vn -0.9586 0.1010 -0.2663
vn -0.3349 0.6416 -0.6901
vn -0.5218 0.5606 -0.6430
vn -0.9486 0.0449 -0.3133
vn -0.3093 0.4959 -0.8114
vn -0.4981 0.4249 -0.7559
vn -0.9373 -0.0193 -0.3479
vn -0.2799 0.3298 -0.9016
vn -0.4706 0.2702 -0.8399
vn -0.9251 -0.0889 -0.3692
vn -0.2480 0.1496 -0.9572
vn -0.4408 0.1022 -0.8918
vn -0.9122 -0.1612 -0.3766
vn -0.2149 -0.0380 -0.9759
vn -0.4100 -0.0725 -0.9092
vn -0.8994 -0.2335 -0.3694
vn -0.1818 -0.2255 -0.9571
vn -0.3792 -0.2471 -0.8917
vn -0.8872 -0.3031 -0.3478
vn -0.1499 -0.4057 -0.9016
vn -0.3495 -0.4152 -0.8399
vn -0.8760 -0.3671 -0.3129
vn -0.1204 -0.5719 -0.8114
vn -0.3219 -0.5699 -0.7560
vn -0.8660 -0.4234 -0.2661
vn -0.0950 -0.7175 -0.6901
vn -0.2985 -0.7055 -0.6428
vn -0.8577 -0.4696 -0.2092
vn -0.0740 -0.8370 -0.5422
vn -0.2790 -0.8167 -0.5051
vn -0.8516 -0.5040 -0.1442
vn -0.0582 -0.9258 -0.3735
vn -0.2643 -0.8995 -0.3479
vn -0.8478 -0.5252 -0.0735
vn -0.0486 -0.9805 -0.1904
vn -0.2554 -0.9504 -0.1773
vn -0.8464 -0.5325 -0.0000
vn -0.0452 -0.9990 -0.0000
vn -0.2521 -0.9677 -0.0000
vn -0.8477 -0.5253 0.0735
vn -0.0486 -0.9805 0.1904
vn -0.2554 -0.9504 0.1773
vn -0.8515 -0.5041 0.1442
vn -0.0583 -0.9258 0.3735
vn -0.2645 -0.8995 0.3478
vn -0.8577 -0.4696 0.2093
vn -0.0741 -0.8370 0.5422
vn -0.2792 -0.8167 0.5050
vn -0.8660 -0.4234 0.2662
vn -0.0951 -0.7175 0.6901
vn -0.2987 -0.7054 0.6428
vn -0.8760 -0.3671 0.3129
vn -0.1205 -0.5719 0.8114
vn -0.3221 -0.5698 0.7560
vn -0.8872 -0.3031 0.3478
vn -0.1499 -0.4057 0.9016
vn -0.3495 -0.4152 0.8399
vn -0.8994 -0.2335 0.3695
vn -0.1818 -0.2255 0.9571
vn -0.3793 -0.2471 0.8917
vn -0.3493 -0.2445 -0.9046
vn -0.3806 -0.0672 -0.9223
vn -0.9100 -0.1608 -0.3820
vn -0.8970 -0.2342 -0.3748
vn -0.3192 -0.4149 -0.8521
vn -0.8846 -0.3048 -0.3530
vn -0.2912 -0.5719 -0.7669
vn -0.8732 -0.3697 -0.3175
vn -0.2666 -0.7096 -0.6522
vn -0.8632 -0.4266 -0.2699
vn -0.2466 -0.8225 -0.5125
vn -0.8551 -0.4732 -0.2120
vn -0.2316 -0.9065 -0.3530
vn -0.8488 -0.5081 -0.1461
vn -0.2229 -0.9581 -0.1799
vn -0.8448 -0.5299 -0.0746
vn -0.2202 -0.9755 -0.0000
vn -0.8434 -0.5372 -0.0000
vn -0.2232 -0.9580 0.1799
vn -0.8448 -0.5299 0.0745
vn -0.2322 -0.9064 0.3529
vn -0.8488 -0.5082 0.1461
vn -0.2469 -0.8225 0.5124
vn -0.8550 -0.4733 0.2120
vn -0.2666 -0.7096 0.6522
vn -0.8633 -0.4265 0.2699
vn -0.2912 -0.5719 0.7669
vn -0.8732 -0.3696 0.3175
vn -0.3192 -0.4149 0.8521
vn -0.8846 -0.3048 0.3530
vn -0.3493 -0.2445 0.9046
vn -0.8970 -0.2342 0.3748
vn -0.3806 -0.0672 0.9223
vn -0.9100 -0.1608 0.3820
vn -0.4118 0.1100 0.9046
vn -0.9230 -0.0874 0.3746
vn -0.4418 0.2804 0.8522
vn -0.9355 -0.0169 0.3529
vn -0.4693 0.4375 0.7670
vn -0.9470 0.0482 0.3176
vn -0.4933 0.5753 0.6524
vn -0.9571 0.1052 0.2701
vn -0.5134 0.6882 0.5126
vn -0.9653 0.1520 0.2123
vn -0.5294 0.7715 0.3529
vn -0.9714 0.1869 0.1463
vn -0.5383 0.8234 0.1799
vn -0.9752 0.2083 0.0746
vn -0.5406 0.8413 -0.0000
vn -0.9765 0.2154 -0.0000
vn -0.5383 0.8234 -0.1799
vn -0.9752 0.2083 -0.0746
vn -0.5289 0.7718 -0.3530
vn -0.9714 0.1869 -0.1462
vn -0.5132 0.6884 -0.5126
vn -0.9653 0.1520 -0.2122
vn -0.4933 0.5753 -0.6524
vn -0.9571 0.1052 -0.2700
vn -0.4693 0.4375 -0.7670
vn -0.9470 0.0482 -0.3175
vn -0.4418 0.2804 -0.8522
vn -0.9355 -0.0169 -0.3529
vn -0.4118 0.1100 -0.9046
vn -0.9230 -0.0874 -0.3746
vn 0.8630 0.4269 0.2703
vn 0.8731 0.3697 0.3177
vn 0.2915 0.5718 0.7668
vn 0.2677 0.7094 0.6521
vn 0.8846 0.3047 -0.3530
vn 0.8731 0.3697 -0.3177
vn 0.2915 0.5718 -0.7668
vn 0.3190 0.4148 -0.8521
vn -0.9571 0.1051 -0.2701
vn -0.9470 0.0483 -0.3177
vn -0.4703 0.4372 -0.7666
vn -0.4944 0.5748 -0.6521
vn -0.5139 0.6879 -0.5125
vn -0.9715 0.1868 -0.1462
vn -0.5287 0.7719 -0.3530
vn -0.9753 0.2081 -0.0745
vn -0.5377 0.8237 -0.1800
vn -0.9765 0.2153 -0.0000
vn -0.9753 0.2081 0.0745
vn -0.5377 0.8237 0.1799
vn -0.9715 0.1868 0.1462
vn -0.5289 0.7718 0.3530
vn -0.9653 0.1520 0.2122
vn -0.5139 0.6879 0.5125
vn -0.9571 0.1051 0.2701
vn -0.4944 0.5748 0.6521
vn -0.9354 -0.0168 -0.3531
vn -0.4422 0.2803 -0.8520
vn -0.9229 -0.0874 -0.3749
vn -0.4120 0.1100 -0.9045
vn 0.8971 0.2342 -0.3747
vn 0.3492 0.2444 -0.9046
vn 0.8630 0.4269 -0.2703
vn 0.2677 0.7094 -0.6521
vn 0.8548 0.4735 -0.2124
vn 0.2475 0.8224 -0.5123
vn 0.8488 0.5082 -0.1461
vn 0.2324 0.9063 -0.3529
vn 0.8450 0.5296 -0.0745
vn 0.2237 0.9579 -0.1799
vn 0.8437 0.5368 -0.0000
vn 0.2208 0.9753 -0.0000
vn 0.8450 0.5296 0.0745
vn 0.2235 0.9580 0.1799
vn 0.8488 0.5082 0.1462
vn 0.2322 0.9064 0.3529
vn 0.8548 0.4735 0.2124
vn 0.2475 0.8224 0.5123
vn 0.8846 0.3047 0.3530
vn 0.3190 0.4148 0.8521
vn -0.9229 -0.0874 0.3749
vn -0.9354 -0.0168 0.3531
vn -0.4422 0.2803 0.8520
vn -0.4120 0.1100 0.9045
vn 0.8971 0.2342 0.3746
vn 0.9101 0.1608 0.3819
vn 0.3806 0.0672 0.9223
vn 0.3492 0.2444 0.9046
vn -0.8971 -0.2342 0.3746
vn -0.9100 -0.1608 0.3821
vn -0.3806 -0.0673 0.9223
vn -0.3494 -0.2444 0.9045
vn 0.9231 0.0874 0.3746
vn 0.9355 0.0169 0.3528
vn 0.4422 -0.2802 0.8520
vn 0.4119 -0.1099 0.9046
vn -0.8732 -0.3697 0.3176
vn -0.8847 -0.3048 0.3528
vn -0.3194 -0.4148 0.8520
vn -0.2913 -0.5719 0.7668
vn 0.9470 -0.0481 0.3176
vn 0.9571 -0.1051 0.2701
vn 0.4947 -0.5747 0.6519
vn 0.4702 -0.4372 0.7667
vn -0.8545 -0.4740 0.2124
vn -0.8630 -0.4268 0.2701
vn -0.2670 -0.7095 0.6522
vn -0.2476 -0.8223 0.5123
vn 0.9654 -0.1518 0.2120
vn 0.9715 -0.1866 0.1461
vn 0.5287 -0.7719 0.3530
vn 0.5142 -0.6878 0.5124
vn -0.8449 -0.5297 0.0745
vn -0.8485 -0.5086 0.1463
vn -0.2326 -0.9063 0.3528
vn -0.2233 -0.9580 0.1799
vn 0.9752 -0.2082 0.0745
vn 0.9765 -0.2155 -0.0000
vn 0.5415 -0.8407 -0.0000
vn 0.5381 -0.8234 0.1799
vn -0.8448 -0.5298 -0.0746
vn -0.8436 -0.5370 -0.0000
vn -0.2204 -0.9754 -0.0000
vn -0.2233 -0.9580 -0.1799
vn 0.9752 -0.2082 -0.0745
vn 0.9715 -0.1866 -0.1461
vn 0.5285 -0.7720 -0.3530
vn 0.5381 -0.8234 -0.1800
vn -0.8545 -0.4740 -0.2124
vn -0.8484 -0.5087 -0.1464
vn -0.2326 -0.9063 -0.3528
vn -0.2476 -0.8223 -0.5123
vn 0.9654 -0.1518 -0.2120
vn 0.9571 -0.1051 -0.2700
vn 0.4947 -0.5747 -0.6519
vn 0.5142 -0.6878 -0.5123
vn -0.8732 -0.3697 -0.3176
vn -0.8630 -0.4268 -0.2701
vn -0.2670 -0.7095 -0.6522
vn -0.2913 -0.5719 -0.7668
vn 0.9470 -0.0481 -0.3175
vn 0.9355 0.0169 -0.3528
vn 0.4422 -0.2802 -0.8520
vn 0.4702 -0.4372 -0.7667
vn -0.8971 -0.2342 -0.3746
vn -0.8847 -0.3048 -0.3528
vn -0.3193 -0.4148 -0.8520
vn -0.3493 -0.2444 -0.9046
vn 0.9231 0.0874 -0.3746
vn 0.9101 0.1608 -0.3819
vn 0.3805 0.0672 -0.9223
vn 0.4119 -0.1099 -0.9046
vn -0.9100 -0.1608 -0.3821
vn -0.3806 -0.0673 -0.9223
vn -0.9470 0.0483 0.3177
vn -0.4703 0.4372 0.7666
vn -0.4119 0.1100 -0.9046
vn -0.9100 -0.1608 -0.3823
vn -0.9229 -0.0874 -0.3750
vn -0.3494 -0.2445 -0.9045
vn -0.3192 -0.4147 -0.8521
vn -0.8846 -0.3048 -0.3529
vn -0.2915 -0.5718 -0.7668
vn -0.8730 -0.3699 -0.3178
vn -0.2672 -0.7095 -0.6520
vn -0.8631 -0.4267 -0.2702
vn -0.2470 -0.8225 -0.5124
vn -0.2321 -0.9064 -0.3530
vn -0.8488 -0.5082 -0.1461
vn -0.2228 -0.9581 -0.1799
vn -0.8448 -0.5298 -0.0745
vn -0.2195 -0.9756 -0.0000
vn -0.2228 -0.9581 0.1799
vn -0.8448 -0.5298 0.0745
vn -0.2324 -0.9063 0.3529
vn -0.2476 -0.8224 0.5123
vn -0.8550 -0.4733 0.2121
vn -0.2675 -0.7095 0.6520
vn -0.8630 -0.4268 0.2702
vn -0.2915 -0.5718 0.7668
vn -0.8730 -0.3699 0.3178
vn -0.3192 -0.4147 0.8521
vn -0.8846 -0.3048 0.3529
vn -0.3494 -0.2445 0.9045
vn -0.3807 -0.0673 0.9223
vn -0.9100 -0.1608 0.3823
vn -0.9229 -0.0873 0.3750
vn -0.4419 0.2803 0.8521
vn -0.9355 -0.0168 0.3530
vn -0.4694 0.4374 0.7670
vn -0.9470 0.0482 0.3175
vn -0.4939 0.5750 0.6522
vn -0.5139 0.6880 0.5124
vn -0.9653 0.1519 0.2123
vn -0.5288 0.7718 0.3530
vn -0.5384 0.8233 0.1799
vn -0.9752 0.2084 0.0746
vn -0.5416 0.8406 -0.0000
vn -0.9764 0.2158 -0.0000
vn -0.5384 0.8233 -0.1799
vn -0.9752 0.2084 -0.0746
vn -0.5288 0.7718 -0.3530
vn -0.5142 0.6879 -0.5123
vn -0.9654 0.1519 -0.2122
vn -0.4942 0.5749 -0.6521
vn -0.9571 0.1051 -0.2700
vn -0.4694 0.4374 -0.7670
vn -0.9470 0.0481 -0.3175
vn -0.4419 0.2803 -0.8521
vn -0.9355 -0.0168 -0.3530
vn 0.3491 0.2445 -0.9046
vn 0.8971 0.2342 -0.3746
vn 0.9231 0.0875 -0.3745
vn 0.4419 -0.2804 -0.8521
vn 0.9356 0.0169 -0.3528
vn 0.4696 -0.4373 -0.7669
vn 0.4941 -0.5750 -0.6521
vn 0.9571 -0.1052 -0.2701
vn 0.5141 -0.6879 -0.5124
vn 0.9654 -0.1519 -0.2122
vn 0.5287 -0.7720 -0.3530
vn 0.5377 -0.8237 -0.1800
vn 0.9753 -0.2081 -0.0745
vn 0.5409 -0.8411 -0.0000
vn 0.9765 -0.2153 -0.0000
vn 0.5377 -0.8237 0.1800
vn 0.9753 -0.2081 0.0746
vn 0.5284 -0.7721 0.3531
vn 0.5138 -0.6880 0.5125
vn 0.9654 -0.1518 0.2121
vn 0.4940 -0.5750 0.6522
vn 0.4696 -0.4374 0.7669
vn 0.4420 -0.2803 0.8521
vn 0.9356 0.0169 0.3528
vn 0.9231 0.0875 0.3745
vn 0.3805 0.0672 0.9223
vn 0.3491 0.2445 0.9046
vn 0.8971 0.2342 0.3747
vn 0.3189 0.4148 0.8522
vn 0.8847 0.3047 0.3528
vn 0.2913 0.5718 0.7669
vn 0.8733 0.3697 0.3173
vn 0.2669 0.7095 0.6522
vn 0.8631 0.4267 0.2700
vn 0.2467 0.8225 0.5125
vn 0.8549 0.4734 0.2122
vn 0.2321 0.9064 0.3530
vn 0.8487 0.5083 0.1462
vn 0.2228 0.9581 0.1800
vn 0.8447 0.5300 0.0746
vn 0.2198 0.9755 -0.0000
vn 0.8433 0.5374 -0.0000
vn 0.2232 0.9580 -0.1799
vn 0.8447 0.5300 -0.0746
vn 0.2318 0.9064 -0.3531
vn 0.8487 0.5083 -0.1461
vn 0.2467 0.8225 -0.5125
vn 0.8550 0.4733 -0.2121
vn 0.2672 0.7095 -0.6522
vn 0.8632 0.4266 -0.2699
vn 0.2915 0.5718 -0.7669
vn 0.8732 0.3697 -0.3175
vn 0.3191 0.4148 -0.8521
vn 0.8846 0.3048 -0.3529
vn 0.9654 -0.1519 0.2122
vn 0.9715 -0.1867 0.1461
vn 0.5286 -0.7720 0.3530
vn 0.5137 -0.6881 0.5125
vn -0.9355 -0.0169 -0.3530
vn -0.9230 -0.0874 -0.3748
vn -0.4119 0.1099 -0.9046
vn -0.4420 0.2803 -0.8521
vn -0.8630 -0.4269 0.2701
vn -0.2675 -0.7094 0.6521
vn -0.8732 -0.3697 0.3175
vn -0.8846 -0.3048 0.3531
vn -0.3191 -0.4149 0.8521
vn -0.2915 -0.5719 0.7668
vn -0.8970 -0.2343 0.3748
vn -0.3493 -0.2445 0.9045
vn -0.9230 -0.0874 0.3748
vn -0.4119 0.1099 0.9046
vn -0.9355 -0.0169 0.3530
vn -0.4419 0.2804 0.8521
vn -0.9470 0.0481 0.3176
vn -0.4693 0.4375 0.7671
vn -0.4936 0.5752 0.6523
vn -0.5139 0.6880 0.5123
vn -0.9715 0.1867 0.1462
vn -0.5293 0.7716 0.3529
vn -0.9753 0.2079 0.0745
vn -0.9766 0.2150 -0.0000
vn -0.5411 0.8410 -0.0000
vn -0.9753 0.2079 -0.0745
vn -0.9715 0.1867 -0.1462
vn -0.5293 0.7716 -0.3529
vn -0.9653 0.1520 -0.2123
vn -0.5139 0.6880 -0.5123
vn -0.9571 0.1052 -0.2701
vn -0.4936 0.5752 -0.6523
vn -0.9470 0.0481 -0.3176
vn -0.4694 0.4375 -0.7670
vn -0.8484 -0.5087 0.1463
vn -0.2325 -0.9063 0.3529
vn 0.9571 -0.1051 0.2702
vn 0.4936 -0.5751 0.6524
vn 0.9469 -0.0482 0.3178
vn 0.4697 -0.4373 0.7669
vn 0.9230 0.0874 0.3746
vn 0.9355 0.0168 0.3530
vn 0.4421 -0.2803 0.8521
vn 0.4118 -0.1100 0.9046
vn 0.9101 0.1608 0.3818
vn 0.8972 0.2342 0.3745
vn 0.3492 0.2445 0.9046
vn 0.8846 0.3048 0.3529
vn 0.3193 0.4148 0.8521
vn 0.8732 0.3697 0.3176
vn 0.2916 0.5718 0.7668
vn 0.8632 0.4266 0.2700
vn 0.2668 0.7095 0.6523
vn 0.8549 0.4734 0.2121
vn 0.2466 0.8225 0.5125
vn 0.8488 0.5082 0.1461
vn 0.2320 0.9064 0.3530
vn 0.8449 0.5297 0.0745
vn 0.2233 0.9580 0.1799
vn 0.8435 0.5372 -0.0000
vn 0.2206 0.9754 -0.0000
vn 0.8449 0.5298 -0.0745
vn 0.2233 0.9580 -0.1799
vn 0.8488 0.5081 -0.1460
vn 0.2318 0.9065 -0.3530
vn 0.8549 0.4734 -0.2121
vn 0.2466 0.8225 -0.5125
vn 0.8632 0.4266 -0.2700
vn 0.2668 0.7095 -0.6523
vn 0.8732 0.3697 -0.3176
vn 0.2916 0.5718 -0.7668
vn 0.8972 0.2342 -0.3745
vn 0.3194 0.4148 -0.8520
vn 0.3493 0.2444 -0.9046
vn -0.4697 0.4374 -0.7669
vn 0.5887 0.3995 -0.7027
vn 0.5658 0.5291 -0.6324
vn 0.5658 0.5291 -0.6325
vn 0.5887 0.3996 -0.7027
vn 0.9041 0.3376 -0.2620
vn 0.9137 0.2839 -0.2909
vn -0.9231 -0.0875 -0.3744
vn 0.6136 0.2591 -0.7459
vn 0.6136 0.2590 -0.7459
vn 0.9239 0.2257 -0.3088
vn -0.4941 0.5750 -0.6521
vn 0.5458 0.6426 -0.5378
vn 0.5458 0.6425 -0.5378
vn 0.8958 0.3846 -0.2229
vn -0.5138 0.6880 -0.5125
vn 0.5296 0.7356 -0.4224
vn 0.5296 0.7356 -0.4225
vn 0.8890 0.4232 -0.1751
vn -0.5291 0.7717 -0.3529
vn 0.5175 0.8047 -0.2909
vn 0.8839 0.4518 -0.1206
vn -0.5386 0.8232 -0.1798
vn -0.9753 0.2080 -0.0745
vn 0.5100 0.8473 -0.1483
vn 0.5100 0.8473 -0.1484
vn 0.8808 0.4695 -0.0615
vn -0.5411 0.8409 -0.0000
vn -0.9766 0.2152 -0.0000
vn 0.5076 0.8616 -0.0000
vn 0.8797 0.4756 -0.0000
vn -0.5384 0.8233 0.1798
vn -0.9753 0.2080 0.0746
vn 0.5098 0.8474 0.1484
vn 0.8808 0.4695 0.0614
vn -0.5294 0.7715 0.3528
vn 0.5175 0.8047 0.2909
vn 0.8840 0.4517 0.1205
vn -0.5141 0.6879 0.5124
vn 0.5296 0.7356 0.4224
vn 0.8891 0.4230 0.1750
vn -0.4941 0.5750 0.6521
vn -0.9571 0.1052 0.2700
vn 0.5458 0.6426 0.5378
vn 0.8959 0.3844 0.2228
vn -0.4697 0.4374 0.7669
vn 0.5658 0.5291 0.6324
vn 0.5658 0.5291 0.6325
vn 0.9041 0.3376 0.2620
vn 0.5886 0.3996 0.7028
vn 0.5886 0.3997 0.7027
vn 0.9136 0.2839 0.2910
vn -0.9231 -0.0875 0.3745
vn 0.6135 0.2591 0.7459
vn 0.6135 0.2591 0.7460
vn 0.9239 0.2257 0.3088
vn -0.3805 -0.0672 0.9223
vn -0.9101 -0.1608 0.3818
vn 0.6394 0.1130 0.7605
vn 0.9346 0.1651 0.3150
vn -0.3492 -0.2444 0.9046
vn -0.8971 -0.2342 0.3747
vn 0.6651 -0.0331 0.7460
vn 0.9453 0.1046 0.3090
vn -0.3193 -0.4147 0.8521
vn -0.8847 -0.3047 0.3528
vn 0.6899 -0.1737 0.7027
vn 0.9556 0.0464 0.2911
vn -0.2917 -0.5718 0.7668
vn 0.7129 -0.3031 0.6323
vn 0.7129 -0.3032 0.6323
vn 0.9650 -0.0072 0.2620
vn -0.2672 -0.7095 0.6521
vn -0.8632 -0.4266 0.2701
vn 0.7330 -0.4166 0.5377
vn 0.9734 -0.0542 0.2228
vn -0.2473 -0.8224 0.5123
vn -0.8549 -0.4734 0.2122
vn 0.7491 -0.5100 0.4228
vn 0.9802 -0.0928 0.1749
vn -0.2327 -0.9063 0.3529
vn -0.8487 -0.5083 0.1462
vn 0.7613 -0.5793 0.2913
vn 0.9853 -0.1213 0.1205
vn -0.2231 -0.9580 0.1799
vn -0.8447 -0.5300 0.0746
vn 0.7694 -0.6213 0.1484
vn 0.9884 -0.1391 0.0614
vn -0.8434 -0.5373 -0.0000
vn 0.7722 -0.6354 -0.0000
vn 0.9894 -0.1451 -0.0000
vn -0.2231 -0.9580 -0.1799
vn -0.8447 -0.5300 -0.0745
vn 0.7694 -0.6213 -0.1484
vn 0.9884 -0.1390 -0.0614
vn -0.2327 -0.9063 -0.3529
vn -0.8487 -0.5083 -0.1462
vn 0.7614 -0.5792 -0.2912
vn 0.9853 -0.1213 -0.1205
vn -0.2473 -0.8224 -0.5123
vn -0.8549 -0.4734 -0.2122
vn 0.7494 -0.5098 -0.4226
vn 0.9802 -0.0928 -0.1750
vn -0.2672 -0.7095 -0.6521
vn -0.8632 -0.4266 -0.2700
vn 0.7332 -0.4165 -0.5376
vn 0.9734 -0.0542 -0.2228
vn -0.2917 -0.5718 -0.7668
vn -0.8733 -0.3696 -0.3174
vn 0.7129 -0.3031 -0.6323
vn 0.7129 -0.3032 -0.6323
vn 0.9650 -0.0072 -0.2620
vn -0.3193 -0.4147 -0.8521
vn -0.8847 -0.3047 -0.3528
vn 0.6899 -0.1737 -0.7027
vn 0.9556 0.0464 -0.2911
vn -0.3492 -0.2444 -0.9046
vn -0.8971 -0.2342 -0.3747
vn 0.6651 -0.0331 -0.7460
vn 0.9453 0.1046 -0.3090
vn -0.3805 -0.0672 -0.9223
vn -0.9101 -0.1608 -0.3818
vn 0.6394 0.1130 -0.7605
vn 0.9346 0.1651 -0.3150
vn -0.2231 -0.9581 0.1799
vn 0.9753 -0.2080 0.0745
vn 0.5373 -0.8239 0.1800
vn -0.8437 -0.5368 -0.0000
vn -0.2197 -0.9756 -0.0000
vn 0.9766 -0.2153 -0.0000
vn 0.5403 -0.8415 -0.0000
vn -0.8450 -0.5296 -0.0745
vn 0.5375 -0.8238 -0.1800
vn -0.8485 -0.5086 -0.1463
vn -0.2325 -0.9063 -0.3529
vn 0.9715 -0.1867 -0.1462
vn 0.5288 -0.7719 -0.3529
vn 0.9653 -0.1519 -0.2122
vn 0.5137 -0.6881 -0.5125
vn -0.8630 -0.4269 -0.2701
vn -0.2675 -0.7094 -0.6521
vn 0.9571 -0.1051 -0.2702
vn 0.4938 -0.5751 -0.6523
vn -0.8732 -0.3698 -0.3176
vn -0.2915 -0.5719 -0.7668
vn 0.9470 -0.0482 -0.3177
vn 0.4699 -0.4373 -0.7668
vn -0.8845 -0.3048 -0.3531
vn -0.3191 -0.4149 -0.8521
vn 0.9355 0.0168 -0.3529
vn 0.4421 -0.2803 -0.8521
vn -0.8970 -0.2343 -0.3749
vn -0.3493 -0.2445 -0.9045
vn 0.4119 -0.1100 -0.9046
vn -0.9100 -0.1608 -0.3822
vn 0.9101 0.1608 -0.3818
vn 0.1265 0.4036 -0.9062
vn 0.3807 0.0672 -0.9223
vn 0.4121 -0.1099 -0.9045
vn 0.9635 0.1703 -0.2064
vn 0.9705 0.1306 -0.2025
vn 0.9230 0.0874 -0.3748
vn 0.9100 0.1608 -0.3821
vn 0.4421 -0.2804 -0.8520
vn 0.9773 0.0925 -0.1908
vn 0.9354 0.0168 -0.3531
vn 0.4698 -0.4373 -0.7669
vn 0.2866 -0.5027 -0.8156
vn 0.9835 0.0573 -0.1716
vn 0.4940 -0.5749 -0.6522
vn 0.3125 -0.6491 -0.6936
vn 0.9890 0.0266 -0.1458
vn 0.9571 -0.1051 -0.2699
vn 0.9654 -0.1519 -0.2121
vn 0.5294 -0.7715 -0.3528
vn 0.3498 -0.8584 -0.3753
vn 0.5384 -0.8233 -0.1799
vn 0.3594 -0.9134 -0.1914
vn 0.9988 -0.0290 -0.0403
vn 0.5411 -0.8409 -0.0000
vn 0.3625 -0.9320 -0.0000
vn 0.5382 -0.8234 0.1799
vn 0.5292 -0.7716 0.3529
vn 0.3497 -0.8584 0.3753
vn 0.9967 -0.0175 0.0790
vn 0.9715 -0.1867 0.1462
vn 0.5141 -0.6879 0.5124
vn 0.3337 -0.7692 0.5449
vn 0.9654 -0.1519 0.2121
vn 0.4941 -0.5749 0.6522
vn 0.3125 -0.6491 0.6936
vn 0.9890 0.0266 0.1458
vn 0.9571 -0.1051 0.2699
vn 0.4698 -0.4373 0.7669
vn 0.2866 -0.5027 0.8155
vn 0.9835 0.0573 0.1716
vn 0.9470 -0.0482 0.3176
vn 0.4421 -0.2804 0.8520
vn 0.4121 -0.1099 0.9045
vn 0.2252 -0.1546 0.9620
vn 0.9705 0.1306 0.2025
vn 0.9230 0.0874 0.3748
vn 0.3807 0.0672 0.9223
vn 0.9635 0.1703 0.2064
vn 0.9100 0.1608 0.3821
vn 0.3191 0.4148 0.8521
vn 0.1265 0.4036 0.9062
vn 0.9498 0.2481 0.1907
vn 0.8846 0.3048 0.3530
vn 0.2914 0.5719 0.7668
vn 0.9436 0.2832 0.1716
vn 0.8731 0.3698 0.3177
vn 0.2668 0.7095 0.6522
vn 0.9382 0.3139 0.1460
vn 0.8631 0.4268 0.2702
vn 0.2472 0.8224 0.5124
vn 0.0499 0.8370 0.5449
vn 0.9336 0.3393 0.1147
vn 0.8547 0.4738 0.2123
vn 0.2328 0.9062 0.3529
vn 0.0343 0.9263 0.3753
vn 0.9303 0.3582 0.0790
vn 0.8484 0.5087 0.1463
vn 0.2229 0.9581 0.1799
vn 0.0243 0.9812 0.1914
vn 0.9283 0.3697 0.0403
vn 0.2193 0.9757 -0.0000
vn 0.0207 0.9998 -0.0000
vn 0.8435 0.5371 -0.0000
vn 0.2227 0.9581 -0.1799
vn 0.0242 0.9812 -0.1914
vn 0.9283 0.3697 -0.0403
vn 0.8448 0.5299 -0.0746
vn 0.2323 0.9063 -0.3530
vn 0.0341 0.9263 -0.3753
vn 0.9303 0.3582 -0.0790
vn 0.8485 0.5086 -0.1463
vn 0.2470 0.8224 -0.5124
vn 0.0498 0.8370 -0.5449
vn 0.9336 0.3393 -0.1147
vn 0.8547 0.4738 -0.2123
vn 0.2668 0.7095 -0.6522
vn 0.0710 0.7169 -0.6936
vn 0.9382 0.3139 -0.1460
vn 0.8631 0.4268 -0.2702
vn 0.2914 0.5719 -0.7668
vn 0.0970 0.5705 -0.8155
vn 0.8731 0.3698 -0.3176
vn 0.3192 0.4148 -0.8521
vn 0.8846 0.3048 -0.3530
vn -0.9841 -0.1778 0.0057
vn -0.9843 -0.1766 0.0063
vn -0.9835 -0.1806 0.0013
vn -0.9836 -0.1803 -0.0026
vn -0.9841 -0.1778 -0.0057
vn -0.9847 -0.1740 -0.0069
vn -0.9856 -0.1692 -0.0049
vn -0.9859 -0.1674 -0.0013
vn -0.9859 -0.1672 -0.0000
vn -0.9856 -0.1692 0.0049
vn -0.9850 -0.1727 0.0067
vn -0.9839 -0.1788 0.0049
vn -0.9859 -0.1674 0.0013
vn -0.0047 -0.0008 1.0000
vn 0.0293 -0.1929 0.9808
vn 0.1184 -0.6971 0.7071
vn 0.0920 -0.5479 0.8315
vn 0.1660 -0.9666 0.1951
vn 0.1561 -0.9106 0.3827
vn 0.1561 -0.9106 -0.3827
vn 0.1660 -0.9666 -0.1951
vn 0.0920 -0.5479 -0.8315
vn 0.1184 -0.6971 -0.7071
vn -0.0047 -0.0008 -1.0000
vn 0.0293 -0.1929 -0.9808
vn -0.1013 0.5463 -0.8315
vn -0.0713 0.3760 -0.9239
vn -0.1654 0.9090 -0.3827
vn -0.1494 0.8180 -0.5556
vn -0.1753 0.9650 0.1951
vn -0.1787 0.9839 -0.0000
vn -0.1277 0.6955 0.7071
vn -0.1494 0.8180 0.5556
vn -0.0386 0.1913 0.9808
vn -0.0713 0.3760 0.9239
vn 0.0619 -0.3777 0.9239
vn 0.1400 -0.8196 0.5556
vn 0.1693 -0.9856 -0.0000
vn 0.1400 -0.8196 -0.5556
vn 0.0619 -0.3777 -0.9239
vn -0.0386 0.1913 -0.9808
vn -0.1277 0.6955 -0.7071
vn -0.1753 0.9650 -0.1951
vn -0.1654 0.9090 0.3827
vn -0.1013 0.5463 0.8315
vn 0.9847 0.1740 -0.0000
vn 0.0339 -0.1921 -0.9808
vn 0.0990 -0.1802 -0.9786
vn 0.2225 0.0393 -0.9741
vn 0.2562 -0.1478 -0.9552
vn 0.1319 0.5725 -0.8092
vn 0.1597 0.4066 -0.8995
vn 0.1077 0.7177 -0.6880
vn 0.0878 0.8369 -0.5403
vn 0.0730 0.9253 -0.3721
vn 0.0633 0.9800 -0.1885
vn 0.0602 0.9982 -0.0000
vn 0.0641 0.9800 0.1885
vn 0.0732 0.9253 0.3721
vn 0.0881 0.8368 0.5403
vn 0.1078 0.7177 0.6880
vn 0.1319 0.5725 0.8092
vn 0.1597 0.4066 0.8995
vn 0.1900 0.2265 0.9553
vn 0.2225 0.0393 0.9741
vn 0.2562 -0.1478 0.9552
vn 0.2895 -0.3272 0.8995
vn 0.3204 -0.4925 0.8092
vn 0.3475 -0.6372 0.6879
vn 0.3692 -0.7561 0.5404
vn 0.3854 -0.8444 0.3722
vn 0.3953 -0.8990 0.1885
vn 0.3987 -0.9171 -0.0000
vn 0.3955 -0.8989 -0.1885
vn 0.3855 -0.8443 -0.3721
vn 0.3695 -0.7560 -0.5404
vn 0.3474 -0.6373 -0.6879
vn 0.3204 -0.4925 -0.8092
vn 0.2895 -0.3272 -0.8995
vn 0.1900 0.2265 -0.9553
vn -0.1163 0.0814 0.9899
vn -0.0814 -0.1163 0.9899
vn 0.0171 -0.0965 0.9952
vn -0.0298 0.0208 0.9993
vn 0.2704 -0.9627 -0.0009
vn 0.2705 -0.9627 0.0008
vn 0.1740 -0.9847 -0.0001
vn 0.1740 -0.9847 0.0001
vn -0.1432 0.9886 0.0464
vn -0.1432 0.9886 -0.0464
vn -0.1740 0.9847 0.0001
vn -0.1740 0.9847 -0.0001
vn 0.0733 -0.9922 0.1005
vn 0.0752 -0.9972 -0.0010
vn 0.1732 -0.9800 0.0982
vn 0.1741 -0.9847 -0.0000
vn 0.1742 -0.9847 -0.0000
vn 0.9626 0.2710 0.0010
vn 0.9972 0.0754 0.0010
vn 0.9972 0.0754 -0.0010
vn 0.9626 0.2710 -0.0010
vn 0.0171 -0.0966 0.9952
vn 0.0208 0.0297 0.9993
vn -0.0170 0.0965 0.9952
vn -0.0170 0.0964 0.9952
vn -0.2711 0.9626 -0.0010
vn -0.2711 0.9626 0.0010
vn -0.1854 0.9826 -0.0111
vn -0.1853 0.9826 0.0111
vn -0.9971 -0.0755 -0.0010
vn -0.9626 -0.2708 -0.0010
vn -0.9626 -0.2708 0.0010
vn -0.9971 -0.0755 0.0010
vn -0.9469 -0.3094 0.0875
vn -0.9469 -0.3094 -0.0876
vn -0.9496 -0.2970 -0.1002
vn -0.9496 -0.2970 0.1001
vn 0.1738 -0.9848 -0.0000
vn 0.1759 -0.9792 -0.1009
vn 0.1697 -0.9804 -0.1004
vn 0.1741 -0.9847 -0.0001
vn -0.2079 -0.9733 0.0970
vn -0.2080 -0.9733 -0.0970
vn 0.0745 -0.9922 -0.0999
vn 0.0746 -0.9922 0.0999
vn -0.0789 -0.1300 -0.9884
vn -0.0662 -0.1375 -0.9883
vn 0.1090 -0.1068 -0.9883
vn 0.1185 -0.0951 -0.9884
vn 0.1732 -0.9800 0.0981
vn 0.1732 -0.9800 0.0980
vn 0.9574 0.2708 -0.1003
vn 0.9574 0.2709 0.1004
vn 0.9612 0.2460 0.1247
vn 0.9578 0.2707 -0.0964
vn 0.9957 0.0327 0.0867
vn 0.9939 0.0465 0.1003
vn 0.9939 0.0465 -0.1004
vn 0.9957 0.0327 -0.0867
vn -0.1703 0.9801 0.1017
vn -0.1703 0.9801 -0.1017
vn -0.9573 -0.2710 0.1003
vn -0.9922 -0.0734 0.1003
vn -0.1163 0.0813 0.9899
vn 0.0814 0.1163 0.9899
vn -0.2713 0.9572 0.1005
vn -0.2458 0.9613 0.1245
vn -0.2731 0.9620 0.0029
vn -0.2712 0.9625 -0.0010
vn 0.2706 -0.9574 0.1004
vn 0.0796 -0.9968 0.0075
vn 0.0795 -0.9968 -0.0075
vn 0.9922 0.0734 0.1003
vn 0.9971 0.0755 -0.0009
vn 0.9626 0.2709 -0.0010
vn 0.9573 0.2711 0.1002
vn 0.2658 -0.9640 0.0077
vn 0.2658 -0.9640 -0.0077
vn -0.0854 0.9961 -0.0225
vn -0.0985 0.9873 0.1245
vn -0.1732 0.9800 0.0980
vn 0.0753 -0.9972 0.0010
vn 0.0753 -0.9972 -0.0010
vn 0.2700 -0.9577 0.1000
vn 0.2700 -0.9577 -0.1000
vn -0.2710 0.9573 -0.1004
vn -0.2710 0.9573 0.1004
vn -0.0738 0.9922 0.1005
vn -0.0738 0.9922 -0.1005
vn -0.1732 0.9800 0.0982
vn -0.0735 0.9922 0.1006
vn -0.0756 0.9971 -0.0009
vn -0.1116 0.0825 -0.9903
vn -0.1162 0.0813 -0.9899
vn 0.0814 0.1163 -0.9899
vn 0.0686 0.1276 -0.9894
vn -0.9922 -0.0734 0.1005
vn -0.9922 -0.0733 -0.1004
vn -0.9927 -0.0731 -0.0955
vn -0.9873 -0.0984 0.1247
vn 0.2978 0.4256 0.8545
vn 0.0307 0.3903 0.9202
vn 0.3563 0.1627 0.9201
vn 0.5978 0.4457 0.6664
vn 0.6772 0.2131 0.7042
vn 0.2138 0.7144 0.6663
vn -0.0319 0.7095 0.7040
vn 0.4681 0.6690 0.5773
vn 0.7774 0.5106 0.3673
vn 0.8889 0.2568 0.3792
vn 0.8400 0.5336 0.0980
vn 0.5400 0.7722 0.3348
vn 0.5707 0.8160 0.0920
vn 0.2130 0.9054 0.3674
vn 0.2132 0.9721 0.0983
vn -0.0634 0.9232 0.3792
vn -0.7200 0.2764 0.6366
vn -0.8635 -0.0236 0.5038
vn -0.9525 0.1896 0.2382
vn -0.6426 0.4495 0.6205
vn -0.6885 0.4818 0.5421
vn -0.4671 0.2862 0.8366
vn -0.4842 0.0931 0.8700
vn -0.5589 0.3905 0.7315
vn -0.5060 0.5818 0.6368
vn -0.5045 0.8300 0.2380
vn -0.2735 0.8194 0.5037
vn -0.4287 0.3405 0.8368
vn -0.2533 0.4233 0.8699
vn -0.2761 0.1931 0.9415
vn -0.1140 0.1848 0.9761
vn -0.2126 0.0437 0.9762
vn 0.2254 0.9743 -0.0001
vn 0.2161 0.9764 -0.0000
vn -0.0754 0.9972 0.0009
vn -0.0732 0.9973 0.0009
vn 0.2254 0.9743 -0.0000
vn -0.0721 0.9974 -0.0000
vn 0.5733 0.8194 -0.0019
vn 0.5734 0.8193 -0.0019
vn 0.5732 0.8194 -0.0000
vn 0.2254 0.9743 0.0001
vn -0.0732 0.9973 -0.0009
vn 0.2160 0.9764 -0.0000
vn 0.5732 0.8194 0.0019
vn 0.5733 0.8193 0.0019
vn 0.8379 0.5459 0.0001
vn 0.8432 0.5377 -0.0001
vn 0.9620 0.2732 -0.0009
vn 0.8379 0.5459 -0.0000
vn 0.9616 0.2743 -0.0000
vn 0.8379 0.5458 -0.0000
vn 0.9619 0.2732 0.0009
vn 0.8432 0.5376 0.0001
vn -0.9136 0.2519 -0.3191
vn -0.9721 0.2162 -0.0916
vn -0.9311 -0.0391 -0.3626
vn -0.7014 0.3242 -0.6348
vn -0.7142 0.0219 -0.6996
vn -0.7416 0.6395 -0.2027
vn -0.8042 0.5912 -0.0619
vn -0.8340 0.4049 -0.3748
vn -0.3848 0.3454 -0.8559
vn -0.3785 0.0585 -0.9237
vn -0.1567 0.3602 -0.9196
vn -0.3316 0.7121 -0.6189
vn -0.1870 0.7004 -0.6888
vn -0.4629 0.4705 -0.7513
vn -0.2251 0.9226 -0.3133
vn -0.1758 0.9148 -0.3637
vn -0.1770 0.9790 -0.1009
vn -0.2650 0.9418 -0.2067
vn -0.1893 0.9787 -0.0800
vn -0.3765 0.9013 -0.2141
vn -0.2665 0.9591 -0.0953
vn -0.1944 0.9800 -0.0428
vn -0.2163 0.9761 -0.0207
vn -0.3730 0.9227 -0.0973
vn -0.2522 0.9675 -0.0164
vn -0.4735 0.8787 -0.0609
vn -0.2724 0.9622 -0.0040
vn -0.5203 0.8539 -0.0137
vn 0.5813 0.5065 0.6368
vn 0.8297 0.5048 0.2383
vn 0.8191 0.2738 0.5040
vn 0.3402 0.4288 0.8369
vn 0.4232 0.2534 0.8699
vn 0.4499 0.6422 0.6206
vn 0.4821 0.6884 0.5420
vn 0.3911 0.5580 0.7319
vn 0.1930 0.2759 0.9416
vn 0.1846 0.1138 0.9762
vn 0.0436 0.2125 0.9762
vn 0.2863 0.4665 0.8369
vn 0.0930 0.4846 0.8698
vn 0.2767 0.7195 0.6370
vn -0.0237 0.8634 0.5040
vn 0.1899 0.9524 0.2384
vn 0.8033 0.5015 -0.3213
vn 0.8893 0.2819 -0.3602
vn 0.8450 0.5243 -0.1054
vn 0.6099 0.7385 -0.2875
vn 0.5787 0.8073 -0.1151
vn 0.6427 0.5098 -0.5720
vn 0.6729 0.2814 -0.6842
vn 0.5415 0.7267 -0.4227
vn 0.3363 0.9117 -0.2361
vn 0.2222 0.9706 -0.0923
vn 0.0013 0.9952 -0.0977
vn 0.3532 0.8939 -0.2761
vn 0.0566 0.9916 -0.1166
vn 0.2535 0.9305 -0.2643
vn -0.0044 0.9970 -0.0770
vn -0.0058 0.9663 -0.2574
vn 0.3582 0.7797 -0.5136
vn 0.0596 0.7933 -0.6059
vn 0.3737 0.5258 -0.7641
vn 0.0668 0.4509 -0.8901
vn 0.3447 0.2188 -0.9129
vn 0.4256 -0.2979 0.8545
vn 0.3906 -0.0307 0.9201
vn 0.1163 -0.0814 0.9899
vn 0.1627 -0.3565 0.9200
vn 0.4452 -0.5979 0.6666
vn 0.2128 -0.6774 0.7041
vn 0.7144 -0.2139 0.6662
vn 0.7094 0.0320 0.7041
vn 0.6690 -0.4682 0.5772
vn 0.5102 -0.7775 0.3676
vn 0.2562 -0.8891 0.3793
vn 0.5332 -0.8403 0.0982
vn 0.7723 -0.5399 0.3348
vn 0.8160 -0.5707 0.0921
vn 0.9054 -0.2132 0.3673
vn 0.9721 -0.2132 0.0983
vn 0.9231 0.0634 0.3792
vn 0.5451 -0.8384 -0.0001
vn 0.2728 -0.9621 0.0009
vn 0.5375 -0.8433 0.0002
vn 0.8195 -0.5731 -0.0018
vn 0.8196 -0.5729 -0.0018
vn 0.5452 -0.8383 -0.0000
vn 0.2740 -0.9617 -0.0000
vn 0.8194 -0.5732 -0.0000
vn 0.9743 -0.2251 -0.0000
vn 0.9764 -0.2158 -0.0001
vn 0.9973 0.0730 0.0009
vn 0.9744 -0.2250 -0.0000
vn 0.9974 0.0719 -0.0000
vn 0.9743 -0.2252 0.0001
vn 0.9973 0.0730 -0.0009
vn 0.9764 -0.2159 -0.0000
vn 0.8195 -0.5731 0.0019
vn 0.5373 -0.8434 -0.0000
vn 0.2729 -0.9621 -0.0009
vn 0.8538 -0.3655 -0.3707
vn 0.9509 -0.2877 -0.1140
vn 0.9312 -0.0275 -0.3635
vn 0.6611 -0.4045 -0.6319
vn 0.7125 -0.0872 -0.6963
vn 0.6673 -0.6896 -0.2816
vn 0.7578 -0.6435 -0.1081
vn 0.5175 -0.7291 -0.4480
vn 0.4041 -0.4083 -0.8185
vn 0.3821 -0.1046 -0.9182
vn 0.1722 -0.3964 -0.9018
vn 0.3555 -0.7197 -0.5963
vn 0.2109 -0.7159 -0.6655
vn 0.2623 -0.9123 -0.3144
vn 0.1931 -0.9171 -0.3486
vn 0.2007 -0.9750 -0.0949
vn 0.3495 -0.9082 -0.2303
vn 0.2319 -0.9699 -0.0738
vn 0.4380 -0.8884 -0.1376
vn 0.2516 -0.9671 -0.0373
vn 0.4821 -0.8749 -0.0468
vn -0.6858 -0.6285 -0.3670
vn -0.8668 -0.3411 -0.3637
vn -0.7977 -0.5923 -0.1133
vn -0.4012 -0.8732 -0.2766
vn -0.4964 -0.8617 -0.1054
vn -0.4915 -0.6016 -0.6297
vn -0.6417 -0.3222 -0.6960
vn -0.2466 -0.8612 -0.4445
vn -0.1133 -0.9844 -0.1344
vn -0.1575 -0.9865 -0.0452
vn 0.0929 -0.9950 -0.0366
vn -0.0237 -0.9735 -0.2273
vn 0.1127 -0.9910 -0.0725
vn 0.0616 -0.9479 -0.3127
vn 0.1446 -0.9850 -0.0937
vn 0.1311 -0.9284 -0.3476
vn -0.0945 -0.7985 -0.5945
vn 0.0447 -0.7458 -0.6646
vn -0.2454 -0.5204 -0.8179
vn -0.0277 -0.4315 -0.9017
vn -0.3245 -0.2278 -0.9181
vn 0.1738 -0.9848 0.0001
vn 0.1748 -0.9846 -0.0001
vn 0.1749 -0.9846 -0.0002
vn 0.1738 -0.9848 0.0003
vn 0.1740 -0.9848 0.0001
vn 0.1740 -0.9848 -0.0000
vn 0.1744 -0.9847 0.0002
vn 0.1744 -0.9847 -0.0001
vn 0.1739 -0.9848 -0.0002
vn 0.1742 -0.9847 -0.0004
vn 0.1746 -0.9846 0.0003
vn 0.1746 -0.9846 0.0001
vn 0.1742 -0.9847 0.0002
vn 0.1737 -0.9848 -0.0001
vn 0.1738 -0.9848 -0.0001
vn 0.1743 -0.9847 0.0002
vn 0.1738 -0.9848 -0.0002
vn -0.9053 0.2133 0.3674
vn -0.9720 0.2135 0.0982
vn -0.9231 -0.0635 0.3792
vn -0.7143 0.2141 0.6663
vn -0.7094 -0.0320 0.7040
vn -0.7720 0.5402 0.3349
vn -0.8160 0.5707 0.0920
vn -0.6688 0.4684 0.5773
vn -0.4257 0.2980 0.8544
vn -0.3905 0.0306 0.9201
vn -0.1626 0.3564 0.9201
vn -0.4455 0.5979 0.6664
vn -0.2129 0.6775 0.7041
vn -0.5104 0.7774 0.3675
vn -0.2565 0.8890 0.3793
vn -0.5336 0.8400 0.0982
vn -0.9053 0.2132 -0.3673
vn -0.9232 -0.0634 -0.3792
vn -0.9720 0.2135 -0.0982
vn -0.7721 0.5401 -0.3349
vn -0.8160 0.5707 -0.0920
vn -0.7144 0.2141 -0.6662
vn -0.7095 -0.0320 -0.7040
vn -0.6689 0.4684 -0.5773
vn -0.5103 0.7775 -0.3675
vn -0.5336 0.8400 -0.0982
vn -0.2565 0.8890 -0.3793
vn -0.4454 0.5980 -0.6664
vn -0.2129 0.6775 -0.7041
vn -0.4256 0.2980 -0.8544
vn -0.1626 0.3564 -0.9201
vn -0.3905 0.0306 -0.9201
vn 0.7775 0.5105 0.3673
vn 0.8890 0.2566 0.3792
vn 0.8401 0.5335 0.0981
vn 0.5403 0.7721 0.3346
vn 0.5710 0.8158 0.0918
vn 0.5977 0.4456 0.6665
vn 0.6774 0.2130 0.7041
vn 0.4677 0.6691 0.5776
vn 0.2129 0.9053 0.3675
vn 0.2133 0.9720 0.0982
vn -0.0638 0.9230 0.3794
vn 0.2136 0.7143 0.6665
vn -0.0319 0.7094 0.7041
vn 0.2976 0.4256 0.8546
vn 0.0308 0.3906 0.9201
vn 0.7775 0.5105 -0.3672
vn 0.8401 0.5335 -0.0980
vn 0.8891 0.2566 -0.3791
vn 0.5976 0.4456 -0.6665
vn 0.6773 0.2131 -0.7042
vn 0.5403 0.7721 -0.3346
vn 0.5710 0.8158 -0.0918
vn 0.4677 0.6691 -0.5776
vn 0.2974 0.4256 -0.8546
vn 0.3562 0.1627 -0.9201
vn 0.0307 0.3906 -0.9201
vn 0.2134 0.7143 -0.6665
vn -0.0319 0.7094 -0.7041
vn 0.2129 0.9053 -0.3675
vn -0.0638 0.9230 -0.3794
vn 0.2134 0.9720 -0.0982
vn -0.9054 0.2132 0.3672
vn -0.9721 0.2132 0.0980
vn -0.9232 -0.0634 0.3791
vn -0.7143 0.2140 0.6663
vn -0.7093 -0.0320 0.7041
vn -0.7719 0.5404 0.3348
vn -0.8160 0.5708 0.0919
vn -0.6688 0.4683 0.5774
vn -0.4255 0.2977 0.8546
vn -0.3904 0.0307 0.9201
vn -0.1625 0.3562 0.9202
vn -0.4456 0.5978 0.6664
vn -0.2131 0.6773 0.7042
vn -0.5105 0.7775 0.3673
vn -0.2569 0.8889 0.3792
vn -0.5337 0.8399 0.0982
vn -0.9742 0.2256 -0.0000
vn -0.9973 -0.0731 -0.0010
vn -0.9764 0.2160 -0.0001
vn -0.8193 0.5734 0.0019
vn -0.8194 0.5733 0.0019
vn -0.9974 -0.0719 -0.0000
vn -0.8193 0.5734 -0.0000
vn -0.5460 0.8378 -0.0001
vn -0.5380 0.8430 -0.0002
vn -0.2735 0.9619 -0.0010
vn -0.5461 0.8377 -0.0000
vn -0.2747 0.9615 -0.0000
vn -0.5461 0.8377 0.0001
vn -0.2736 0.9619 0.0010
vn -0.5379 0.8430 0.0002
vn -0.8194 0.5733 -0.0019
vn -0.9764 0.2160 0.0001
vn -0.9973 -0.0731 0.0010
vn -0.7776 -0.5103 0.3672
vn -0.8890 -0.2567 0.3791
vn -0.8400 -0.5336 0.0981
vn -0.5403 -0.7721 0.3344
vn -0.5709 -0.8159 0.0917
vn -0.5981 -0.4454 0.6663
vn -0.6774 -0.2130 0.7041
vn -0.4684 -0.6688 0.5773
vn -0.2130 -0.9055 0.3671
vn -0.2136 -0.9720 0.0980
vn 0.0636 -0.9231 0.3792
vn -0.2136 -0.7145 0.6663
vn 0.0322 -0.7094 0.7041
vn -0.2979 -0.4255 0.8545
vn -0.0307 -0.3905 0.9201
vn -0.3563 -0.1626 0.9201
vn -0.8380 -0.5456 -0.0001
vn -0.8431 -0.5377 -0.0002
vn -0.9620 -0.2732 -0.0010
vn -0.8380 -0.5457 -0.0000
vn -0.9617 -0.2742 -0.0000
vn -0.5733 -0.8194 0.0018
vn -0.5732 -0.8194 0.0018
vn -0.5733 -0.8194 -0.0000
vn -0.8380 -0.5457 0.0001
vn -0.9620 -0.2732 0.0010
vn -0.8431 -0.5378 0.0001
vn -0.5733 -0.8193 -0.0018
vn -0.2256 -0.9742 -0.0000
vn -0.2166 -0.9763 0.0002
vn 0.0729 -0.9973 0.0010
vn -0.2258 -0.9742 -0.0000
vn 0.0717 -0.9974 -0.0000
vn -0.2257 -0.9742 -0.0001
vn 0.0728 -0.9973 -0.0010
vn -0.2164 -0.9763 -0.0001
vn -0.7655 -0.5305 -0.3640
vn -0.8279 -0.5523 -0.0971
vn -0.8812 -0.2836 -0.3783
vn -0.5882 -0.4657 -0.6611
vn -0.6706 -0.2383 -0.7025
vn -0.5289 -0.7818 -0.3302
vn -0.5596 -0.8238 -0.0905
vn -0.4579 -0.6815 -0.5709
vn -0.2919 -0.4409 -0.8488
vn -0.3518 -0.1821 -0.9182
vn -0.0281 -0.4010 -0.9156
vn -0.2077 -0.7224 -0.6596
vn 0.0339 -0.7143 -0.6990
vn -0.2072 -0.9083 -0.3633
vn 0.0649 -0.9241 -0.3766
vn 0.9008 -0.2361 -0.3643
vn 0.9250 0.0355 -0.3783
vn 0.9670 -0.2353 -0.0974
vn 0.7645 -0.5534 -0.3307
vn 0.8081 -0.5820 -0.0908
vn 0.7122 -0.2361 -0.6611
vn 0.7119 0.0060 -0.7023
vn 0.6636 -0.4832 -0.5710
vn 0.5059 -0.7822 -0.3636
vn 0.5290 -0.8430 -0.0972
vn 0.2557 -0.8903 -0.3767
vn 0.4427 -0.6075 -0.6596
vn 0.2129 -0.6827 -0.6990
vn 0.4252 -0.3144 -0.8487
vn 0.1636 -0.3671 -0.9157
vn 0.3929 -0.0506 -0.9182
vn -0.0666 0.3767 0.9239
vn -0.1231 0.6964 0.7070
vn -0.1608 0.9098 0.3826
vn 0.1608 -0.9098 0.3825
vn 0.1231 -0.6964 0.7070
vn 0.0666 -0.3769 0.9239
vn 0.1230 -0.6964 0.7070
vn -0.1231 0.6965 0.7070
vn 0.1231 -0.6964 0.7071
vn 0.1608 -0.9098 0.3827
vn -0.8194 0.5733 -0.0000
vn 0.5736 0.8192 -0.0000
vn -0.5596 -0.8238 0.0905
vn -0.8279 -0.5524 0.0971
vn -0.7978 -0.5923 0.1132
vn -0.4964 -0.8617 0.1054
vn -0.1575 -0.9865 0.0452
vn -0.1771 0.9790 0.1009
vn -0.1893 0.9787 0.0800
vn -0.1943 0.9800 0.0428
vn 0.8432 0.5376 -0.0001
vn 0.5734 0.8193 0.0019
vn -0.0755 0.9971 -0.0009
vn -0.8431 -0.5378 -0.0001
vn -0.5734 -0.8193 0.0018
vn -0.2166 -0.9763 -0.0002
vn 0.5291 -0.8430 0.0972
vn 0.8081 -0.5820 0.0908
vn 0.9670 -0.2352 0.0974
vn 0.9509 -0.2877 0.1140
vn 0.7578 -0.6435 0.1080
vn 0.4821 -0.8749 0.0468
vn -0.5378 0.8431 -0.0002
vn 0.9764 -0.2158 0.0001
vn 0.8196 -0.5729 0.0018
vn 0.5374 -0.8433 -0.0002
vn -0.1163 0.0814 -0.9899
vn -0.0297 0.0208 -0.9993
vn 0.0171 -0.0965 -0.9952
vn -0.0814 -0.1163 -0.9899
vn 0.0734 -0.9922 -0.1005
vn 0.1732 -0.9800 -0.0982
vn 0.0208 0.0297 -0.9993
vn 0.0171 -0.0966 -0.9952
vn -0.0170 0.0964 -0.9952
vn -0.0170 0.0965 -0.9952
vn 0.1697 -0.9804 0.1004
vn 0.1759 -0.9792 0.1009
vn 0.1742 -0.9847 0.0001
vn 0.1090 -0.1068 0.9883
vn -0.0662 -0.1375 0.9883
vn -0.0789 -0.1300 0.9884
vn 0.1185 -0.0951 0.9884
vn 0.1732 -0.9800 -0.0981
vn 0.1732 -0.9800 -0.0980
vn 0.9612 0.2460 -0.1246
vn 0.9574 0.2709 -0.1003
vn 0.9574 0.2708 0.1004
vn 0.9578 0.2707 0.0965
vn -0.9573 -0.2710 -0.1003
vn -0.9922 -0.0734 -0.1003
vn -0.1163 0.0813 -0.9899
vn -0.2731 0.9620 -0.0029
vn -0.2458 0.9613 -0.1245
vn -0.2713 0.9572 -0.1005
vn -0.2712 0.9625 0.0010
vn 0.2705 -0.9627 0.0009
vn 0.2707 -0.9574 -0.1003
vn 0.9626 0.2709 0.0010
vn 0.9971 0.0755 0.0009
vn 0.9922 0.0734 -0.1003
vn 0.9573 0.2711 -0.1002
vn -0.0985 0.9873 -0.1245
vn -0.0854 0.9961 0.0225
vn -0.1732 0.9800 -0.0980
vn -0.0737 0.9922 -0.1005
vn -0.2709 0.9573 0.1004
vn -0.0756 0.9971 0.0009
vn -0.0735 0.9922 -0.1006
vn -0.1732 0.9800 -0.0982
vn -0.1116 0.0825 0.9903
vn 0.0686 0.1276 0.9894
vn -0.9927 -0.0731 0.0955
vn -0.9922 -0.0733 0.1004
vn -0.9922 -0.0734 -0.1004
vn -0.9873 -0.0984 -0.1246
vn 0.2979 0.4256 -0.8545
vn 0.3563 0.1627 -0.9201
vn 0.0307 0.3903 -0.9202
vn 0.5978 0.4456 -0.6664
vn 0.6772 0.2131 -0.7042
vn 0.2139 0.7144 -0.6663
vn -0.0318 0.7095 -0.7040
vn 0.4681 0.6690 -0.5773
vn 0.7774 0.5106 -0.3673
vn 0.8400 0.5336 -0.0980
vn 0.8890 0.2568 -0.3792
vn 0.5400 0.7722 -0.3348
vn 0.5707 0.8160 -0.0920
vn 0.2131 0.9053 -0.3674
vn -0.0634 0.9232 -0.3792
vn 0.2132 0.9721 -0.0983
vn -0.7200 0.2763 -0.6365
vn -0.9525 0.1896 -0.2382
vn -0.8635 -0.0236 -0.5037
vn -0.6426 0.4495 -0.6205
vn -0.6884 0.4818 -0.5422
vn -0.4672 0.2862 -0.8365
vn -0.4843 0.0931 -0.8699
vn -0.5589 0.3905 -0.7315
vn -0.5060 0.5818 -0.6368
vn -0.2735 0.8194 -0.5037
vn -0.5045 0.8300 -0.2380
vn -0.4288 0.3405 -0.8368
vn -0.2533 0.4233 -0.8699
vn -0.2761 0.1932 -0.9415
vn -0.2123 0.0438 -0.9762
vn -0.1136 0.1848 -0.9762
vn 0.2253 0.9743 0.0001
vn -0.0733 0.9973 -0.0009
vn 0.5733 0.8193 -0.0000
vn 0.5733 0.8193 -0.0019
vn 0.9620 0.2732 0.0009
vn 0.8431 0.5377 0.0001
vn 0.8380 0.5457 -0.0000
vn 0.9617 0.2742 -0.0000
vn 0.8379 0.5458 0.0001
vn -0.9136 0.2519 0.3191
vn -0.9311 -0.0391 0.3626
vn -0.9721 0.2162 0.0916
vn -0.7014 0.3242 0.6348
vn -0.7142 0.0219 0.6996
vn -0.7416 0.6395 0.2027
vn -0.8042 0.5911 0.0619
vn -0.8340 0.4049 0.3749
vn -0.3849 0.3454 0.8559
vn -0.1567 0.3602 0.9196
vn -0.3785 0.0585 0.9237
vn -0.3315 0.7121 0.6188
vn -0.1870 0.7004 0.6888
vn -0.4629 0.4705 0.7513
vn -0.2251 0.9226 0.3133
vn -0.1759 0.9148 0.3637
vn -0.2650 0.9418 0.2067
vn -0.3765 0.9013 0.2141
vn -0.2663 0.9592 0.0953
vn -0.2163 0.9761 0.0206
vn -0.3730 0.9227 0.0973
vn -0.2522 0.9675 0.0164
vn -0.4736 0.8786 0.0609
vn -0.5204 0.8538 0.0137
vn -0.2725 0.9622 0.0039
vn 0.5814 0.5065 -0.6368
vn 0.8191 0.2739 -0.5041
vn 0.8297 0.5048 -0.2383
vn 0.3402 0.4288 -0.8369
vn 0.4232 0.2534 -0.8699
vn 0.4500 0.6422 -0.6205
vn 0.4820 0.6884 -0.5420
vn 0.3913 0.5580 -0.7318
vn 0.1931 0.2759 -0.9416
vn 0.0436 0.2125 -0.9762
vn 0.1846 0.1138 -0.9762
vn 0.2862 0.4665 -0.8369
vn 0.0930 0.4846 -0.8698
vn 0.2766 0.7195 -0.6370
vn 0.1899 0.9524 -0.2384
vn -0.0237 0.8634 -0.5040
vn 0.8033 0.5015 0.3213
vn 0.8450 0.5243 0.1054
vn 0.8893 0.2819 0.3602
vn 0.6099 0.7385 0.2875
vn 0.5788 0.8073 0.1151
vn 0.6427 0.5098 0.5719
vn 0.6729 0.2814 0.6842
vn 0.5415 0.7267 0.4227
vn 0.3364 0.9117 0.2361
vn 0.0014 0.9952 0.0977
vn 0.2222 0.9706 0.0923
vn 0.3534 0.8938 0.2760
vn 0.0567 0.9916 0.1166
vn 0.2536 0.9305 0.2643
vn -0.0058 0.9663 0.2574
vn -0.0044 0.9970 0.0770
vn 0.3582 0.7797 0.5136
vn 0.0596 0.7933 0.6059
vn 0.3737 0.5258 0.7641
vn 0.3446 0.2188 0.9129
vn 0.0668 0.4509 0.8901
vn 0.4256 -0.2979 -0.8545
vn 0.1627 -0.3565 -0.9200
vn 0.1163 -0.0814 -0.9899
vn 0.3906 -0.0307 -0.9201
vn 0.4452 -0.5979 -0.6665
vn 0.2128 -0.6774 -0.7041
vn 0.7144 -0.2139 -0.6662
vn 0.7094 0.0320 -0.7040
vn 0.6691 -0.4682 -0.5772
vn 0.5104 -0.7775 -0.3675
vn 0.5332 -0.8402 -0.0982
vn 0.2563 -0.8891 -0.3793
vn 0.7724 -0.5398 -0.3347
vn 0.8160 -0.5707 -0.0921
vn 0.9054 -0.2131 -0.3671
vn 0.9232 0.0634 -0.3791
vn 0.9721 -0.2132 -0.0982
vn 0.5451 -0.8383 0.0001
vn 0.2728 -0.9621 -0.0009
vn 0.8195 -0.5730 0.0018
vn 0.5453 -0.8382 -0.0000
vn 0.2741 -0.9617 -0.0000
vn 0.9743 -0.2253 -0.0001
vn 0.8194 -0.5732 -0.0019
vn 0.2729 -0.9620 0.0009
vn 0.8538 -0.3655 0.3707
vn 0.9312 -0.0275 0.3635
vn 0.6611 -0.4045 0.6319
vn 0.7124 -0.0872 0.6963
vn 0.6673 -0.6896 0.2815
vn 0.5175 -0.7291 0.4480
vn 0.4041 -0.4083 0.8185
vn 0.1722 -0.3964 0.9018
vn 0.3821 -0.1046 0.9182
vn 0.3556 -0.7197 0.5963
vn 0.2109 -0.7159 0.6655
vn 0.2623 -0.9123 0.3144
vn 0.2007 -0.9751 0.0949
vn 0.1932 -0.9171 0.3487
vn 0.3495 -0.9082 0.2303
vn 0.2319 -0.9699 0.0737
vn 0.4380 -0.8884 0.1376
vn 0.2516 -0.9671 0.0372
vn -0.6859 -0.6284 0.3670
vn -0.8668 -0.3411 0.3636
vn -0.4013 -0.8732 0.2766
vn -0.4916 -0.6016 0.6297
vn -0.6417 -0.3222 0.6960
vn -0.2467 -0.8611 0.4445
vn -0.1133 -0.9844 0.1344
vn 0.0929 -0.9950 0.0366
vn -0.0237 -0.9735 0.2273
vn 0.1126 -0.9910 0.0725
vn 0.0615 -0.9479 0.3127
vn 0.1311 -0.9284 0.3476
vn 0.1446 -0.9850 0.0937
vn -0.0946 -0.7985 0.5945
vn 0.0446 -0.7458 0.6646
vn -0.2454 -0.5204 0.8179
vn -0.3245 -0.2278 0.9181
vn -0.0277 -0.4316 0.9017
vn 0.1739 -0.9848 -0.0001
vn 0.1749 -0.9846 0.0002
vn 0.1747 -0.9846 0.0002
vn 0.1738 -0.9848 -0.0003
vn 0.1744 -0.9847 0.0001
vn 0.1744 -0.9847 -0.0002
vn 0.1740 -0.9847 0.0002
vn 0.1742 -0.9847 0.0004
vn 0.1744 -0.9847 -0.0003
vn 0.1742 -0.9847 -0.0001
vn 0.1743 -0.9847 -0.0000
vn 0.1741 -0.9847 -0.0002
vn 0.1739 -0.9848 0.0001
vn 0.1743 -0.9847 -0.0002
vn 0.1741 -0.9847 0.0002
vn 0.1745 -0.9847 -0.0000
vn 0.1744 -0.9847 -0.0000
vn -0.9053 0.2133 -0.3674
vn -0.9232 -0.0635 -0.3792
vn -0.7143 0.2141 -0.6663
vn -0.7720 0.5402 -0.3349
vn -0.6688 0.4684 -0.5773
vn -0.4454 0.5979 -0.6664
vn -0.5104 0.7774 -0.3675
vn -0.9053 0.2132 0.3673
vn -0.9720 0.2134 0.0982
vn -0.9231 -0.0634 0.3792
vn -0.7721 0.5401 0.3349
vn -0.7144 0.2141 0.6662
vn -0.7095 -0.0320 0.7040
vn -0.6689 0.4684 0.5773
vn -0.5103 0.7775 0.3675
vn -0.5335 0.8401 0.0982
vn -0.4455 0.5980 0.6663
vn -0.2129 0.6775 0.7040
vn -0.3906 0.0306 0.9201
vn 0.8401 0.5335 -0.0981
vn 0.8890 0.2566 -0.3792
vn 0.5404 0.7720 -0.3346
vn 0.6774 0.2131 -0.7041
vn 0.4678 0.6690 -0.5775
vn 0.2130 0.9053 -0.3675
vn 0.2137 0.7142 -0.6665
vn -0.0318 0.7094 -0.7041
vn 0.2976 0.4256 -0.8546
vn 0.3563 0.1628 -0.9201
vn 0.0308 0.3906 -0.9201
vn 0.7776 0.5104 0.3672
vn 0.8890 0.2566 0.3791
vn 0.6773 0.2131 0.7042
vn 0.5404 0.7720 0.3346
vn 0.5711 0.8158 0.0918
vn 0.4677 0.6691 0.5775
vn 0.2974 0.4256 0.8546
vn 0.0307 0.3906 0.9201
vn 0.3562 0.1627 0.9201
vn 0.2134 0.7143 0.6665
vn -0.0320 0.7094 0.7041
vn 0.2134 0.9720 0.0982
vn -0.9054 0.2132 -0.3673
vn -0.9232 -0.0634 -0.3791
vn -0.9721 0.2132 -0.0981
vn -0.7143 0.2140 -0.6663
vn -0.7093 -0.0320 -0.7042
vn -0.7719 0.5404 -0.3348
vn -0.8160 0.5708 -0.0919
vn -0.6688 0.4683 -0.5774
vn -0.4255 0.2977 -0.8546
vn -0.1625 0.3562 -0.9202
vn -0.3904 0.0307 -0.9201
vn -0.4456 0.5978 -0.6664
vn -0.2131 0.6773 -0.7042
vn -0.5105 0.7775 -0.3673
vn -0.5337 0.8399 -0.0982
vn -0.2569 0.8889 -0.3792
vn -0.8193 0.5734 -0.0019
vn -0.5460 0.8378 0.0001
vn -0.2735 0.9619 0.0010
vn -0.5380 0.8430 0.0002
vn -0.5461 0.8377 -0.0001
vn -0.8193 0.5733 0.0019
vn -0.7776 -0.5103 -0.3673
vn -0.8401 -0.5336 -0.0981
vn -0.8890 -0.2567 -0.3792
vn -0.5403 -0.7721 -0.3345
vn -0.5709 -0.8159 -0.0917
vn -0.5981 -0.4454 -0.6663
vn -0.6773 -0.2131 -0.7042
vn -0.4684 -0.6689 -0.5773
vn -0.2129 -0.9055 -0.3671
vn 0.0637 -0.9231 -0.3792
vn -0.2135 -0.9720 -0.0980
vn -0.2136 -0.7145 -0.6662
vn 0.0322 -0.7094 -0.7041
vn -0.2980 -0.4255 -0.8545
vn -0.3563 -0.1626 -0.9201
vn -0.0307 -0.3905 -0.9201
vn -0.8431 -0.5377 0.0002
vn -0.8379 -0.5458 -0.0000
vn -0.5732 -0.8194 -0.0018
vn -0.5733 -0.8194 -0.0018
vn -0.5731 -0.8195 -0.0000
vn -0.8379 -0.5458 -0.0001
vn 0.0729 -0.9973 -0.0010
vn 0.0716 -0.9974 -0.0000
vn -0.2256 -0.9742 0.0001
vn -0.2164 -0.9763 0.0001
vn 0.0728 -0.9973 0.0010
vn -0.7655 -0.5306 0.3640
vn -0.8812 -0.2837 0.3783
vn -0.5882 -0.4658 0.6611
vn -0.6707 -0.2383 0.7024
vn -0.5289 -0.7818 0.3302
vn -0.4579 -0.6815 0.5709
vn -0.2919 -0.4409 0.8487
vn -0.0281 -0.4010 0.9156
vn -0.3519 -0.1821 0.9182
vn -0.2078 -0.7224 0.6596
vn 0.0338 -0.7143 0.6990
vn -0.2073 -0.9083 0.3633
vn 0.0649 -0.9241 0.3766
vn 0.9008 -0.2361 0.3643
vn 0.9250 0.0355 0.3783
vn 0.7645 -0.5534 0.3307
vn 0.7122 -0.2361 0.6611
vn 0.7119 0.0060 0.7023
vn 0.6636 -0.4833 0.5710
vn 0.5059 -0.7822 0.3636
vn 0.2557 -0.8903 0.3767
vn 0.4427 -0.6075 0.6596
vn 0.2129 -0.6827 0.6990
vn 0.4253 -0.3144 0.8487
vn 0.3929 -0.0506 0.9182
vn 0.1636 -0.3671 0.9157
vn -0.0666 0.3767 -0.9239
vn -0.1231 0.6964 -0.7070
vn -0.1608 0.9098 -0.3826
vn 0.1608 -0.9098 -0.3825
vn 0.1231 -0.6964 -0.7070
vn 0.0666 -0.3769 -0.9239
vn 0.1230 -0.6964 -0.7070
vn -0.1231 0.6965 -0.7070
vn -0.0666 0.3768 -0.9239
vn 0.1231 -0.6964 -0.7071
vn 0.1608 -0.9098 -0.3827
vn -0.2209 0.9741 -0.0475
vn 0.0083 0.9837 0.1794
vn 0.0213 0.9998 0.0008
vn -0.0340 0.1922 0.9808
vn -0.3626 0.9319 -0.0000
vn 0.0210 0.9998 -0.0000
vn 0.9213 0.3452 0.1792
vn 0.9659 0.1707 0.1949
vn 0.9318 0.3629 0.0002
vn -0.1832 0.9631 -0.1973
vn -0.1704 0.9659 0.1951
vn -0.2411 0.9510 -0.1938
vn -0.3908 0.9073 -0.1550
vn -0.3449 0.9213 0.1794
vn -0.9838 0.0081 0.1793
vn -0.9907 -0.0017 -0.1361
vn -0.9724 -0.1711 -0.1585
vn -0.9659 -0.1707 0.1949
vn 0.1921 0.0339 0.9808
vn 0.1454 0.2078 0.9673
vn 0.9318 0.3631 -0.0000
vn -0.9659 -0.1700 -0.1951
vn -0.9939 0.0029 -0.1102
vn -0.9998 0.0217 -0.0000
vn -0.1881 0.2297 -0.9549
vn -0.1927 -0.0306 -0.9808
vn -0.0595 -0.0070 -0.9982
vn -0.0930 0.1891 -0.9775
vn -0.3324 -0.0551 -0.9415
vn -0.5227 -0.0886 -0.8479
vn -0.5287 0.0760 -0.8454
vn -0.3571 0.1329 -0.9246
vn -0.2137 0.9564 -0.1993
vn -0.1705 0.9659 0.1951
vn -0.2284 0.1621 -0.9600
vn -0.1995 -0.0318 -0.9794
vn -0.0339 0.1922 0.9808
vn -0.3768 0.2637 0.8880
vn -0.3821 0.0935 0.9194
vn -0.2079 0.1454 0.9673
vn -0.2188 0.3270 0.9194
vn -0.4745 0.8179 0.3253
vn -0.3160 0.8778 0.3600
vn -0.5144 0.8427 0.1586
vn -0.9311 0.1654 0.3251
vn -0.9681 0.1942 0.1585
vn -0.9330 -0.0039 0.3598
vn 0.2634 0.3768 0.8881
vn 0.0934 0.3820 0.9194
vn 0.3268 0.2188 0.9194
vn 0.8179 0.4749 0.3248
vn 0.8779 0.3162 0.3597
vn 0.8425 0.5150 0.1583
vn 0.1654 0.9311 0.3252
vn 0.1946 0.9680 0.1586
vn -0.0040 0.9329 0.3600
vn -0.5664 0.7734 -0.2848
vn -0.5553 0.8232 -0.1184
vn -0.4240 0.8416 -0.3347
vn -0.6458 0.1582 -0.7469
vn -0.5498 0.2250 -0.8044
vn -0.6530 0.0209 -0.7570
vn -0.9569 0.1064 -0.2702
vn -0.9552 -0.0313 -0.2943
vn -0.9759 0.1565 -0.1520
vn -0.4655 0.8830 -0.0605
vn -0.3278 0.9298 -0.1675
vn -0.2228 0.9270 -0.3017
vn -0.7572 0.5600 -0.3362
vn -0.6178 0.6019 -0.5059
vn -0.6181 0.6019 -0.5057
vn -0.3768 -0.0666 0.9239
vn -0.1921 -0.0339 0.9808
vn -0.9099 -0.1608 0.3824
vn 0.9099 0.1608 0.3824
vn 0.3767 0.0666 0.9239
vn 0.8431 0.5378 -0.0000
vn 0.8429 0.5380 0.0003
vn 0.2158 0.9764 0.0008
vn 0.2153 0.9766 -0.0000
vn -0.0666 0.3769 0.9239
vn -0.9099 -0.1594 -0.3830
vn -0.3774 -0.0634 -0.9239
vn -0.9358 -0.1639 -0.3121
vn -0.6483 -0.1109 -0.7532
vn -0.1606 0.9098 0.3827
vn -0.1609 0.9098 0.3827
vn -0.0668 0.3770 0.9238
vn -0.1605 0.9099 0.3826
vn -0.0664 0.3769 0.9239
vn -0.1841 0.9093 -0.3732
vn -0.2364 0.8976 -0.3721
vn -0.2617 0.3501 -0.8994
vn -0.1262 0.3800 -0.9163
vn -0.2884 0.8839 -0.3682
vn -0.3825 0.3140 -0.8690
vn -0.3608 0.5721 -0.7365
vn -0.5374 0.8433 -0.0000
vn -0.9764 0.2162 0.0007
vn -0.9764 0.2162 -0.0000
vn 0.0084 0.9837 -0.1794
vn -0.2209 0.9741 0.0475
vn 0.0213 0.9998 -0.0008
vn -0.0340 0.1922 -0.9808
vn 0.9658 0.1707 -0.1950
vn 0.9213 0.3452 -0.1792
vn 0.9318 0.3629 -0.0002
vn -0.1832 0.9631 0.1973
vn -0.1705 0.9659 -0.1951
vn -0.3450 0.9213 -0.1794
vn -0.3908 0.9073 0.1550
vn -0.2411 0.9510 0.1938
vn -0.9724 -0.1711 0.1585
vn -0.9907 -0.0017 0.1361
vn -0.9838 0.0081 -0.1793
vn -0.9658 -0.1707 -0.1950
vn 0.1921 0.0339 -0.9808
vn 0.1454 0.2078 -0.9673
vn -0.9939 0.0029 0.1102
vn -0.9660 -0.1700 0.1950
vn -0.0595 -0.0070 0.9982
vn -0.1927 -0.0306 0.9808
vn -0.1880 0.2297 0.9549
vn -0.0930 0.1891 0.9775
vn -0.5287 0.0760 0.8454
vn -0.5227 -0.0886 0.8479
vn -0.3324 -0.0551 0.9415
vn -0.3571 0.1329 0.9246
vn -0.2137 0.9564 0.1993
vn -0.1995 -0.0318 0.9794
vn -0.2284 0.1621 0.9600
vn -0.0339 0.1922 -0.9808
vn -0.3768 0.2637 -0.8880
vn -0.2188 0.3270 -0.9194
vn -0.2079 0.1454 -0.9673
vn -0.3821 0.0935 -0.9194
vn -0.4746 0.8179 -0.3252
vn -0.5145 0.8427 -0.1586
vn -0.3161 0.8778 -0.3600
vn -0.9311 0.1654 -0.3251
vn -0.9330 -0.0039 -0.3598
vn -0.9681 0.1942 -0.1585
vn 0.2634 0.3768 -0.8881
vn 0.3268 0.2188 -0.9194
vn 0.0934 0.3821 -0.9194
vn 0.8180 0.4748 -0.3248
vn 0.8425 0.5149 -0.1583
vn 0.8779 0.3162 -0.3597
vn 0.1656 0.9311 -0.3252
vn -0.0039 0.9329 -0.3600
vn 0.1946 0.9680 -0.1586
vn -0.5664 0.7734 0.2848
vn -0.4240 0.8415 0.3347
vn -0.5553 0.8232 0.1184
vn -0.6459 0.1582 0.7469
vn -0.6531 0.0209 0.7570
vn -0.5498 0.2250 0.8044
vn -0.9569 0.1064 0.2702
vn -0.9759 0.1565 0.1520
vn -0.9552 -0.0313 0.2943
vn -0.3278 0.9298 0.1675
vn -0.4655 0.8830 0.0605
vn -0.2228 0.9270 0.3017
vn -0.7574 0.5599 0.3360
vn -0.6181 0.6019 0.5057
vn -0.6178 0.6020 0.5059
vn -0.1921 -0.0339 -0.9808
vn -0.3768 -0.0666 -0.9239
vn -0.9099 -0.1608 -0.3825
vn 0.9099 0.1608 -0.3825
vn 0.3768 0.0666 -0.9239
vn 0.8429 0.5380 -0.0003
vn 0.2158 0.9764 -0.0008
vn -0.1608 0.9098 -0.3827
vn -0.9099 -0.1594 0.3830
vn -0.3774 -0.0634 0.9239
vn -0.9358 -0.1639 0.3121
vn -0.6483 -0.1109 0.7532
vn -0.1606 0.9098 -0.3827
vn -0.1609 0.9098 -0.3827
vn -0.0668 0.3769 -0.9238
vn -0.1605 0.9099 -0.3826
vn -0.0664 0.3769 -0.9239
vn -0.1841 0.9093 0.3732
vn -0.2363 0.8976 0.3721
vn -0.1262 0.3800 0.9163
vn -0.2617 0.3501 0.8994
vn -0.2884 0.8839 0.3682
vn -0.3825 0.3140 0.8690
vn -0.3607 0.5722 0.7366
vn -0.9764 0.2162 -0.0007
vn 0.9994 -0.0220 0.0255
vn 0.9974 0.0256 0.0672
vn 0.9270 0.3681 -0.0714
vn 0.9191 0.3937 -0.0145
vn 0.0072 -0.9965 0.0828
vn 0.3426 -0.9358 0.0831
vn 0.3156 -0.9305 0.1858
vn 0.0399 -0.9797 0.1967
vn 0.1930 -0.0759 -0.9783
vn -0.1553 -0.1375 -0.9783
vn -0.1932 0.0760 -0.9782
vn 0.1554 0.1376 -0.9782
vn -0.0548 -0.9314 0.3599
vn 0.3707 -0.8561 0.3600
vn 0.0028 0.9942 -0.1080
vn -0.3479 0.9313 -0.1081
vn -0.3157 0.9305 0.1859
vn -0.0385 0.9797 0.1965
vn -0.3639 0.8481 -0.3852
vn 0.0505 0.9213 -0.3856
vn 0.3162 -0.9303 0.1861
vn 0.0386 -0.9797 0.1965
vn -0.0020 -0.9941 -0.1082
vn 0.3471 -0.9315 -0.1082
vn 0.1386 0.2075 0.9684
vn -0.2025 0.1452 0.9685
vn -0.1381 -0.2073 0.9685
vn 0.2025 -0.1454 0.9684
vn -0.3162 0.9303 0.1859
vn -0.0389 0.9797 0.1965
vn -0.0068 0.9965 0.0830
vn -0.3435 0.9355 0.0831
vn 0.9090 0.3723 0.1872
vn 0.9818 -0.0424 0.1852
vn 0.9819 -0.0420 0.1847
vn 0.9983 -0.0573 -0.0144
vn 0.9322 0.3610 0.0253
vn 0.9097 0.3708 0.1868
vn 0.2024 -0.1454 0.9684
vn 0.1383 0.2075 0.9684
vn -0.2024 0.1452 0.9685
vn -0.1385 -0.2075 0.9684
vn -0.9819 0.0418 0.1848
vn -0.9995 0.0213 0.0254
vn -0.9196 -0.3925 -0.0145
vn -0.9096 -0.3712 0.1868
vn -0.9982 0.0583 -0.0145
vn -0.9970 0.0282 -0.0716
vn -0.9459 -0.3173 0.0673
vn -0.9322 -0.3610 0.0255
vn -0.9897 -0.0332 -0.1393
vn -0.9539 -0.2795 0.1096
vn -0.9745 -0.0990 -0.2013
vn -0.9598 -0.2381 0.1489
vn -0.9608 -0.1956 0.1967
vn -0.9606 -0.1548 -0.2309
vn -0.9555 -0.1837 -0.2308
vn -0.9697 -0.1454 0.1965
vn -0.1827 0.0520 0.9818
vn 0.1534 0.1115 0.9819
vn 0.1825 -0.0523 0.9818
vn -0.1538 -0.1117 0.9818
vn -0.1125 -0.7183 0.6866
vn 0.3524 -0.6360 0.6865
vn 0.3629 -0.8481 -0.3861
vn -0.0505 -0.9212 -0.3858
vn -0.1499 -0.3927 0.9074
vn 0.2754 -0.3177 0.9073
vn 0.3400 -0.6397 -0.6894
vn -0.1008 -0.7175 -0.6892
vn 0.9608 0.1956 0.1962
vn 0.9598 0.2379 0.1487
vn 0.9746 0.0992 -0.2010
vn 0.9606 0.1548 -0.2310
vn 0.2735 -0.3436 -0.8984
vn -0.1395 -0.4164 -0.8984
vn 0.9540 0.2792 0.1090
vn 0.9898 0.0336 -0.1387
vn -0.3708 0.8560 0.3603
vn 0.0557 0.9311 0.3604
vn 0.9460 0.3171 0.0669
vn 0.9971 -0.0270 -0.0711
vn -0.2753 0.3172 0.9075
vn 0.1497 0.3922 0.9076
vn -0.3522 0.6354 0.6872
vn 0.1138 0.7176 0.6871
vn -0.2740 0.3440 -0.8981
vn 0.1394 0.4168 -0.8983
vn 0.9832 0.1054 0.1487
vn 0.9697 0.1456 0.1962
vn 0.9555 0.1838 -0.2309
vn 0.9495 0.2408 -0.2011
vn -0.3408 0.6401 -0.6886
vn 0.1003 0.7178 -0.6889
vn 0.9919 0.0642 0.1093
vn 0.9412 0.3079 -0.1392
vn -0.9974 -0.0263 0.0669
vn -0.9274 -0.3673 -0.0713
vn -0.9919 -0.0646 0.1091
vn -0.9413 -0.3076 -0.1391
vn -0.9833 -0.1054 0.1485
vn -0.9495 -0.2407 -0.2012
vn -0.7882 -0.5017 0.3565
vn -0.8699 -0.3173 0.3775
vn -0.9098 -0.3707 0.1869
vn -0.8156 -0.5529 0.1707
vn -0.2222 -0.3901 0.8936
vn -0.0779 -0.3917 0.9168
vn -0.3022 -0.2371 0.9233
vn -0.0655 -0.9239 0.3770
vn -0.0959 -0.9782 0.1845
vn 0.0531 -0.9183 0.3923
vn -0.9139 0.2098 0.3476
vn -0.9529 0.2510 0.1704
vn -0.9819 0.0425 0.1845
vn -0.9275 0.0037 0.3739
vn -0.4230 0.8429 0.3325
vn -0.2877 0.8825 0.3721
vn -0.4587 0.8738 0.1614
vn -0.3497 0.2801 0.8940
vn -0.3686 0.1137 0.9226
vn -0.2084 0.3374 0.9180
vn 0.4253 -0.8420 0.3319
vn 0.2889 -0.8822 0.3719
vn 0.4584 -0.8740 0.1613
vn 0.3497 -0.2801 0.8940
vn 0.3687 -0.1134 0.9226
vn 0.2083 -0.3374 0.9180
vn 0.9125 -0.2112 0.3503
vn 0.9527 -0.2510 0.1715
vn 0.9270 -0.0043 0.3751
vn 0.0681 0.9241 0.3760
vn 0.0987 0.9780 0.1840
vn -0.0518 0.9185 0.3919
vn 0.7870 0.5028 0.3575
vn 0.8696 0.3175 0.3781
vn 0.8136 0.5556 0.1713
vn 0.2243 0.3905 0.8929
vn 0.0787 0.3919 0.9166
vn 0.3035 0.2370 0.9229
vn 0.4256 -0.8413 0.3333
vn 0.2891 -0.8818 0.3726
vn 0.4597 -0.8732 0.1620
vn 0.3685 -0.1135 0.9227
vn 0.2083 -0.3375 0.9180
vn 0.9132 -0.2101 0.3492
vn 0.9530 -0.2502 0.1709
vn 0.9274 -0.0038 0.3740
vn -0.0681 -0.9242 0.3759
vn -0.0985 -0.9780 0.1839
vn 0.0518 -0.9186 0.3918
vn -0.7876 -0.5023 0.3569
vn -0.8699 -0.3179 0.3771
vn -0.8147 -0.5542 0.1709
vn -0.2243 -0.3904 0.8929
vn -0.0788 -0.3919 0.9166
vn -0.3035 -0.2369 0.9229
vn 0.7880 0.5016 0.3571
vn 0.8701 0.3172 0.3773
vn 0.8153 0.5532 0.1710
vn 0.2236 0.3905 0.8930
vn 0.0785 0.3919 0.9166
vn 0.3030 0.2369 0.9231
vn 0.0681 0.9242 0.3759
vn 0.0979 0.9781 0.1839
vn -0.0518 0.9186 0.3918
vn -0.9130 0.2101 0.3497
vn -0.9530 0.2498 0.1714
vn -0.9273 0.0039 0.3742
vn -0.4251 0.8419 0.3325
vn -0.2887 0.8821 0.3722
vn -0.4598 0.8732 0.1615
vn -0.3492 0.2794 0.8944
vn -0.3683 0.1131 0.9228
vn -0.2082 0.3371 0.9182
vn 0.8266 0.5606 -0.0494
vn 0.8584 0.4915 -0.1467
vn 0.1555 0.9859 -0.0619
vn 0.2543 0.9148 -0.3139
vn -0.9748 0.1674 -0.1473
vn -0.9679 0.2465 -0.0495
vn -0.5536 0.7715 -0.3135
vn -0.4989 0.8645 -0.0618
vn 0.8814 0.4042 -0.2445
vn 0.3301 0.7012 -0.6319
vn -0.9664 0.0780 -0.2448
vn -0.5514 0.5456 -0.6311
vn 0.8909 0.3071 -0.3347
vn 0.3476 0.3819 -0.8563
vn -0.9421 -0.0168 -0.3350
vn -0.4578 0.2396 -0.8562
vn 0.8878 0.2073 -0.4109
vn 0.3154 0.1193 -0.9414
vn -0.9050 -0.1095 -0.4111
vn -0.3372 0.0040 -0.9414
vn 0.8966 0.1288 0.4237
vn 0.9364 0.0330 0.3494
vn 0.3702 -0.0582 0.9271
vn 0.4811 -0.2984 0.8243
vn -0.8907 -0.2902 0.3498
vn -0.8857 -0.1862 0.4254
vn -0.3496 -0.4455 0.8242
vn -0.3283 -0.1817 0.9269
vn 0.9664 -0.0781 0.2447
vn 0.5505 -0.5450 0.6324
vn -0.8812 -0.4043 0.2452
vn -0.3292 -0.7012 0.6324
vn 0.9748 -0.1816 0.1300
vn 0.5590 -0.7381 0.3778
vn -0.8539 -0.5038 0.1303
vn -0.2714 -0.8852 0.3778
vn 0.9653 -0.2596 0.0291
vn 0.5147 -0.8486 0.1221
vn -0.8230 -0.5673 0.0291
vn -0.1848 -0.9752 0.1219
vn -0.3151 -0.1190 -0.9416
vn -0.3478 -0.3810 -0.8566
vn -0.8879 -0.2072 -0.4107
vn -0.8908 -0.3070 -0.3349
vn -0.4811 0.2984 0.8244
vn -0.3705 0.0581 0.9270
vn -0.9365 -0.0330 0.3491
vn -0.8959 -0.1286 0.4253
vn -0.3313 -0.7004 -0.6323
vn -0.8816 -0.4037 -0.2444
vn -0.5504 0.5449 0.6326
vn -0.9666 0.0772 0.2443
vn -0.2537 -0.9147 -0.3145
vn -0.8592 -0.4902 -0.1464
vn -0.5591 0.7379 0.3780
vn -0.9751 0.1799 0.1298
vn -0.1545 -0.9860 -0.0622
vn -0.8278 -0.5588 -0.0493
vn -0.5157 0.8481 0.1217
vn -0.9656 0.2582 0.0291
vn 0.4980 -0.8650 -0.0620
vn 0.5519 -0.7722 -0.3149
vn 0.9685 -0.2442 -0.0491
vn 0.9753 -0.1660 -0.1460
vn 0.2738 0.8846 0.3774
vn 0.1848 0.9752 0.1220
vn 0.8543 0.5034 0.1296
vn 0.8228 0.5677 0.0290
vn 0.5500 -0.5450 -0.6329
vn 0.9668 -0.0773 -0.2436
vn 0.3314 0.7002 0.6323
vn 0.8818 0.4035 0.2442
vn 0.4568 -0.2388 -0.8569
vn 0.9423 0.0169 -0.3343
vn 0.3494 0.4452 0.8244
vn 0.8910 0.2898 0.3494
vn 0.3370 -0.0037 -0.9415
vn 0.9050 0.1095 -0.4111
vn 0.3277 0.1816 0.9271
vn 0.8864 0.1862 0.4239
vn 0.9994 -0.0227 0.0257
vn 0.9974 0.0255 0.0672
vn 0.9272 0.3676 -0.0714
vn 0.9199 0.3919 -0.0145
vn 0.0058 -0.9966 0.0827
vn 0.3443 -0.9352 0.0829
vn 0.3161 -0.9303 0.1862
vn 0.0387 -0.9796 0.1970
vn 0.1928 -0.0759 -0.9783
vn -0.1554 -0.1374 -0.9782
vn -0.1933 0.0760 -0.9782
vn 0.1553 0.1375 -0.9783
vn -0.0551 -0.9314 0.3599
vn 0.3712 -0.8560 0.3598
vn 0.0024 0.9941 -0.1082
vn -0.3472 0.9315 -0.1081
vn -0.3160 0.9302 0.1865
vn -0.0392 0.9796 0.1971
vn -0.3628 0.8483 -0.3858
vn 0.0508 0.9213 -0.3855
vn 0.3166 -0.9300 0.1865
vn 0.0382 -0.9797 0.1970
vn -0.0029 -0.9941 -0.1084
vn 0.3472 -0.9315 -0.1085
vn 0.1379 0.2073 0.9685
vn -0.2024 0.1454 0.9685
vn -0.1383 -0.2072 0.9685
vn 0.2026 -0.1452 0.9684
vn -0.3161 0.9302 0.1866
vn -0.0391 0.9797 0.1967
vn -0.0066 0.9965 0.0828
vn -0.3432 0.9356 0.0831
vn 0.9098 0.3707 0.1865
vn 0.9820 -0.0425 0.1840
vn 0.9819 -0.0415 0.1850
vn 0.9983 -0.0566 -0.0144
vn 0.9321 0.3613 0.0253
vn 0.9096 0.3709 0.1870
vn 0.2031 -0.1453 0.9683
vn 0.1382 0.2072 0.9685
vn -0.2023 0.1454 0.9685
vn -0.1381 -0.2074 0.9685
vn -0.9819 0.0416 0.1846
vn -0.9994 0.0217 0.0255
vn -0.9200 -0.3918 -0.0145
vn -0.9097 -0.3708 0.1871
vn -0.9982 0.0577 -0.0144
vn -0.9971 0.0274 -0.0713
vn -0.9455 -0.3184 0.0675
vn -0.9316 -0.3625 0.0256
vn -0.9898 -0.0333 -0.1388
vn -0.9538 -0.2797 0.1093
vn -0.9747 -0.0991 -0.2005
vn -0.9599 -0.2378 0.1487
vn -0.9608 -0.1955 0.1966
vn -0.9607 -0.1548 -0.2306
vn -0.9697 -0.1455 0.1962
vn -0.1826 0.0521 0.9818
vn 0.1534 0.1114 0.9819
vn 0.1824 -0.0522 0.9818
vn -0.1536 -0.1117 0.9818
vn -0.1128 -0.7180 0.6868
vn 0.3523 -0.6358 0.6867
vn 0.3635 -0.8479 -0.3858
vn -0.0513 -0.9211 -0.3858
vn -0.1495 -0.3929 0.9074
vn 0.2753 -0.3175 0.9074
vn 0.3404 -0.6397 -0.6891
vn -0.1012 -0.7177 -0.6889
vn 0.9609 0.1955 0.1962
vn 0.9600 0.2377 0.1481
vn 0.9746 0.0994 -0.2007
vn 0.9607 0.1549 -0.2303
vn 0.2733 -0.3435 -0.8985
vn -0.1396 -0.4166 -0.8983
vn 0.9541 0.2790 0.1089
vn 0.9897 0.0334 -0.1392
vn -0.3705 0.8562 0.3601
vn 0.0536 0.9314 0.3601
vn 0.9460 0.3171 0.0670
vn 0.9971 -0.0273 -0.0715
vn -0.2756 0.3171 0.9075
vn 0.1492 0.3924 0.9076
vn -0.3526 0.6355 0.6869
vn 0.1117 0.7180 0.6871
vn -0.2735 0.3440 -0.8983
vn 0.1392 0.4169 -0.8982
vn 0.9833 0.1055 0.1485
vn 0.9697 0.1456 0.1963
vn 0.9555 0.1839 -0.2305
vn 0.9495 0.2410 -0.2011
vn -0.3397 0.6402 -0.6890
vn 0.1006 0.7180 -0.6888
vn 0.9919 0.0644 0.1091
vn 0.9411 0.3081 -0.1392
vn -0.9974 -0.0259 0.0674
vn -0.9271 -0.3679 -0.0716
vn -0.9919 -0.0645 0.1094
vn -0.9410 -0.3083 -0.1393
vn -0.9833 -0.1054 0.1487
vn -0.9496 -0.2407 -0.2009
vn -0.7879 -0.5016 0.3573
vn -0.8699 -0.3172 0.3777
vn -0.9094 -0.3715 0.1870
vn -0.8145 -0.5544 0.1712
vn -0.2229 -0.3900 0.8934
vn -0.0782 -0.3917 0.9168
vn -0.3025 -0.2371 0.9232
vn -0.0655 -0.9239 0.3769
vn -0.0984 -0.9779 0.1844
vn 0.0531 -0.9181 0.3928
vn -0.9128 0.2107 0.3498
vn -0.9527 0.2509 0.1712
vn -0.9818 0.0424 0.1850
vn -0.9272 0.0041 0.3747
vn -0.4248 0.8415 0.3339
vn -0.2886 0.8816 0.3734
vn -0.4593 0.8733 0.1623
vn -0.3495 0.2801 0.8941
vn -0.3684 0.1135 0.9227
vn -0.2082 0.3374 0.9180
vn 0.4230 -0.8429 0.3325
vn 0.2877 -0.8822 0.3727
vn 0.4596 -0.8733 0.1615
vn 0.3504 -0.2798 0.8938
vn 0.3688 -0.1136 0.9225
vn 0.2088 -0.3373 0.9180
vn 0.9139 -0.2101 0.3473
vn 0.9529 -0.2511 0.1702
vn 0.9279 -0.0038 0.3729
vn 0.0655 0.9237 0.3774
vn 0.0974 0.9780 0.1846
vn -0.0531 0.9180 0.3931
vn 0.7884 0.5014 0.3565
vn 0.8704 0.3172 0.3767
vn 0.8156 0.5529 0.1707
vn 0.2214 0.3902 0.8937
vn 0.0774 0.3917 0.9168
vn 0.3017 0.2371 0.9235
vn 0.4276 -0.8402 0.3335
vn 0.2900 -0.8812 0.3734
vn 0.4605 -0.8727 0.1620
vn 0.3526 -0.2794 0.8931
vn 0.3701 -0.1131 0.9221
vn 0.2097 -0.3372 0.9178
vn 0.9134 -0.2102 0.3487
vn 0.9532 -0.2494 0.1707
vn 0.9272 -0.0042 0.3746
vn -0.0681 -0.9237 0.3769
vn -0.0993 -0.9778 0.1844
vn 0.0518 -0.9181 0.3930
vn -0.7876 -0.5019 0.3575
vn -0.8697 -0.3174 0.3779
vn -0.8154 -0.5530 0.1713
vn -0.2227 -0.3900 0.8935
vn -0.3024 -0.2367 0.9233
vn 0.7892 0.5002 0.3563
vn 0.8701 0.3165 0.3777
vn 0.8152 0.5534 0.1709
vn 0.2230 0.3892 0.8937
vn 0.0782 0.3913 0.9169
vn 0.3027 0.2364 0.9233
vn 0.0655 0.9245 0.3756
vn 0.0976 0.9781 0.1837
vn -0.0531 0.9183 0.3923
vn -0.9139 0.2092 0.3480
vn -0.9532 0.2497 0.1703
vn -0.9275 0.0038 0.3739
vn -0.4247 0.8415 0.3338
vn -0.2886 0.8816 0.3735
vn -0.4595 0.8732 0.1622
vn -0.3495 0.2802 0.8941
vn -0.3683 0.1135 0.9227
vn -0.2082 0.3375 0.9180
vn 0.8283 0.5581 -0.0493
vn 0.8587 0.4909 -0.1470
vn 0.1550 0.9860 -0.0620
vn 0.2544 0.9147 -0.3141
vn -0.9751 0.1665 -0.1466
vn -0.9683 0.2449 -0.0492
vn -0.5517 0.7726 -0.3142
vn -0.4980 0.8650 -0.0618
vn 0.8812 0.4043 -0.2448
vn 0.3309 0.7009 -0.6318
vn -0.9667 0.0776 -0.2439
vn -0.5494 0.5459 -0.6326
vn 0.8908 0.3072 -0.3348
vn 0.3473 0.3817 -0.8566
vn -0.9425 -0.0168 -0.3338
vn -0.4573 0.2397 -0.8564
vn 0.8879 0.2076 -0.4105
vn 0.3150 0.1192 -0.9416
vn -0.9053 -0.1095 -0.4104
vn -0.3373 0.0040 -0.9414
vn 0.8964 0.1287 0.4242
vn 0.9365 0.0332 0.3492
vn 0.3701 -0.0582 0.9272
vn 0.4811 -0.2985 0.8243
vn -0.8910 -0.2897 0.3495
vn -0.8861 -0.1862 0.4246
vn -0.3487 -0.4453 0.8247
vn -0.3279 -0.1818 0.9270
vn 0.9666 -0.0777 0.2442
vn 0.5503 -0.5452 0.6324
vn -0.8810 -0.4048 0.2448
vn -0.3298 -0.7006 0.6328
vn 0.9746 -0.1821 0.1304
vn 0.5594 -0.7378 0.3778
vn -0.8523 -0.5065 0.1307
vn -0.2726 -0.8849 0.3778
vn 0.9649 -0.2610 0.0294
vn 0.5171 -0.8472 0.1216
vn -0.8210 -0.5702 0.0292
vn -0.1857 -0.9750 0.1219
vn -0.3152 -0.1189 -0.9415
vn -0.3479 -0.3809 -0.8566
vn -0.8879 -0.2072 -0.4108
vn -0.8911 -0.3071 -0.3341
vn -0.4818 0.2984 0.8239
vn -0.3708 0.0583 0.9269
vn -0.9364 -0.0332 0.3493
vn -0.8963 -0.1288 0.4243
vn -0.3320 -0.7005 -0.6317
vn -0.8810 -0.4049 -0.2447
vn -0.5510 0.5449 0.6320
vn -0.9664 0.0774 0.2451
vn -0.2553 -0.9144 -0.3140
vn -0.8583 -0.4916 -0.1474
vn -0.5588 0.7384 0.3774
vn -0.9748 0.1808 0.1305
vn -0.1562 -0.9858 -0.0622
vn -0.8284 -0.5580 -0.0491
vn -0.5148 0.8486 0.1220
vn -0.9654 0.2591 0.0293
vn 0.4980 -0.8650 -0.0621
vn 0.5528 -0.7717 -0.3143
vn 0.9686 -0.2437 -0.0492
vn 0.9750 -0.1664 -0.1470
vn 0.2696 0.8857 0.3781
vn 0.1838 0.9754 0.1219
vn 0.8542 0.5034 0.1300
vn 0.8220 0.5687 0.0290
vn 0.5508 -0.5448 -0.6323
vn 0.9666 -0.0776 -0.2444
vn 0.3276 0.7013 0.6332
vn 0.8820 0.4031 0.2441
vn 0.4565 -0.2390 -0.8570
vn 0.9425 0.0170 -0.3338
vn 0.3481 0.4454 0.8249
vn 0.8915 0.2892 0.3487
vn 0.3366 -0.0038 -0.9417
vn 0.9055 0.1096 -0.4099
vn 0.3276 0.1816 0.9272
vn 0.8863 0.1860 0.4241
vn 0.9994 -0.0219 -0.0254
vn 0.9191 0.3937 0.0145
vn 0.9271 0.3679 0.0713
vn 0.9974 0.0256 -0.0672
vn 0.3157 -0.9305 -0.1858
vn 0.3426 -0.9358 -0.0831
vn 0.0076 -0.9965 -0.0828
vn 0.0404 -0.9796 -0.1967
vn -0.1932 0.0760 0.9782
vn -0.1554 -0.1374 0.9782
vn 0.1930 -0.0759 0.9783
vn 0.1554 0.1376 0.9782
vn 0.3706 -0.8562 -0.3600
vn -0.0544 -0.9314 -0.3599
vn -0.3159 0.9304 -0.1859
vn -0.3476 0.9314 0.1081
vn 0.0029 0.9942 0.1080
vn -0.0387 0.9797 -0.1965
vn -0.3637 0.8481 0.3852
vn 0.0506 0.9213 0.3856
vn -0.0021 -0.9941 0.1082
vn 0.0386 -0.9797 -0.1965
vn 0.3161 -0.9303 -0.1861
vn 0.3469 -0.9316 0.1082
vn 0.1385 0.2075 -0.9684
vn 0.2024 -0.1454 -0.9684
vn -0.1381 -0.2073 -0.9685
vn -0.2025 0.1452 -0.9685
vn -0.0067 0.9965 -0.0830
vn -0.0390 0.9797 -0.1965
vn -0.3164 0.9302 -0.1859
vn -0.3435 0.9355 -0.0831
vn 0.9818 -0.0424 -0.1853
vn 0.9090 0.3724 -0.1872
vn 0.9819 -0.0421 -0.1847
vn 0.9098 0.3707 -0.1866
vn 0.9322 0.3610 -0.0253
vn 0.9983 -0.0573 0.0144
vn -0.1385 -0.2075 -0.9684
vn -0.2024 0.1452 -0.9685
vn 0.1382 0.2075 -0.9684
vn -0.9819 0.0418 -0.1848
vn -0.9095 -0.3713 -0.1868
vn -0.9196 -0.3927 0.0145
vn -0.9995 0.0213 -0.0254
vn -0.9982 0.0584 0.0145
vn -0.9322 -0.3609 -0.0255
vn -0.9459 -0.3173 -0.0672
vn -0.9970 0.0281 0.0716
vn -0.9539 -0.2794 -0.1096
vn -0.9897 -0.0332 0.1394
vn -0.9598 -0.2380 -0.1490
vn -0.9745 -0.0990 0.2012
vn -0.9697 -0.1454 -0.1964
vn -0.9555 -0.1837 0.2307
vn -0.9606 -0.1548 0.2307
vn -0.9608 -0.1956 -0.1967
vn 0.1824 -0.0523 -0.9818
vn 0.1534 0.1115 -0.9819
vn -0.1826 0.0521 -0.9818
vn -0.1538 -0.1117 -0.9818
vn 0.3523 -0.6360 -0.6866
vn -0.1121 -0.7183 -0.6867
vn 0.3629 -0.8481 0.3860
vn -0.0508 -0.9212 0.3857
vn 0.2754 -0.3177 -0.9073
vn -0.1497 -0.3927 -0.9074
vn 0.3401 -0.6396 0.6894
vn -0.1010 -0.7176 0.6891
vn 0.9608 0.1956 -0.1963
vn 0.9606 0.1548 0.2310
vn 0.9746 0.0992 0.2010
vn 0.9598 0.2380 -0.1487
vn 0.2735 -0.3436 0.8984
vn -0.1395 -0.4164 0.8984
vn 0.9898 0.0336 0.1387
vn 0.9540 0.2793 -0.1091
vn -0.3707 0.8560 -0.3604
vn 0.0559 0.9311 -0.3603
vn 0.9971 -0.0269 0.0711
vn 0.9460 0.3171 -0.0669
vn 0.1498 0.3922 -0.9076
vn -0.2751 0.3173 -0.9076
vn 0.1141 0.7176 -0.6871
vn -0.3520 0.6354 -0.6873
vn 0.1392 0.4168 0.8983
vn -0.2741 0.3439 0.8981
vn 0.9832 0.1054 -0.1488
vn 0.9495 0.2408 0.2010
vn 0.9555 0.1838 0.2308
vn 0.9697 0.1456 -0.1963
vn 0.1002 0.7179 0.6889
vn -0.3409 0.6401 0.6886
vn 0.9412 0.3077 0.1392
vn 0.9919 0.0641 -0.1093
vn -0.9273 -0.3674 0.0712
vn -0.9974 -0.0263 -0.0669
vn -0.9413 -0.3076 0.1391
vn -0.9919 -0.0646 -0.1092
vn -0.9495 -0.2408 0.2012
vn -0.9833 -0.1054 -0.1485
vn -0.7876 -0.5022 -0.3572
vn -0.8153 -0.5533 -0.1711
vn -0.9096 -0.3709 -0.1871
vn -0.8697 -0.3175 -0.3779
vn -0.2222 -0.3901 -0.8936
vn -0.3022 -0.2371 -0.9233
vn -0.0779 -0.3917 -0.9168
vn -0.0649 -0.9240 -0.3770
vn 0.0534 -0.9183 -0.3923
vn -0.0950 -0.9782 -0.1844
vn -0.9139 0.2098 -0.3475
vn -0.9275 0.0037 -0.3738
vn -0.9819 0.0426 -0.1845
vn -0.9528 0.2512 -0.1703
vn -0.4235 0.8426 -0.3326
vn -0.4591 0.8736 -0.1615
vn -0.2880 0.8823 -0.3722
vn -0.3496 0.2800 -0.8941
vn -0.2084 0.3374 -0.9180
vn -0.3685 0.1137 -0.9226
vn 0.4258 -0.8418 -0.3318
vn 0.4586 -0.8739 -0.1612
vn 0.2891 -0.8821 -0.3719
vn 0.3496 -0.2800 -0.8941
vn 0.2083 -0.3374 -0.9180
vn 0.3686 -0.1134 -0.9227
vn 0.9124 -0.2111 -0.3506
vn 0.9269 -0.0043 -0.3753
vn 0.9527 -0.2510 -0.1716
vn 0.0675 0.9242 -0.3759
vn -0.0521 0.9185 -0.3919
vn 0.0984 0.9780 -0.1839
vn 0.7867 0.5030 -0.3577
vn 0.8135 0.5558 -0.1714
vn 0.8695 0.3176 -0.3782
vn 0.2243 0.3904 -0.8929
vn 0.3034 0.2369 -0.9229
vn 0.0787 0.3919 -0.9166
vn 0.4256 -0.8413 -0.3332
vn 0.4595 -0.8733 -0.1619
vn 0.2891 -0.8818 -0.3725
vn 0.3498 -0.2801 -0.8940
vn 0.2083 -0.3375 -0.9180
vn 0.3685 -0.1135 -0.9227
vn 0.9131 -0.2103 -0.3493
vn 0.9274 -0.0039 -0.3740
vn 0.9529 -0.2504 -0.1710
vn -0.0681 -0.9241 -0.3759
vn 0.0518 -0.9186 -0.3919
vn -0.0986 -0.9780 -0.1839
vn -0.8146 -0.5543 -0.1710
vn -0.8699 -0.3179 -0.3772
vn -0.2243 -0.3903 -0.8929
vn -0.3034 -0.2369 -0.9230
vn -0.0787 -0.3919 -0.9166
vn 0.7885 0.5010 -0.3567
vn 0.8155 0.5529 -0.1708
vn 0.8703 0.3170 -0.3769
vn 0.2236 0.3904 -0.8931
vn 0.3029 0.2369 -0.9231
vn 0.0784 0.3918 -0.9167
vn 0.0675 0.9242 -0.3760
vn 0.0977 0.9781 -0.1839
vn -0.9129 0.2103 -0.3499
vn -0.9273 0.0039 -0.3742
vn -0.9530 0.2498 -0.1715
vn -0.4256 0.8416 -0.3324
vn -0.4600 0.8731 -0.1614
vn -0.2890 0.8820 -0.3722
vn -0.3493 0.2795 -0.8944
vn -0.2083 0.3371 -0.9182
vn -0.3684 0.1131 -0.9228
vn 0.8267 0.5605 0.0493
vn 0.8586 0.4912 0.1466
vn 0.2544 0.9147 0.3139
vn 0.1556 0.9859 0.0618
vn -0.9748 0.1674 0.1473
vn -0.9679 0.2465 0.0495
vn -0.4988 0.8645 0.0618
vn -0.5531 0.7719 0.3135
vn 0.8815 0.4040 0.2444
vn 0.3300 0.7013 0.6319
vn -0.9664 0.0780 0.2449
vn -0.5516 0.5456 0.6309
vn 0.8909 0.3071 0.3346
vn 0.3474 0.3820 0.8564
vn -0.9421 -0.0168 0.3350
vn -0.4579 0.2395 0.8561
vn 0.8879 0.2073 0.4107
vn 0.3154 0.1193 0.9414
vn -0.9051 -0.1095 0.4108
vn -0.3371 0.0040 0.9414
vn 0.8965 0.1287 -0.4239
vn 0.9364 0.0330 -0.3494
vn 0.4812 -0.2984 -0.8243
vn 0.3702 -0.0582 -0.9271
vn -0.8907 -0.2901 -0.3499
vn -0.8857 -0.1862 -0.4253
vn -0.3283 -0.1816 -0.9270
vn -0.3493 -0.4455 -0.8244
vn 0.9664 -0.0781 -0.2449
vn 0.5503 -0.5452 -0.6325
vn -0.8812 -0.4042 -0.2451
vn -0.3285 -0.7014 -0.6326
vn 0.9748 -0.1815 -0.1301
vn 0.5586 -0.7383 -0.3779
vn -0.8540 -0.5037 -0.1303
vn -0.2707 -0.8854 -0.3779
vn 0.9653 -0.2596 -0.0291
vn 0.5147 -0.8486 -0.1221
vn -0.8230 -0.5673 -0.0291
vn -0.1840 -0.9753 -0.1218
vn -0.3151 -0.1189 0.9416
vn -0.3478 -0.3810 0.8566
vn -0.8908 -0.3071 0.3350
vn -0.8879 -0.2072 0.4106
vn -0.4807 0.2984 -0.8245
vn -0.3704 0.0582 -0.9270
vn -0.8960 -0.1286 -0.4251
vn -0.9364 -0.0330 -0.3493
vn -0.3316 -0.7004 0.6321
vn -0.8816 -0.4037 0.2444
vn -0.5500 0.5450 -0.6328
vn -0.9666 0.0772 -0.2443
vn -0.2542 -0.9146 0.3143
vn -0.8592 -0.4902 0.1463
vn -0.5588 0.7381 -0.3782
vn -0.9751 0.1799 -0.1297
vn -0.1547 -0.9860 0.0622
vn -0.8277 -0.5590 0.0493
vn -0.5157 0.8480 -0.1217
vn -0.9657 0.2582 -0.0291
vn 0.4976 -0.8652 0.0620
vn 0.5518 -0.7723 0.3148
vn 0.9752 -0.1660 0.1461
vn 0.9685 -0.2441 0.0490
vn 0.2744 0.8845 -0.3773
vn 0.1849 0.9752 -0.1220
vn 0.8228 0.5677 -0.0290
vn 0.8543 0.5034 -0.1296
vn 0.5502 -0.5449 0.6328
vn 0.9668 -0.0774 0.2437
vn 0.3320 0.7001 -0.6321
vn 0.8817 0.4036 -0.2444
vn 0.4567 -0.2388 0.8570
vn 0.9423 0.0169 0.3342
vn 0.3495 0.4452 -0.8244
vn 0.8909 0.2899 -0.3495
vn 0.3370 -0.0037 0.9415
vn 0.9050 0.1095 0.4111
vn 0.3277 0.1816 -0.9271
vn 0.8863 0.1862 -0.4240
vn 0.9994 -0.0226 -0.0256
vn 0.9199 0.3919 0.0145
vn 0.9272 0.3677 0.0714
vn 0.9974 0.0255 -0.0672
vn 0.3162 -0.9302 -0.1862
vn 0.3444 -0.9352 -0.0829
vn 0.0057 -0.9966 -0.0827
vn 0.0388 -0.9796 -0.1971
vn -0.1933 0.0760 0.9782
vn 0.1928 -0.0759 0.9783
vn 0.1552 0.1375 0.9783
vn 0.3712 -0.8560 -0.3598
vn -0.0554 -0.9314 -0.3598
vn -0.3159 0.9303 -0.1865
vn -0.3472 0.9315 0.1081
vn 0.0021 0.9941 0.1082
vn -0.0395 0.9796 -0.1971
vn -0.3631 0.8482 0.3857
vn 0.0507 0.9213 0.3855
vn -0.0031 -0.9941 0.1084
vn 0.0381 -0.9797 -0.1971
vn 0.3166 -0.9300 -0.1865
vn 0.3474 -0.9314 0.1085
vn 0.1379 0.2073 -0.9685
vn 0.2026 -0.1452 -0.9684
vn -0.1383 -0.2073 -0.9685
vn -0.2025 0.1454 -0.9684
vn -0.0063 0.9965 -0.0828
vn -0.0390 0.9797 -0.1968
vn -0.3163 0.9301 -0.1866
vn -0.3432 0.9356 -0.0831
vn 0.9820 -0.0425 -0.1842
vn 0.9098 0.3709 -0.1866
vn 0.9819 -0.0415 -0.1850
vn 0.9098 0.3706 -0.1870
vn 0.9321 0.3613 -0.0253
vn 0.9983 -0.0565 0.0144
vn 0.2032 -0.1452 -0.9683
vn -0.1381 -0.2074 -0.9685
vn -0.2023 0.1454 -0.9685
vn 0.1382 0.2072 -0.9685
vn -0.9819 0.0416 -0.1846
vn -0.9098 -0.3707 -0.1869
vn -0.9200 -0.3915 0.0144
vn -0.9994 0.0217 -0.0256
vn -0.9982 0.0576 0.0144
vn -0.9317 -0.3624 -0.0256
vn -0.9456 -0.3184 -0.0675
vn -0.9971 0.0273 0.0712
vn -0.9538 -0.2798 -0.1093
vn -0.9898 -0.0333 0.1388
vn -0.9599 -0.2378 -0.1486
vn -0.9747 -0.0991 0.2005
vn -0.9697 -0.1455 -0.1962
vn -0.9556 -0.1837 0.2306
vn -0.9607 -0.1548 0.2305
vn -0.9608 -0.1956 -0.1965
vn 0.1823 -0.0522 -0.9819
vn 0.1534 0.1114 -0.9819
vn -0.1536 -0.1117 -0.9818
vn 0.3522 -0.6358 -0.6868
vn -0.1129 -0.7181 -0.6868
vn 0.3637 -0.8479 0.3858
vn -0.0514 -0.9211 0.3858
vn 0.2751 -0.3175 -0.9075
vn -0.1493 -0.3929 -0.9074
vn 0.3403 -0.6397 0.6892
vn -0.1011 -0.7177 0.6890
vn 0.9609 0.1955 -0.1963
vn 0.9607 0.1549 0.2302
vn 0.9746 0.0994 0.2006
vn 0.9600 0.2377 -0.1483
vn 0.2732 -0.3434 0.8986
vn -0.1396 -0.4166 0.8983
vn 0.9897 0.0335 0.1393
vn 0.9541 0.2790 -0.1089
vn -0.3706 0.8562 -0.3600
vn 0.0538 0.9314 -0.3601
vn 0.9971 -0.0272 0.0715
vn 0.9460 0.3171 -0.0670
vn 0.1493 0.3923 -0.9076
vn -0.2755 0.3171 -0.9075
vn 0.1119 0.7179 -0.6871
vn -0.3529 0.6354 -0.6868
vn 0.1391 0.4168 0.8983
vn -0.2734 0.3440 0.8983
vn 0.9833 0.1055 -0.1484
vn 0.9494 0.2411 0.2014
vn 0.9555 0.1839 0.2306
vn 0.1006 0.7180 0.6887
vn -0.3397 0.6403 0.6889
vn 0.9411 0.3081 0.1393
vn 0.9919 0.0644 -0.1091
vn -0.9272 -0.3678 0.0716
vn -0.9974 -0.0259 -0.0675
vn -0.9410 -0.3082 0.1393
vn -0.9919 -0.0645 -0.1095
vn -0.9496 -0.2407 0.2008
vn -0.9833 -0.1054 -0.1486
vn -0.7877 -0.5019 -0.3572
vn -0.8142 -0.5548 -0.1711
vn -0.9093 -0.3717 -0.1870
vn -0.8699 -0.3174 -0.3775
vn -0.2228 -0.3900 -0.8934
vn -0.3025 -0.2370 -0.9232
vn -0.0782 -0.3917 -0.9168
vn -0.0648 -0.9239 -0.3771
vn 0.0534 -0.9180 -0.3929
vn -0.0981 -0.9779 -0.1844
vn -0.9127 0.2107 -0.3500
vn -0.9272 0.0041 -0.3746
vn -0.9818 0.0423 -0.1850
vn -0.9527 0.2508 -0.1713
vn -0.4254 0.8413 -0.3336
vn -0.4592 0.8734 -0.1621
vn -0.2889 0.8816 -0.3733
vn -0.3496 0.2802 -0.8940
vn -0.2082 0.3375 -0.9180
vn -0.3685 0.1135 -0.9227
vn 0.4235 -0.8426 -0.3326
vn 0.4598 -0.8732 -0.1615
vn 0.2879 -0.8821 -0.3728
vn 0.3505 -0.2799 -0.8937
vn 0.2089 -0.3374 -0.9179
vn 0.3689 -0.1137 -0.9225
vn 0.9139 -0.2101 -0.3474
vn 0.9278 -0.0038 -0.3731
vn 0.9529 -0.2511 -0.1703
vn 0.0642 0.9238 -0.3775
vn -0.0537 0.9179 -0.3931
vn 0.0968 0.9780 -0.1847
vn 0.7879 0.5020 -0.3566
vn 0.8154 0.5532 -0.1708
vn 0.8702 0.3174 -0.3769
vn 0.2214 0.3901 -0.8938
vn 0.3016 0.2371 -0.9235
vn 0.0774 0.3917 -0.9168
vn 0.4276 -0.8402 -0.3335
vn 0.4604 -0.8728 -0.1620
vn 0.2900 -0.8812 -0.3734
vn 0.3526 -0.2794 -0.8931
vn 0.2098 -0.3372 -0.9178
vn 0.3701 -0.1130 -0.9221
vn 0.9133 -0.2104 -0.3486
vn 0.9271 -0.0043 -0.3748
vn 0.9533 -0.2494 -0.1706
vn -0.0680 -0.9237 -0.3770
vn 0.0518 -0.9181 -0.3930
vn -0.0996 -0.9778 -0.1845
vn -0.8155 -0.5528 -0.1711
vn -0.8699 -0.3174 -0.3776
vn -0.2227 -0.3900 -0.8935
vn -0.3024 -0.2367 -0.9233
vn -0.0779 -0.3916 -0.9168
vn 0.7896 0.4996 -0.3563
vn 0.8157 0.5527 -0.1708
vn 0.8702 0.3162 -0.3778
vn 0.2229 0.3892 -0.8938
vn 0.3027 0.2364 -0.9233
vn 0.0782 0.3913 -0.9170
vn 0.0648 0.9245 -0.3757
vn -0.0534 0.9182 -0.3924
vn 0.0977 0.9781 -0.1838
vn -0.9138 0.2093 -0.3481
vn -0.9275 0.0038 -0.3738
vn -0.9532 0.2497 -0.1704
vn -0.4252 0.8413 -0.3339
vn -0.4598 0.8731 -0.1622
vn -0.2888 0.8815 -0.3736
vn -0.3494 0.2800 -0.8942
vn -0.2081 0.3374 -0.9181
vn -0.3683 0.1134 -0.9228
vn 0.8282 0.5583 0.0493
vn 0.8588 0.4909 0.1469
vn 0.2540 0.9148 0.3139
vn 0.1547 0.9860 0.0620
vn -0.9751 0.1664 0.1465
vn -0.9684 0.2447 0.0491
vn -0.4977 0.8652 0.0618
vn -0.5523 0.7723 0.3140
vn 0.8812 0.4043 0.2448
vn 0.3310 0.7009 0.6318
vn -0.9667 0.0775 0.2439
vn -0.5495 0.5459 0.6324
vn 0.8906 0.3073 0.3352
vn 0.3471 0.3816 0.8567
vn -0.9425 -0.0168 0.3338
vn -0.4571 0.2398 0.8565
vn 0.8878 0.2076 0.4108
vn 0.3150 0.1191 0.9416
vn -0.9054 -0.1095 0.4102
vn -0.3373 0.0040 0.9414
vn 0.8963 0.1287 -0.4244
vn 0.9366 0.0332 -0.3489
vn 0.4808 -0.2984 -0.8245
vn 0.3698 -0.0582 -0.9273
vn -0.8911 -0.2897 -0.3492
vn -0.8860 -0.1862 -0.4246
vn -0.3278 -0.1817 -0.9271
vn -0.3484 -0.4453 -0.8248
vn 0.9666 -0.0777 -0.2442
vn 0.5503 -0.5451 -0.6325
vn -0.8810 -0.4048 -0.2448
vn -0.3300 -0.7005 -0.6327
vn 0.9747 -0.1819 -0.1302
vn 0.5594 -0.7377 -0.3779
vn -0.8525 -0.5062 -0.1306
vn -0.2733 -0.8847 -0.3776
vn 0.9649 -0.2609 -0.0293
vn 0.5173 -0.8471 -0.1216
vn -0.8209 -0.5703 -0.0291
vn -0.1861 -0.9749 -0.1219
vn -0.3153 -0.1190 0.9415
vn -0.3479 -0.3809 0.8567
vn -0.8911 -0.3071 0.3340
vn -0.8880 -0.2073 0.4104
vn -0.4817 0.2983 -0.8240
vn -0.3705 0.0582 -0.9270
vn -0.8963 -0.1288 -0.4244
vn -0.9365 -0.0332 -0.3492
vn -0.3317 -0.7005 0.6318
vn -0.5515 0.5446 -0.6318
vn -0.9664 0.0774 -0.2452
vn -0.2555 -0.9144 0.3140
vn -0.8584 -0.4914 0.1474
vn -0.5591 0.7383 -0.3773
vn -0.9748 0.1808 -0.1307
vn -0.1568 -0.9857 0.0622
vn -0.8286 -0.5577 0.0491
vn -0.5145 0.8487 -0.1220
vn -0.9654 0.2591 -0.0293
vn 0.4981 -0.8649 0.0621
vn 0.5533 -0.7715 0.3143
vn 0.9751 -0.1662 0.1470
vn 0.9687 -0.2435 0.0491
vn 0.2698 0.8856 -0.3780
vn 0.1843 0.9753 -0.1218
vn 0.8223 0.5684 -0.0290
vn 0.8542 0.5035 -0.1299
vn 0.5507 -0.5448 0.6324
vn 0.9665 -0.0775 0.2446
vn 0.3280 0.7012 -0.6331
vn 0.8820 0.4031 -0.2441
vn 0.4563 -0.2390 0.8571
vn 0.9425 0.0170 0.3338
vn 0.3483 0.4454 -0.8248
vn 0.8914 0.2892 -0.3489
vn 0.3366 -0.0038 0.9417
vn 0.9057 0.1096 0.4096
vn 0.3276 0.1815 -0.9272
vn 0.8861 0.1860 -0.4245
# 4600 vertex normals

vt 0.2539 0.0839 0.0000
vt 0.2514 0.0839 0.0000
vt 0.2514 0.0060 0.0000
vt 0.2539 0.0060 0.0000
vt 0.2563 0.0839 0.0000
vt 0.2563 0.0060 0.0000
vt 0.2588 0.0839 0.0000
vt 0.2588 0.0060 0.0000
vt 0.2612 0.0839 0.0000
vt 0.2612 0.0060 0.0000
vt 0.2637 0.0839 0.0000
vt 0.2637 0.0060 0.0000
vt 0.2661 0.0839 0.0000
vt 0.2661 0.0060 0.0000
vt 0.2685 0.0839 0.0000
vt 0.2685 0.0060 0.0000
vt 0.2710 0.0839 0.0000
vt 0.2710 0.0060 0.0000
vt 0.2734 0.0839 0.0000
vt 0.2734 0.0060 0.0000
vt 0.2759 0.0839 0.0000
vt 0.2759 0.0060 0.0000
vt 0.2783 0.0839 0.0000
vt 0.2783 0.0060 0.0000
vt 0.2807 0.0839 0.0000
vt 0.2807 0.0060 0.0000
vt 0.2832 0.0839 0.0000
vt 0.2832 0.0060 0.0000
vt 0.2856 0.0839 0.0000
vt 0.2856 0.0060 0.0000
vt 0.2881 0.0839 0.0000
vt 0.2881 0.0060 0.0000
vt 0.2905 0.0839 0.0000
vt 0.2905 0.0060 0.0000
vt 0.2929 0.0839 0.0000
vt 0.2929 0.0060 0.0000
vt 0.2954 0.0839 0.0000
vt 0.2954 0.0060 0.0000
vt 0.2978 0.0839 0.0000
vt 0.2978 0.0060 0.0000
vt 0.3003 0.0839 0.0000
vt 0.3003 0.0060 0.0000
vt 0.3027 0.0839 0.0000
vt 0.3027 0.0060 0.0000
vt 0.3051 0.0839 0.0000
vt 0.3051 0.0060 0.0000
vt 0.3076 0.0839 0.0000
vt 0.3076 0.0060 0.0000
vt 0.3100 0.0839 0.0000
vt 0.3100 0.0060 0.0000
vt 0.2344 0.0839 0.0000
vt 0.2319 0.0839 0.0000
vt 0.2319 0.0060 0.0000
vt 0.2344 0.0060 0.0000
vt 0.2368 0.0839 0.0000
vt 0.2368 0.0060 0.0000
vt 0.2392 0.0839 0.0000
vt 0.2392 0.0060 0.0000
vt 0.2417 0.0839 0.0000
vt 0.2417 0.0060 0.0000
vt 0.2441 0.0839 0.0000
vt 0.2441 0.0060 0.0000
vt 0.2466 0.0839 0.0000
vt 0.2466 0.0060 0.0000
vt 0.2490 0.0839 0.0000
vt 0.2490 0.0060 0.0000
vt 0.2612 0.1160 0.0000
vt 0.2588 0.1160 0.0000
vt 0.2490 0.1160 0.0000
vt 0.2466 0.1160 0.0000
vt 0.2954 0.1160 0.0000
vt 0.2929 0.1160 0.0000
vt 0.2637 0.1160 0.0000
vt 0.2514 0.1160 0.0000
vt 0.2978 0.1160 0.0000
vt 0.2661 0.1160 0.0000
vt 0.3003 0.1160 0.0000
vt 0.2685 0.1160 0.0000
vt 0.3027 0.1160 0.0000
vt 0.2710 0.1160 0.0000
vt 0.3051 0.1160 0.0000
vt 0.2734 0.1160 0.0000
vt 0.3076 0.1160 0.0000
vt 0.2759 0.1160 0.0000
vt 0.3100 0.1160 0.0000
vt 0.2783 0.1160 0.0000
vt 0.2344 0.1160 0.0000
vt 0.2319 0.1160 0.0000
vt 0.2807 0.1160 0.0000
vt 0.2368 0.1160 0.0000
vt 0.2832 0.1160 0.0000
vt 0.2392 0.1160 0.0000
vt 0.2856 0.1160 0.0000
vt 0.2539 0.1160 0.0000
vt 0.2417 0.1160 0.0000
vt 0.2881 0.1160 0.0000
vt 0.2563 0.1160 0.0000
vt 0.2441 0.1160 0.0000
vt 0.2905 0.1160 0.0000
vt 0.2368 0.1482 0.0000
vt 0.2344 0.1482 0.0000
vt 0.2832 0.1482 0.0000
vt 0.2807 0.1482 0.0000
vt 0.2392 0.1482 0.0000
vt 0.2856 0.1482 0.0000
vt 0.2539 0.1482 0.0000
vt 0.2514 0.1482 0.0000
vt 0.2417 0.1482 0.0000
vt 0.2881 0.1482 0.0000
vt 0.2563 0.1482 0.0000
vt 0.2441 0.1482 0.0000
vt 0.2905 0.1482 0.0000
vt 0.2588 0.1482 0.0000
vt 0.2466 0.1482 0.0000
vt 0.2929 0.1482 0.0000
vt 0.2612 0.1482 0.0000
vt 0.2490 0.1482 0.0000
vt 0.2954 0.1482 0.0000
vt 0.2637 0.1482 0.0000
vt 0.2978 0.1482 0.0000
vt 0.2661 0.1482 0.0000
vt 0.3003 0.1482 0.0000
vt 0.2685 0.1482 0.0000
vt 0.3027 0.1482 0.0000
vt 0.2710 0.1482 0.0000
vt 0.3051 0.1482 0.0000
vt 0.2734 0.1482 0.0000
vt 0.3076 0.1482 0.0000
vt 0.2759 0.1482 0.0000
vt 0.3100 0.1482 0.0000
vt 0.2783 0.1482 0.0000
vt 0.2319 0.1482 0.0000
vt 0.2563 0.1803 0.0000
vt 0.2539 0.1803 0.0000
vt 0.2441 0.1803 0.0000
vt 0.2417 0.1803 0.0000
vt 0.2905 0.1803 0.0000
vt 0.2881 0.1803 0.0000
vt 0.2588 0.1803 0.0000
vt 0.2466 0.1803 0.0000
vt 0.2929 0.1803 0.0000
vt 0.2612 0.1803 0.0000
vt 0.2490 0.1803 0.0000
vt 0.2954 0.1803 0.0000
vt 0.2637 0.1803 0.0000
vt 0.2514 0.1803 0.0000
vt 0.2978 0.1803 0.0000
vt 0.2661 0.1803 0.0000
vt 0.3003 0.1803 0.0000
vt 0.2685 0.1803 0.0000
vt 0.3027 0.1803 0.0000
vt 0.2710 0.1803 0.0000
vt 0.3051 0.1803 0.0000
vt 0.2734 0.1803 0.0000
vt 0.3076 0.1803 0.0000
vt 0.2759 0.1803 0.0000
vt 0.3100 0.1803 0.0000
vt 0.2783 0.1803 0.0000
vt 0.2344 0.1803 0.0000
vt 0.2319 0.1803 0.0000
vt 0.2807 0.1803 0.0000
vt 0.2368 0.1803 0.0000
vt 0.2832 0.1803 0.0000
vt 0.2392 0.1803 0.0000
vt 0.2856 0.1803 0.0000
vt 0.2637 0.2125 0.0000
vt 0.2612 0.2125 0.0000
vt 0.2514 0.2125 0.0000
vt 0.2490 0.2125 0.0000
vt 0.2978 0.2125 0.0000
vt 0.2954 0.2125 0.0000
vt 0.2661 0.2125 0.0000
vt 0.3003 0.2125 0.0000
vt 0.2685 0.2125 0.0000
vt 0.3027 0.2125 0.0000
vt 0.2710 0.2125 0.0000
vt 0.3051 0.2125 0.0000
vt 0.2734 0.2125 0.0000
vt 0.3076 0.2125 0.0000
vt 0.2759 0.2125 0.0000
vt 0.3100 0.2125 0.0000
vt 0.2783 0.2125 0.0000
vt 0.2344 0.2125 0.0000
vt 0.2319 0.2125 0.0000
vt 0.2807 0.2125 0.0000
vt 0.2368 0.2125 0.0000
vt 0.2832 0.2125 0.0000
vt 0.2392 0.2125 0.0000
vt 0.2856 0.2125 0.0000
vt 0.2539 0.2125 0.0000
vt 0.2417 0.2125 0.0000
vt 0.2881 0.2125 0.0000
vt 0.2563 0.2125 0.0000
vt 0.2441 0.2125 0.0000
vt 0.2905 0.2125 0.0000
vt 0.2588 0.2125 0.0000
vt 0.2466 0.2125 0.0000
vt 0.2929 0.2125 0.0000
vt 0.2710 0.2446 0.0000
vt 0.2685 0.2446 0.0000
vt 0.3051 0.2446 0.0000
vt 0.3027 0.2446 0.0000
vt 0.2734 0.2446 0.0000
vt 0.3076 0.2446 0.0000
vt 0.2759 0.2446 0.0000
vt 0.3100 0.2446 0.0000
vt 0.2783 0.2446 0.0000
vt 0.2344 0.2446 0.0000
vt 0.2319 0.2446 0.0000
vt 0.2807 0.2446 0.0000
vt 0.2368 0.2446 0.0000
vt 0.2832 0.2446 0.0000
vt 0.2392 0.2446 0.0000
vt 0.2856 0.2446 0.0000
vt 0.2539 0.2446 0.0000
vt 0.2514 0.2446 0.0000
vt 0.2417 0.2446 0.0000
vt 0.2881 0.2446 0.0000
vt 0.2563 0.2446 0.0000
vt 0.2441 0.2446 0.0000
vt 0.2905 0.2446 0.0000
vt 0.2588 0.2446 0.0000
vt 0.2466 0.2446 0.0000
vt 0.2929 0.2446 0.0000
vt 0.2612 0.2446 0.0000
vt 0.2490 0.2446 0.0000
vt 0.2954 0.2446 0.0000
vt 0.2637 0.2446 0.0000
vt 0.2978 0.2446 0.0000
vt 0.2661 0.2446 0.0000
vt 0.3003 0.2446 0.0000
vt 0.2783 0.2768 0.0000
vt 0.2759 0.2768 0.0000
vt 0.2344 0.2768 0.0000
vt 0.2319 0.2768 0.0000
vt 0.2807 0.2768 0.0000
vt 0.2368 0.2768 0.0000
vt 0.2832 0.2768 0.0000
vt 0.2392 0.2768 0.0000
vt 0.2856 0.2768 0.0000
vt 0.2539 0.2768 0.0000
vt 0.2514 0.2768 0.0000
vt 0.2417 0.2768 0.0000
vt 0.2881 0.2768 0.0000
vt 0.2563 0.2768 0.0000
vt 0.2441 0.2768 0.0000
vt 0.2905 0.2768 0.0000
vt 0.2588 0.2768 0.0000
vt 0.2466 0.2768 0.0000
vt 0.2929 0.2768 0.0000
vt 0.2612 0.2768 0.0000
vt 0.2490 0.2768 0.0000
vt 0.2954 0.2768 0.0000
vt 0.2637 0.2768 0.0000
vt 0.2978 0.2768 0.0000
vt 0.2661 0.2768 0.0000
vt 0.3003 0.2768 0.0000
vt 0.2685 0.2768 0.0000
vt 0.3027 0.2768 0.0000
vt 0.2710 0.2768 0.0000
vt 0.3051 0.2768 0.0000
vt 0.2734 0.2768 0.0000
vt 0.3076 0.2768 0.0000
vt 0.3100 0.2768 0.0000
vt 0.2856 0.3089 0.0000
vt 0.2832 0.3089 0.0000
vt 0.2539 0.3089 0.0000
vt 0.2514 0.3089 0.0000
vt 0.2417 0.3089 0.0000
vt 0.2392 0.3089 0.0000
vt 0.2881 0.3089 0.0000
vt 0.2563 0.3089 0.0000
vt 0.2441 0.3089 0.0000
vt 0.2905 0.3089 0.0000
vt 0.2588 0.3089 0.0000
vt 0.2466 0.3089 0.0000
vt 0.2929 0.3089 0.0000
vt 0.2612 0.3089 0.0000
vt 0.2490 0.3089 0.0000
vt 0.2954 0.3089 0.0000
vt 0.2637 0.3089 0.0000
vt 0.2978 0.3089 0.0000
vt 0.2661 0.3089 0.0000
vt 0.3003 0.3089 0.0000
vt 0.2685 0.3089 0.0000
vt 0.3027 0.3089 0.0000
vt 0.2710 0.3089 0.0000
vt 0.3051 0.3089 0.0000
vt 0.2734 0.3089 0.0000
vt 0.3076 0.3089 0.0000
vt 0.2759 0.3089 0.0000
vt 0.3100 0.3089 0.0000
vt 0.2783 0.3089 0.0000
vt 0.2344 0.3089 0.0000
vt 0.2319 0.3089 0.0000
vt 0.2807 0.3089 0.0000
vt 0.2368 0.3089 0.0000
vt 0.2929 0.3411 0.0000
vt 0.2905 0.3411 0.0000
vt 0.2612 0.3411 0.0000
vt 0.2588 0.3411 0.0000
vt 0.2490 0.3411 0.0000
vt 0.2466 0.3411 0.0000
vt 0.2954 0.3411 0.0000
vt 0.2637 0.3411 0.0000
vt 0.2514 0.3411 0.0000
vt 0.2978 0.3411 0.0000
vt 0.2661 0.3411 0.0000
vt 0.3003 0.3411 0.0000
vt 0.2685 0.3411 0.0000
vt 0.3027 0.3411 0.0000
vt 0.2710 0.3411 0.0000
vt 0.3051 0.3411 0.0000
vt 0.2734 0.3411 0.0000
vt 0.3076 0.3411 0.0000
vt 0.2759 0.3411 0.0000
vt 0.3100 0.3411 0.0000
vt 0.2783 0.3411 0.0000
vt 0.2344 0.3411 0.0000
vt 0.2319 0.3411 0.0000
vt 0.2807 0.3411 0.0000
vt 0.2368 0.3411 0.0000
vt 0.2832 0.3411 0.0000
vt 0.2392 0.3411 0.0000
vt 0.2856 0.3411 0.0000
vt 0.2539 0.3411 0.0000
vt 0.2417 0.3411 0.0000
vt 0.2881 0.3411 0.0000
vt 0.2563 0.3411 0.0000
vt 0.2441 0.3411 0.0000
vt 0.3003 0.3732 0.0000
vt 0.2978 0.3732 0.0000
vt 0.2685 0.3732 0.0000
vt 0.2661 0.3732 0.0000
vt 0.3027 0.3732 0.0000
vt 0.2710 0.3732 0.0000
vt 0.3051 0.3732 0.0000
vt 0.2734 0.3732 0.0000
vt 0.3076 0.3732 0.0000
vt 0.2759 0.3732 0.0000
vt 0.3100 0.3732 0.0000
vt 0.2783 0.3732 0.0000
vt 0.2344 0.3732 0.0000
vt 0.2319 0.3732 0.0000
vt 0.2807 0.3732 0.0000
vt 0.2368 0.3732 0.0000
vt 0.2832 0.3732 0.0000
vt 0.2392 0.3732 0.0000
vt 0.2856 0.3732 0.0000
vt 0.2539 0.3732 0.0000
vt 0.2514 0.3732 0.0000
vt 0.2417 0.3732 0.0000
vt 0.2881 0.3732 0.0000
vt 0.2563 0.3732 0.0000
vt 0.2441 0.3732 0.0000
vt 0.2905 0.3732 0.0000
vt 0.2588 0.3732 0.0000
vt 0.2466 0.3732 0.0000
vt 0.2929 0.3732 0.0000
vt 0.2612 0.3732 0.0000
vt 0.2490 0.3732 0.0000
vt 0.2954 0.3732 0.0000
vt 0.2637 0.3732 0.0000
vt 0.3076 0.4054 0.0000
vt 0.3051 0.4054 0.0000
vt 0.2759 0.4054 0.0000
vt 0.2734 0.4054 0.0000
vt 0.3100 0.4054 0.0000
vt 0.2783 0.4054 0.0000
vt 0.2344 0.4054 0.0000
vt 0.2319 0.4054 0.0000
vt 0.2807 0.4054 0.0000
vt 0.2368 0.4054 0.0000
vt 0.2832 0.4054 0.0000
vt 0.2392 0.4054 0.0000
vt 0.2856 0.4054 0.0000
vt 0.2539 0.4054 0.0000
vt 0.2514 0.4054 0.0000
vt 0.2417 0.4054 0.0000
vt 0.2881 0.4054 0.0000
vt 0.2563 0.4054 0.0000
vt 0.2441 0.4054 0.0000
vt 0.2905 0.4054 0.0000
vt 0.2588 0.4054 0.0000
vt 0.2466 0.4054 0.0000
vt 0.2929 0.4054 0.0000
vt 0.2612 0.4054 0.0000
vt 0.2490 0.4054 0.0000
vt 0.2954 0.4054 0.0000
vt 0.2637 0.4054 0.0000
vt 0.2978 0.4054 0.0000
vt 0.2661 0.4054 0.0000
vt 0.3003 0.4054 0.0000
vt 0.2685 0.4054 0.0000
vt 0.3027 0.4054 0.0000
vt 0.2710 0.4054 0.0000
vt 0.2368 0.4375 0.0000
vt 0.2344 0.4375 0.0000
vt 0.2832 0.4375 0.0000
vt 0.2807 0.4375 0.0000
vt 0.2392 0.4375 0.0000
vt 0.2856 0.4375 0.0000
vt 0.2539 0.4375 0.0000
vt 0.2514 0.4375 0.0000
vt 0.2417 0.4375 0.0000
vt 0.2881 0.4375 0.0000
vt 0.2563 0.4375 0.0000
vt 0.2441 0.4375 0.0000
vt 0.2905 0.4375 0.0000
vt 0.2588 0.4375 0.0000
vt 0.2466 0.4375 0.0000
vt 0.2929 0.4375 0.0000
vt 0.2612 0.4375 0.0000
vt 0.2490 0.4375 0.0000
vt 0.2954 0.4375 0.0000
vt 0.2637 0.4375 0.0000
vt 0.2978 0.4375 0.0000
vt 0.2661 0.4375 0.0000
vt 0.3003 0.4375 0.0000
vt 0.2685 0.4375 0.0000
vt 0.3027 0.4375 0.0000
vt 0.2710 0.4375 0.0000
vt 0.3051 0.4375 0.0000
vt 0.2734 0.4375 0.0000
vt 0.3076 0.4375 0.0000
vt 0.2759 0.4375 0.0000
vt 0.3100 0.4375 0.0000
vt 0.2783 0.4375 0.0000
vt 0.2319 0.4375 0.0000
vt 0.2563 0.4697 0.0000
vt 0.2539 0.4697 0.0000
vt 0.2441 0.4697 0.0000
vt 0.2417 0.4697 0.0000
vt 0.2905 0.4697 0.0000
vt 0.2881 0.4697 0.0000
vt 0.2588 0.4697 0.0000
vt 0.2466 0.4697 0.0000
vt 0.2929 0.4697 0.0000
vt 0.2612 0.4697 0.0000
vt 0.2490 0.4697 0.0000
vt 0.2954 0.4697 0.0000
vt 0.2637 0.4697 0.0000
vt 0.2514 0.4697 0.0000
vt 0.2978 0.4697 0.0000
vt 0.2661 0.4697 0.0000
vt 0.3003 0.4697 0.0000
vt 0.2685 0.4697 0.0000
vt 0.3027 0.4697 0.0000
vt 0.2710 0.4697 0.0000
vt 0.3051 0.4697 0.0000
vt 0.2734 0.4697 0.0000
vt 0.3076 0.4697 0.0000
vt 0.2759 0.4697 0.0000
vt 0.3100 0.4697 0.0000
vt 0.2783 0.4697 0.0000
vt 0.2344 0.4697 0.0000
vt 0.2319 0.4697 0.0000
vt 0.2807 0.4697 0.0000
vt 0.2368 0.4697 0.0000
vt 0.2832 0.4697 0.0000
vt 0.2392 0.4697 0.0000
vt 0.2856 0.4697 0.0000
vt 0.2626 0.4726 0.0000
vt 0.2626 0.7982 0.0000
vt 0.2601 0.7982 0.0000
vt 0.2601 0.4726 0.0000
vt 0.2497 0.4726 0.0000
vt 0.2497 0.7983 0.0000
vt 0.2472 0.7983 0.0000
vt 0.2472 0.4726 0.0000
vt 0.2988 0.4727 0.0000
vt 0.2988 0.7983 0.0000
vt 0.2962 0.7983 0.0000
vt 0.2962 0.4727 0.0000
vt 0.2652 0.4726 0.0000
vt 0.2652 0.7982 0.0000
vt 0.3013 0.4727 0.0000
vt 0.3013 0.7983 0.0000
vt 0.2678 0.4725 0.0000
vt 0.2678 0.7982 0.0000
vt 0.3039 0.4727 0.0000
vt 0.3039 0.7983 0.0000
vt 0.2704 0.4725 0.0000
vt 0.2704 0.7982 0.0000
vt 0.3065 0.4727 0.0000
vt 0.3065 0.7984 0.0000
vt 0.2730 0.4725 0.0000
vt 0.2730 0.7982 0.0000
vt 0.3091 0.4727 0.0000
vt 0.3091 0.7984 0.0000
vt 0.2755 0.4726 0.0000
vt 0.2755 0.7982 0.0000
vt 0.3116 0.4727 0.0000
vt 0.3116 0.7984 0.0000
vt 0.2781 0.4726 0.0000
vt 0.2781 0.7982 0.0000
vt 0.2317 0.4727 0.0000
vt 0.2317 0.7984 0.0000
vt 0.2291 0.7984 0.0000
vt 0.2291 0.4727 0.0000
vt 0.2807 0.4726 0.0000
vt 0.2807 0.7982 0.0000
vt 0.2343 0.4727 0.0000
vt 0.2343 0.7984 0.0000
vt 0.2833 0.4726 0.0000
vt 0.2833 0.7982 0.0000
vt 0.2368 0.4727 0.0000
vt 0.2368 0.7983 0.0000
vt 0.2859 0.4726 0.0000
vt 0.2859 0.7983 0.0000
vt 0.2523 0.4726 0.0000
vt 0.2523 0.7983 0.0000
vt 0.2394 0.4727 0.0000
vt 0.2394 0.7983 0.0000
vt 0.2884 0.4726 0.0000
vt 0.2884 0.7983 0.0000
vt 0.2549 0.4726 0.0000
vt 0.2549 0.7983 0.0000
vt 0.2420 0.4727 0.0000
vt 0.2420 0.7983 0.0000
vt 0.2910 0.4726 0.0000
vt 0.2910 0.7983 0.0000
vt 0.2575 0.4726 0.0000
vt 0.2575 0.7982 0.0000
vt 0.2446 0.4727 0.0000
vt 0.2446 0.7983 0.0000
vt 0.2936 0.4726 0.0000
vt 0.2936 0.7983 0.0000
vt 0.1641 0.0020 0.0000
vt 0.1641 0.6216 0.0000
vt 0.1610 0.6216 0.0000
vt 0.1610 0.0020 0.0000
vt 0.1362 0.0020 0.0000
vt 0.1362 0.6216 0.0000
vt 0.1331 0.6216 0.0000
vt 0.1331 0.0020 0.0000
vt 0.2043 0.0020 0.0000
vt 0.2043 0.6216 0.0000
vt 0.2012 0.6216 0.0000
vt 0.2012 0.0020 0.0000
vt 0.1765 0.0020 0.0000
vt 0.1765 0.6216 0.0000
vt 0.1734 0.6216 0.0000
vt 0.1734 0.0020 0.0000
vt 0.1486 0.0020 0.0000
vt 0.1486 0.6216 0.0000
vt 0.1455 0.6216 0.0000
vt 0.1455 0.0020 0.0000
vt 0.2198 0.0020 0.0000
vt 0.2198 0.6216 0.0000
vt 0.2167 0.6216 0.0000
vt 0.2167 0.0020 0.0000
vt 0.1888 0.0020 0.0000
vt 0.1888 0.6216 0.0000
vt 0.1857 0.6216 0.0000
vt 0.1857 0.0020 0.0000
vt 0.1579 0.6216 0.0000
vt 0.1579 0.0020 0.0000
vt 0.1300 0.6216 0.0000
vt 0.1300 0.0020 0.0000
vt 0.1981 0.6216 0.0000
vt 0.1981 0.0020 0.0000
vt 0.1703 0.6216 0.0000
vt 0.1703 0.0020 0.0000
vt 0.1424 0.6216 0.0000
vt 0.1424 0.0020 0.0000
vt 0.2136 0.6216 0.0000
vt 0.2136 0.0020 0.0000
vt 0.1826 0.6216 0.0000
vt 0.1826 0.0020 0.0000
vt 0.1548 0.6216 0.0000
vt 0.1548 0.0020 0.0000
vt 0.2291 0.0020 0.0000
vt 0.2291 0.6216 0.0000
vt 0.2260 0.6216 0.0000
vt 0.2260 0.0020 0.0000
vt 0.1950 0.6216 0.0000
vt 0.1950 0.0020 0.0000
vt 0.1672 0.6216 0.0000
vt 0.1672 0.0020 0.0000
vt 0.1393 0.6216 0.0000
vt 0.1393 0.0020 0.0000
vt 0.2105 0.6216 0.0000
vt 0.2105 0.0020 0.0000
vt 0.1796 0.6216 0.0000
vt 0.1796 0.0020 0.0000
vt 0.1517 0.6216 0.0000
vt 0.1517 0.0020 0.0000
vt 0.2229 0.6216 0.0000
vt 0.2229 0.0020 0.0000
vt 0.1919 0.6216 0.0000
vt 0.1919 0.0020 0.0000
vt 0.2074 0.0020 0.0000
vt 0.2074 0.6216 0.0000
vt 0.1016 0.9994 0.0000
vt 0.0975 0.9994 0.0000
vt 0.0975 0.0020 0.0000
vt 0.1016 0.0020 0.0000
vt 0.0934 0.9994 0.0000
vt 0.0934 0.0020 0.0000
vt 0.0894 0.9994 0.0000
vt 0.0894 0.0020 0.0000
vt 0.0853 0.9994 0.0000
vt 0.0853 0.0020 0.0000
vt 0.0813 0.9994 0.0000
vt 0.0813 0.0020 0.0000
vt 0.0772 0.9994 0.0000
vt 0.0772 0.0020 0.0000
vt 0.0731 0.9994 0.0000
vt 0.0731 0.0020 0.0000
vt 0.0691 0.9994 0.0000
vt 0.0691 0.0020 0.0000
vt 0.0650 0.9994 0.0000
vt 0.0650 0.0020 0.0000
vt 0.0609 0.9994 0.0000
vt 0.0609 0.0020 0.0000
vt 0.0569 0.9994 0.0000
vt 0.0569 0.0020 0.0000
vt 0.0528 0.9994 0.0000
vt 0.0528 0.0020 0.0000
vt 0.0488 0.9994 0.0000
vt 0.0488 0.0020 0.0000
vt 0.0447 0.9994 0.0000
vt 0.0447 0.0020 0.0000
vt 0.0406 0.9994 0.0000
vt 0.0406 0.0020 0.0000
vt 0.0366 0.9994 0.0000
vt 0.0366 0.0020 0.0000
vt 0.0325 0.9994 0.0000
vt 0.0325 0.0020 0.0000
vt 0.0284 0.9994 0.0000
vt 0.0284 0.0020 0.0000
vt 0.0244 0.9994 0.0000
vt 0.0244 0.0020 0.0000
vt 0.0203 0.9994 0.0000
vt 0.0203 0.0020 0.0000
vt 0.0163 0.9994 0.0000
vt 0.0163 0.0020 0.0000
vt 0.0122 0.9994 0.0000
vt 0.0122 0.0020 0.0000
vt 0.0081 0.9994 0.0000
vt 0.0081 0.0020 0.0000
vt 0.0041 0.9994 0.0000
vt 0.0041 0.0020 0.0000
vt 0.0003 0.9994 0.0000
vt 0.0003 0.0020 0.0000
vt 0.1300 0.9994 0.0000
vt 0.1259 0.9994 0.0000
vt 0.1259 0.0020 0.0000
vt 0.1219 0.9994 0.0000
vt 0.1219 0.0020 0.0000
vt 0.1178 0.9994 0.0000
vt 0.1178 0.0020 0.0000
vt 0.1138 0.9994 0.0000
vt 0.1138 0.0020 0.0000
vt 0.1097 0.9994 0.0000
vt 0.1097 0.0020 0.0000
vt 0.1056 0.9994 0.0000
vt 0.1056 0.0020 0.0000
vt 0.1786 0.6987 0.0000
vt 0.1786 0.6956 0.0000
vt 0.1813 0.6956 0.0000
vt 0.1813 0.6987 0.0000
vt 0.1786 0.7142 0.0000
vt 0.1786 0.7111 0.0000
vt 0.1813 0.7111 0.0000
vt 0.1813 0.7142 0.0000
vt 0.1786 0.6554 0.0000
vt 0.1786 0.6523 0.0000
vt 0.1813 0.6523 0.0000
vt 0.1813 0.6554 0.0000
vt 0.1786 0.6925 0.0000
vt 0.1813 0.6925 0.0000
vt 0.1786 0.7080 0.0000
vt 0.1813 0.7080 0.0000
vt 0.1786 0.6492 0.0000
vt 0.1813 0.6492 0.0000
vt 0.1786 0.6894 0.0000
vt 0.1813 0.6894 0.0000
vt 0.1786 0.7049 0.0000
vt 0.1813 0.7049 0.0000
vt 0.1786 0.6461 0.0000
vt 0.1813 0.6461 0.0000
vt 0.1786 0.6863 0.0000
vt 0.1813 0.6863 0.0000
vt 0.1786 0.7018 0.0000
vt 0.1813 0.7018 0.0000
vt 0.1786 0.6430 0.0000
vt 0.1813 0.6430 0.0000
vt 0.1786 0.6832 0.0000
vt 0.1813 0.6832 0.0000
vt 0.1786 0.6399 0.0000
vt 0.1813 0.6399 0.0000
vt 0.1786 0.6802 0.0000
vt 0.1813 0.6802 0.0000
vt 0.1786 0.6368 0.0000
vt 0.1813 0.6368 0.0000
vt 0.1786 0.6771 0.0000
vt 0.1813 0.6771 0.0000
vt 0.1786 0.6337 0.0000
vt 0.1813 0.6337 0.0000
vt 0.1786 0.6740 0.0000
vt 0.1813 0.6740 0.0000
vt 0.1786 0.6306 0.0000
vt 0.1813 0.6306 0.0000
vt 0.1786 0.6709 0.0000
vt 0.1813 0.6709 0.0000
vt 0.1786 0.6275 0.0000
vt 0.1813 0.6275 0.0000
vt 0.1786 0.6678 0.0000
vt 0.1813 0.6678 0.0000
vt 0.1786 0.6244 0.0000
vt 0.1813 0.6244 0.0000
vt 0.1786 0.6647 0.0000
vt 0.1813 0.6647 0.0000
vt 0.1786 0.7235 0.0000
vt 0.1786 0.7204 0.0000
vt 0.1813 0.7204 0.0000
vt 0.1813 0.7235 0.0000
vt 0.1786 0.6616 0.0000
vt 0.1813 0.6616 0.0000
vt 0.1786 0.7173 0.0000
vt 0.1813 0.7173 0.0000
vt 0.1786 0.6585 0.0000
vt 0.1813 0.6585 0.0000
vt 0.1710 0.6974 0.0000
vt 0.1710 0.7005 0.0000
vt 0.1424 0.7005 0.0000
vt 0.1424 0.6974 0.0000
vt 0.1710 0.6693 0.0000
vt 0.1710 0.6724 0.0000
vt 0.1424 0.6724 0.0000
vt 0.1424 0.6693 0.0000
vt 0.1710 0.6412 0.0000
vt 0.1710 0.6443 0.0000
vt 0.1424 0.6443 0.0000
vt 0.1424 0.6412 0.0000
vt 0.1710 0.7099 0.0000
vt 0.1710 0.7130 0.0000
vt 0.1424 0.7130 0.0000
vt 0.1424 0.7099 0.0000
vt 0.1710 0.7161 0.0000
vt 0.1424 0.7161 0.0000
vt 0.1710 0.6818 0.0000
vt 0.1710 0.6849 0.0000
vt 0.1424 0.6849 0.0000
vt 0.1424 0.6818 0.0000
vt 0.1710 0.6537 0.0000
vt 0.1710 0.6568 0.0000
vt 0.1424 0.6568 0.0000
vt 0.1424 0.6537 0.0000
vt 0.1710 0.6255 0.0000
vt 0.1710 0.6287 0.0000
vt 0.1424 0.6287 0.0000
vt 0.1424 0.6255 0.0000
vt 0.1710 0.6943 0.0000
vt 0.1424 0.6943 0.0000
vt 0.1710 0.6661 0.0000
vt 0.1424 0.6661 0.0000
vt 0.1710 0.6380 0.0000
vt 0.1424 0.6380 0.0000
vt 0.1710 0.7067 0.0000
vt 0.1424 0.7067 0.0000
vt 0.1710 0.6786 0.0000
vt 0.1424 0.6786 0.0000
vt 0.1710 0.6505 0.0000
vt 0.1424 0.6505 0.0000
vt 0.1710 0.7224 0.0000
vt 0.1710 0.7255 0.0000
vt 0.1424 0.7255 0.0000
vt 0.1424 0.7224 0.0000
vt 0.1710 0.6911 0.0000
vt 0.1424 0.6911 0.0000
vt 0.1710 0.6630 0.0000
vt 0.1424 0.6630 0.0000
vt 0.1710 0.6349 0.0000
vt 0.1424 0.6349 0.0000
vt 0.1710 0.7036 0.0000
vt 0.1424 0.7036 0.0000
vt 0.1710 0.6755 0.0000
vt 0.1424 0.6755 0.0000
vt 0.1710 0.6474 0.0000
vt 0.1424 0.6474 0.0000
vt 0.1710 0.7192 0.0000
vt 0.1424 0.7192 0.0000
vt 0.1710 0.6880 0.0000
vt 0.1424 0.6880 0.0000
vt 0.1710 0.6599 0.0000
vt 0.1424 0.6599 0.0000
vt 0.1710 0.6318 0.0000
vt 0.1424 0.6318 0.0000
vt 0.1347 0.6318 0.0000
vt 0.1347 0.6287 0.0000
vt 0.1347 0.6599 0.0000
vt 0.1347 0.6568 0.0000
vt 0.1347 0.6880 0.0000
vt 0.1347 0.6849 0.0000
vt 0.1347 0.7192 0.0000
vt 0.1347 0.7161 0.0000
vt 0.1347 0.6474 0.0000
vt 0.1347 0.6443 0.0000
vt 0.1347 0.6755 0.0000
vt 0.1347 0.6724 0.0000
vt 0.1347 0.7036 0.0000
vt 0.1347 0.7005 0.0000
vt 0.1347 0.6349 0.0000
vt 0.1347 0.6630 0.0000
vt 0.1347 0.6911 0.0000
vt 0.1347 0.7224 0.0000
vt 0.1347 0.6505 0.0000
vt 0.1347 0.6786 0.0000
vt 0.1347 0.7067 0.0000
vt 0.1347 0.6380 0.0000
vt 0.1347 0.6661 0.0000
vt 0.1347 0.6943 0.0000
vt 0.1347 0.7255 0.0000
vt 0.1347 0.6537 0.0000
vt 0.1347 0.6818 0.0000
vt 0.1347 0.7099 0.0000
vt 0.1347 0.6412 0.0000
vt 0.1347 0.6693 0.0000
vt 0.1347 0.6974 0.0000
vt 0.1347 0.6255 0.0000
vt 0.1347 0.7130 0.0000
vt 0.2154 0.7237 0.0000
vt 0.1865 0.7237 0.0000
vt 0.1865 0.7196 0.0000
vt 0.2154 0.7196 0.0000
vt 0.2154 0.6870 0.0000
vt 0.1865 0.6870 0.0000
vt 0.1865 0.6830 0.0000
vt 0.2154 0.6830 0.0000
vt 0.2154 0.6504 0.0000
vt 0.1865 0.6504 0.0000
vt 0.1865 0.6463 0.0000
vt 0.2154 0.6463 0.0000
vt 0.2154 0.7400 0.0000
vt 0.1865 0.7400 0.0000
vt 0.1865 0.7360 0.0000
vt 0.2154 0.7360 0.0000
vt 0.2154 0.7441 0.0000
vt 0.1865 0.7441 0.0000
vt 0.2154 0.7033 0.0000
vt 0.1865 0.7033 0.0000
vt 0.1865 0.6993 0.0000
vt 0.2154 0.6993 0.0000
vt 0.2154 0.6667 0.0000
vt 0.1865 0.6667 0.0000
vt 0.1865 0.6626 0.0000
vt 0.2154 0.6626 0.0000
vt 0.2154 0.6300 0.0000
vt 0.1865 0.6300 0.0000
vt 0.1865 0.6259 0.0000
vt 0.2154 0.6259 0.0000
vt 0.1865 0.7156 0.0000
vt 0.2154 0.7156 0.0000
vt 0.1865 0.6789 0.0000
vt 0.2154 0.6789 0.0000
vt 0.1865 0.6422 0.0000
vt 0.2154 0.6422 0.0000
vt 0.1865 0.7319 0.0000
vt 0.2154 0.7319 0.0000
vt 0.1865 0.6952 0.0000
vt 0.2154 0.6952 0.0000
vt 0.1865 0.6585 0.0000
vt 0.2154 0.6585 0.0000
vt 0.2154 0.7563 0.0000
vt 0.1865 0.7563 0.0000
vt 0.1865 0.7523 0.0000
vt 0.2154 0.7523 0.0000
vt 0.1865 0.7115 0.0000
vt 0.2154 0.7115 0.0000
vt 0.1865 0.6748 0.0000
vt 0.2154 0.6748 0.0000
vt 0.1865 0.6381 0.0000
vt 0.2154 0.6381 0.0000
vt 0.1865 0.7278 0.0000
vt 0.2154 0.7278 0.0000
vt 0.1865 0.6911 0.0000
vt 0.2154 0.6911 0.0000
vt 0.1865 0.6544 0.0000
vt 0.2154 0.6544 0.0000
vt 0.1865 0.7482 0.0000
vt 0.2154 0.7482 0.0000
vt 0.1865 0.7074 0.0000
vt 0.2154 0.7074 0.0000
vt 0.1865 0.6707 0.0000
vt 0.2154 0.6707 0.0000
vt 0.1865 0.6341 0.0000
vt 0.2154 0.6341 0.0000
vt 0.2232 0.6341 0.0000
vt 0.2232 0.6300 0.0000
vt 0.2232 0.6707 0.0000
vt 0.2232 0.6667 0.0000
vt 0.2232 0.7074 0.0000
vt 0.2232 0.7033 0.0000
vt 0.2232 0.7482 0.0000
vt 0.2232 0.7441 0.0000
vt 0.2232 0.6544 0.0000
vt 0.2232 0.6504 0.0000
vt 0.2232 0.6911 0.0000
vt 0.2232 0.6870 0.0000
vt 0.2232 0.7278 0.0000
vt 0.2232 0.7237 0.0000
vt 0.2232 0.6381 0.0000
vt 0.2232 0.6748 0.0000
vt 0.2232 0.7115 0.0000
vt 0.2232 0.7523 0.0000
vt 0.2232 0.6585 0.0000
vt 0.2232 0.6952 0.0000
vt 0.2232 0.7319 0.0000
vt 0.2232 0.6422 0.0000
vt 0.2232 0.6789 0.0000
vt 0.2232 0.7156 0.0000
vt 0.2232 0.7563 0.0000
vt 0.2232 0.6626 0.0000
vt 0.2232 0.6993 0.0000
vt 0.2232 0.7360 0.0000
vt 0.2232 0.6463 0.0000
vt 0.2232 0.6830 0.0000
vt 0.2232 0.7196 0.0000
vt 0.2232 0.6259 0.0000
vt 0.2232 0.7400 0.0000
vt 0.1754 0.6738 0.0000
vt 0.1754 0.6769 0.0000
vt 0.1747 0.6769 0.0000
vt 0.1747 0.6738 0.0000
vt 0.1754 0.6799 0.0000
vt 0.1754 0.6830 0.0000
vt 0.1747 0.6830 0.0000
vt 0.1747 0.6799 0.0000
vt 0.4690 0.6276 0.0000
vt 0.4690 0.6234 0.0000
vt 0.4694 0.6234 0.0000
vt 0.4694 0.6276 0.0000
vt 0.1754 0.6707 0.0000
vt 0.1747 0.6707 0.0000
vt 0.4690 0.6193 0.0000
vt 0.4694 0.6193 0.0000
vt 0.1754 0.6676 0.0000
vt 0.1747 0.6676 0.0000
vt 0.1754 0.6583 0.0000
vt 0.1754 0.6614 0.0000
vt 0.1747 0.6614 0.0000
vt 0.1747 0.6583 0.0000
vt 0.4690 0.6151 0.0000
vt 0.4694 0.6151 0.0000
vt 0.1754 0.6645 0.0000
vt 0.1747 0.6645 0.0000
vt 0.1754 0.6552 0.0000
vt 0.1747 0.6552 0.0000
vt 0.4690 0.6110 0.0000
vt 0.4694 0.6110 0.0000
vt 0.1754 0.6521 0.0000
vt 0.1747 0.6521 0.0000
vt 0.1754 0.6428 0.0000
vt 0.1754 0.6459 0.0000
vt 0.1747 0.6459 0.0000
vt 0.1747 0.6428 0.0000
vt 0.4690 0.6068 0.0000
vt 0.4694 0.6068 0.0000
vt 0.1754 0.6490 0.0000
vt 0.1747 0.6490 0.0000
vt 0.1754 0.6397 0.0000
vt 0.1747 0.6397 0.0000
vt 0.4690 0.6027 0.0000
vt 0.4694 0.6027 0.0000
vt 0.1754 0.6335 0.0000
vt 0.1754 0.6366 0.0000
vt 0.1747 0.6366 0.0000
vt 0.1747 0.6335 0.0000
vt 0.4690 0.5985 0.0000
vt 0.4694 0.5985 0.0000
vt 0.1754 0.6273 0.0000
vt 0.1754 0.6304 0.0000
vt 0.1747 0.6304 0.0000
vt 0.1747 0.6273 0.0000
vt 0.4690 0.5944 0.0000
vt 0.4694 0.5944 0.0000
vt 0.1754 0.7233 0.0000
vt 0.1754 0.7264 0.0000
vt 0.1747 0.7264 0.0000
vt 0.1747 0.7233 0.0000
vt 0.4690 0.5903 0.0000
vt 0.4694 0.5903 0.0000
vt 0.4690 0.5861 0.0000
vt 0.4694 0.5861 0.0000
vt 0.1754 0.7109 0.0000
vt 0.1754 0.7140 0.0000
vt 0.1747 0.7140 0.0000
vt 0.1747 0.7109 0.0000
vt 0.4690 0.5820 0.0000
vt 0.4694 0.5820 0.0000
vt 0.1754 0.7016 0.0000
vt 0.1754 0.7047 0.0000
vt 0.1747 0.7047 0.0000
vt 0.1747 0.7016 0.0000
vt 0.4690 0.5778 0.0000
vt 0.4694 0.5778 0.0000
vt 0.1754 0.6985 0.0000
vt 0.1747 0.6985 0.0000
vt 0.4690 0.5737 0.0000
vt 0.4694 0.5737 0.0000
vt 0.1754 0.6954 0.0000
vt 0.1747 0.6954 0.0000
vt 0.4690 0.5695 0.0000
vt 0.4694 0.5695 0.0000
vt 0.1754 0.6923 0.0000
vt 0.1747 0.6923 0.0000
vt 0.4690 0.5654 0.0000
vt 0.4694 0.5654 0.0000
vt 0.4690 0.5612 0.0000
vt 0.4694 0.5612 0.0000
vt 0.4690 0.5571 0.0000
vt 0.4694 0.5571 0.0000
vt 0.4690 0.5530 0.0000
vt 0.4694 0.5530 0.0000
vt 0.1754 0.7202 0.0000
vt 0.1747 0.7202 0.0000
vt 0.4690 0.5488 0.0000
vt 0.4694 0.5488 0.0000
vt 0.1754 0.7171 0.0000
vt 0.1747 0.7171 0.0000
vt 0.4690 0.5447 0.0000
vt 0.4694 0.5447 0.0000
vt 0.4690 0.5405 0.0000
vt 0.4694 0.5405 0.0000
vt 0.4690 0.6524 0.0000
vt 0.4690 0.6483 0.0000
vt 0.4694 0.6483 0.0000
vt 0.4694 0.6524 0.0000
vt 0.1754 0.7078 0.0000
vt 0.1747 0.7078 0.0000
vt 0.4690 0.5364 0.0000
vt 0.4694 0.5364 0.0000
vt 0.4690 0.6441 0.0000
vt 0.4694 0.6441 0.0000
vt 0.4690 0.6690 0.0000
vt 0.4690 0.6649 0.0000
vt 0.4694 0.6649 0.0000
vt 0.4694 0.6690 0.0000
vt 0.4690 0.6400 0.0000
vt 0.4694 0.6400 0.0000
vt 0.1754 0.6892 0.0000
vt 0.1747 0.6892 0.0000
vt 0.4690 0.6607 0.0000
vt 0.4694 0.6607 0.0000
vt 0.4690 0.6358 0.0000
vt 0.4694 0.6358 0.0000
vt 0.1754 0.6861 0.0000
vt 0.1747 0.6861 0.0000
vt 0.4690 0.6566 0.0000
vt 0.4694 0.6566 0.0000
vt 0.4690 0.6317 0.0000
vt 0.4694 0.6317 0.0000
vt 0.3228 0.5351 0.0000
vt 0.4621 0.5343 0.0000
vt 0.4620 0.6732 0.0000
vt 0.3228 0.6747 0.0000
vt 0.3255 0.5234 0.0000
vt 0.3255 0.3850 0.0000
vt 0.4644 0.3856 0.0000
vt 0.4644 0.5248 0.0000
vt 0.4692 0.5250 0.0000
vt 0.4647 0.5248 0.0000
vt 0.4647 0.3856 0.0000
vt 0.4692 0.3853 0.0000
vt 0.4644 0.5250 0.0000
vt 0.4646 0.5295 0.0000
vt 0.3252 0.5281 0.0000
vt 0.3255 0.5237 0.0000
vt 0.4647 0.3808 0.0000
vt 0.4645 0.3853 0.0000
vt 0.3255 0.3847 0.0000
vt 0.3253 0.3803 0.0000
vt 0.3207 0.5238 0.0000
vt 0.3206 0.5237 0.0000
vt 0.3208 0.5237 0.0000
vt 0.3208 0.5238 0.0000
vt 0.3251 0.5283 0.0000
vt 0.3250 0.5281 0.0000
vt 0.3252 0.5283 0.0000
vt 0.4621 0.6733 0.0000
vt 0.4620 0.6733 0.0000
vt 0.4621 0.6732 0.0000
vt 0.3254 0.5235 0.0000
vt 0.3252 0.5236 0.0000
vt 0.3252 0.5234 0.0000
vt 0.3253 0.5234 0.0000
vt 0.3255 0.5236 0.0000
vt 0.3253 0.5237 0.0000
vt 0.4693 0.5252 0.0000
vt 0.4692 0.5252 0.0000
vt 0.4693 0.5250 0.0000
vt 0.3227 0.6748 0.0000
vt 0.3227 0.6747 0.0000
vt 0.3228 0.6748 0.0000
vt 0.4648 0.5297 0.0000
vt 0.4646 0.5297 0.0000
vt 0.4648 0.5295 0.0000
vt 0.4645 0.5249 0.0000
vt 0.4645 0.5248 0.0000
vt 0.4647 0.5249 0.0000
vt 0.4646 0.5250 0.0000
vt 0.4644 0.5249 0.0000
vt 0.3251 0.3802 0.0000
vt 0.3253 0.3801 0.0000
vt 0.3251 0.3803 0.0000
vt 0.3207 0.3846 0.0000
vt 0.3208 0.3846 0.0000
vt 0.3208 0.3848 0.0000
vt 0.3206 0.3848 0.0000
vt 0.4622 0.5342 0.0000
vt 0.4622 0.5343 0.0000
vt 0.4621 0.5342 0.0000
vt 0.3254 0.3849 0.0000
vt 0.3253 0.3848 0.0000
vt 0.3255 0.3849 0.0000
vt 0.3254 0.3850 0.0000
vt 0.3252 0.3850 0.0000
vt 0.3252 0.3849 0.0000
vt 0.4648 0.3807 0.0000
vt 0.4649 0.3808 0.0000
vt 0.4647 0.3807 0.0000
vt 0.3227 0.5350 0.0000
vt 0.3228 0.5350 0.0000
vt 0.3227 0.5351 0.0000
vt 0.4693 0.3852 0.0000
vt 0.4693 0.3853 0.0000
vt 0.4692 0.3852 0.0000
vt 0.4646 0.3855 0.0000
vt 0.4644 0.3855 0.0000
vt 0.4646 0.3853 0.0000
vt 0.4647 0.3854 0.0000
vt 0.4646 0.3856 0.0000
vt 0.1746 0.8238 0.0000
vt 0.1665 0.8238 0.0000
vt 0.1665 0.8149 0.0000
vt 0.1746 0.8149 0.0000
vt 0.2203 0.7941 0.0000
vt 0.2156 0.7998 0.0000
vt 0.2020 0.7836 0.0000
vt 0.1479 0.8327 0.0000
vt 0.1455 0.8327 0.0000
vt 0.1455 0.8238 0.0000
vt 0.1479 0.8238 0.0000
vt 0.1406 0.8327 0.0000
vt 0.1382 0.8327 0.0000
vt 0.1382 0.8238 0.0000
vt 0.1406 0.8238 0.0000
vt 0.1455 0.8416 0.0000
vt 0.1430 0.8416 0.0000
vt 0.1430 0.8327 0.0000
vt 0.1665 0.8327 0.0000
vt 0.1665 0.8416 0.0000
vt 0.1580 0.8416 0.0000
vt 0.1580 0.8327 0.0000
vt 0.1580 0.8860 0.0000
vt 0.1580 0.8948 0.0000
vt 0.1479 0.8948 0.0000
vt 0.1479 0.8860 0.0000
vt 0.1479 0.8504 0.0000
vt 0.1455 0.8504 0.0000
vt 0.1479 0.8416 0.0000
vt 0.2228 0.7799 0.0000
vt 0.2228 0.7873 0.0000
vt 0.1746 0.8416 0.0000
vt 0.1746 0.8327 0.0000
vt 0.1455 0.8948 0.0000
vt 0.1455 0.8860 0.0000
vt 0.1406 0.8416 0.0000
vt 0.1382 0.8416 0.0000
vt 0.1746 0.8504 0.0000
vt 0.1665 0.8504 0.0000
vt 0.1665 0.8860 0.0000
vt 0.1665 0.8948 0.0000
vt 0.1580 0.8504 0.0000
vt 0.1580 0.8593 0.0000
vt 0.1479 0.8593 0.0000
vt 0.1406 0.8504 0.0000
vt 0.1382 0.8504 0.0000
vt 0.1455 0.8593 0.0000
vt 0.1430 0.8593 0.0000
vt 0.1430 0.8504 0.0000
vt 0.1665 0.8593 0.0000
vt 0.2203 0.7730 0.0000
vt 0.1746 0.8593 0.0000
vt 0.1430 0.8682 0.0000
vt 0.1406 0.8682 0.0000
vt 0.1406 0.8593 0.0000
vt 0.1580 0.8682 0.0000
vt 0.1479 0.8682 0.0000
vt 0.1382 0.8593 0.0000
vt 0.1455 0.8682 0.0000
vt 0.2156 0.7674 0.0000
vt 0.1746 0.8682 0.0000
vt 0.1665 0.8682 0.0000
vt 0.1665 0.8771 0.0000
vt 0.1580 0.8771 0.0000
vt 0.1479 0.8771 0.0000
vt 0.1382 0.8682 0.0000
vt 0.1455 0.8771 0.0000
vt 0.1430 0.8771 0.0000
vt 0.2092 0.7638 0.0000
vt 0.1746 0.8771 0.0000
vt 0.1406 0.8771 0.0000
vt 0.1382 0.8771 0.0000
vt 0.1430 0.8860 0.0000
vt 0.2020 0.7625 0.0000
vt 0.1746 0.8860 0.0000
vt 0.1479 0.8061 0.0000
vt 0.1479 0.8149 0.0000
vt 0.1455 0.8149 0.0000
vt 0.1455 0.8061 0.0000
vt 0.1430 0.8149 0.0000
vt 0.1430 0.8061 0.0000
vt 0.1406 0.8860 0.0000
vt 0.1382 0.8860 0.0000
vt 0.1430 0.8948 0.0000
vt 0.1948 0.7637 0.0000
vt 0.1746 0.8948 0.0000
vt 0.1580 0.8149 0.0000
vt 0.1580 0.8061 0.0000
vt 0.1665 0.8061 0.0000
vt 0.1665 0.7350 0.0000
vt 0.1665 0.7439 0.0000
vt 0.1580 0.7439 0.0000
vt 0.1580 0.7350 0.0000
vt 0.1479 0.7439 0.0000
vt 0.1479 0.7350 0.0000
vt 0.1406 0.8948 0.0000
vt 0.1382 0.8948 0.0000
vt 0.1455 0.7350 0.0000
vt 0.1455 0.7439 0.0000
vt 0.1430 0.7439 0.0000
vt 0.1430 0.7350 0.0000
vt 0.1884 0.7674 0.0000
vt 0.1580 0.7528 0.0000
vt 0.1479 0.7528 0.0000
vt 0.1406 0.7350 0.0000
vt 0.1406 0.7439 0.0000
vt 0.1382 0.7439 0.0000
vt 0.1382 0.7350 0.0000
vt 0.1455 0.7528 0.0000
vt 0.1430 0.7528 0.0000
vt 0.1665 0.7528 0.0000
vt 0.1746 0.7439 0.0000
vt 0.1746 0.7350 0.0000
vt 0.1837 0.7730 0.0000
vt 0.1746 0.7528 0.0000
vt 0.1665 0.7617 0.0000
vt 0.1580 0.7617 0.0000
vt 0.1479 0.7617 0.0000
vt 0.1406 0.7528 0.0000
vt 0.1382 0.7528 0.0000
vt 0.1455 0.7617 0.0000
vt 0.1430 0.7617 0.0000
vt 0.1812 0.7799 0.0000
vt 0.1746 0.7617 0.0000
vt 0.1665 0.7705 0.0000
vt 0.1580 0.7705 0.0000
vt 0.1479 0.7705 0.0000
vt 0.1406 0.7617 0.0000
vt 0.1382 0.7617 0.0000
vt 0.1455 0.7705 0.0000
vt 0.1430 0.7705 0.0000
vt 0.1812 0.7872 0.0000
vt 0.1746 0.7705 0.0000
vt 0.1665 0.7794 0.0000
vt 0.1580 0.7794 0.0000
vt 0.1479 0.7794 0.0000
vt 0.1406 0.7705 0.0000
vt 0.1382 0.7705 0.0000
vt 0.1455 0.7794 0.0000
vt 0.1430 0.7794 0.0000
vt 0.1837 0.7941 0.0000
vt 0.1884 0.7998 0.0000
vt 0.1665 0.7883 0.0000
vt 0.1580 0.7883 0.0000
vt 0.1479 0.7883 0.0000
vt 0.1406 0.7794 0.0000
vt 0.1382 0.7794 0.0000
vt 0.1455 0.7883 0.0000
vt 0.1430 0.7883 0.0000
vt 0.1746 0.7794 0.0000
vt 0.1746 0.7883 0.0000
vt 0.1665 0.7972 0.0000
vt 0.1580 0.7972 0.0000
vt 0.1479 0.7972 0.0000
vt 0.1406 0.7883 0.0000
vt 0.1382 0.7883 0.0000
vt 0.1455 0.7972 0.0000
vt 0.1430 0.7972 0.0000
vt 0.1948 0.8034 0.0000
vt 0.1746 0.7972 0.0000
vt 0.1406 0.7972 0.0000
vt 0.1382 0.7972 0.0000
vt 0.2020 0.8047 0.0000
vt 0.1746 0.8061 0.0000
vt 0.1406 0.8061 0.0000
vt 0.1382 0.8061 0.0000
vt 0.2092 0.8034 0.0000
vt 0.1580 0.8238 0.0000
vt 0.1406 0.8149 0.0000
vt 0.1382 0.8149 0.0000
vt 0.1430 0.8238 0.0000
vt 0.1751 0.8327 0.0000
vt 0.1751 0.8238 0.0000
vt 0.2141 0.8777 0.0000
vt 0.2141 0.8423 0.0000
vt 0.2262 0.8755 0.0000
vt 0.2232 0.7873 0.0000
vt 0.2206 0.7943 0.0000
vt 0.1751 0.8593 0.0000
vt 0.1751 0.8504 0.0000
vt 0.2158 0.7671 0.0000
vt 0.2206 0.7728 0.0000
vt 0.1751 0.8948 0.0000
vt 0.1751 0.8860 0.0000
vt 0.1882 0.7671 0.0000
vt 0.1946 0.7634 0.0000
vt 0.1751 0.7705 0.0000
vt 0.1751 0.7617 0.0000
vt 0.1834 0.7943 0.0000
vt 0.1808 0.7873 0.0000
vt 0.1751 0.8061 0.0000
vt 0.1751 0.7972 0.0000
vt 0.2093 0.8038 0.0000
vt 0.2020 0.8051 0.0000
vt 0.2158 0.8001 0.0000
vt 0.1751 0.8149 0.0000
vt 0.1751 0.7528 0.0000
vt 0.1808 0.7798 0.0000
vt 0.1751 0.7883 0.0000
vt 0.1946 0.8038 0.0000
vt 0.1751 0.8416 0.0000
vt 0.2232 0.7799 0.0000
vt 0.1751 0.8771 0.0000
vt 0.2020 0.7621 0.0000
vt 0.1751 0.7439 0.0000
vt 0.1834 0.7728 0.0000
vt 0.1751 0.7794 0.0000
vt 0.1882 0.8001 0.0000
vt 0.1751 0.8682 0.0000
vt 0.2094 0.7634 0.0000
vt 0.1751 0.7350 0.0000
vt 0.2020 0.8755 0.0000
vt 0.1914 0.8694 0.0000
vt 0.1914 0.8152 0.0000
vt 0.1835 0.8246 0.0000
vt 0.2262 0.8091 0.0000
vt 0.2141 0.8070 0.0000
vt 0.1793 0.8485 0.0000
vt 0.1835 0.8600 0.0000
vt 0.2489 0.8362 0.0000
vt 0.2447 0.8246 0.0000
vt 0.2368 0.8694 0.0000
vt 0.2489 0.8485 0.0000
vt 0.2020 0.8091 0.0000
vt 0.2447 0.8600 0.0000
vt 0.2368 0.8152 0.0000
vt 0.1793 0.8362 0.0000
vt 0.6746 0.3910 0.0000
vt 0.7036 0.3934 0.0000
vt 0.7040 0.6235 0.0000
vt 0.6746 0.6259 0.0000
vt 0.7056 0.3910 0.0000
vt 0.7349 0.3934 0.0000
vt 0.7345 0.5517 0.0000
vt 0.7056 0.5540 0.0000
vt 0.7365 0.3910 0.0000
vt 0.7658 0.3934 0.0000
vt 0.7654 0.5517 0.0000
vt 0.7365 0.5540 0.0000
vt 0.4808 0.6244 0.0000
vt 0.4808 0.6237 0.0000
vt 0.4815 0.6237 0.0000
vt 0.4815 0.6244 0.0000
vt 0.7357 0.3927 0.0000
vt 0.7362 0.3926 0.0000
vt 0.7364 0.3933 0.0000
vt 0.7356 0.3934 0.0000
vt 0.7350 0.3926 0.0000
vt 0.7048 0.6243 0.0000
vt 0.7049 0.6245 0.0000
vt 0.7041 0.6247 0.0000
vt 0.7041 0.6243 0.0000
vt 0.7048 0.6235 0.0000
vt 0.7053 0.6243 0.0000
vt 0.7055 0.6236 0.0000
vt 0.7357 0.3924 0.0000
vt 0.6738 0.3926 0.0000
vt 0.6738 0.3934 0.0000
vt 0.6730 0.3934 0.0000
vt 0.6731 0.3926 0.0000
vt 0.7353 0.5524 0.0000
vt 0.7354 0.5527 0.0000
vt 0.7347 0.5528 0.0000
vt 0.7346 0.5525 0.0000
vt 0.7353 0.5517 0.0000
vt 0.7358 0.5525 0.0000
vt 0.7361 0.5518 0.0000
vt 0.6435 0.6248 0.0000
vt 0.6427 0.6248 0.0000
vt 0.6427 0.6240 0.0000
vt 0.6435 0.6241 0.0000
vt 0.6743 0.3926 0.0000
vt 0.6745 0.3933 0.0000
vt 0.7662 0.5524 0.0000
vt 0.7655 0.5524 0.0000
vt 0.7662 0.5517 0.0000
vt 0.7667 0.5525 0.0000
vt 0.7669 0.5518 0.0000
vt 0.4808 0.3899 0.0000
vt 0.4815 0.3899 0.0000
vt 0.4815 0.3906 0.0000
vt 0.4808 0.3906 0.0000
vt 0.7044 0.3926 0.0000
vt 0.7049 0.3926 0.0000
vt 0.7051 0.3933 0.0000
vt 0.7043 0.3934 0.0000
vt 0.7037 0.3926 0.0000
vt 0.7663 0.5527 0.0000
vt 0.7656 0.5528 0.0000
vt 0.7044 0.3924 0.0000
vt 0.6430 0.3903 0.0000
vt 0.6430 0.3910 0.0000
vt 0.6423 0.3911 0.0000
vt 0.6423 0.3903 0.0000
vt 0.7665 0.3927 0.0000
vt 0.7671 0.3926 0.0000
vt 0.7673 0.3933 0.0000
vt 0.7665 0.3934 0.0000
vt 0.7658 0.3926 0.0000
vt 0.6732 0.6243 0.0000
vt 0.6733 0.6245 0.0000
vt 0.6725 0.6247 0.0000
vt 0.6725 0.6243 0.0000
vt 0.6724 0.6235 0.0000
vt 0.6732 0.6235 0.0000
vt 0.6737 0.6243 0.0000
vt 0.6739 0.6236 0.0000
vt 0.7666 0.3924 0.0000
vt 0.7057 0.5547 0.0000
vt 0.6436 0.3903 0.0000
vt 0.6437 0.3899 0.0000
vt 0.6731 0.3922 0.0000
vt 0.6436 0.3910 0.0000
vt 0.7057 0.3903 0.0000
vt 0.6747 0.6266 0.0000
vt 0.6747 0.6270 0.0000
vt 0.7366 0.5547 0.0000
vt 0.6747 0.3903 0.0000
vt 0.6747 0.3899 0.0000
vt 0.7037 0.3922 0.0000
vt 0.7366 0.3903 0.0000
vt 0.6436 0.6266 0.0000
vt 0.6437 0.6270 0.0000
vt 0.6436 0.6259 0.0000
vt 0.7366 0.3899 0.0000
vt 0.7659 0.3923 0.0000
vt 0.7366 0.5551 0.0000
vt 0.7057 0.5551 0.0000
vt 0.6739 0.3924 0.0000
vt 0.7057 0.3899 0.0000
vt 0.7350 0.3923 0.0000
vt 0.3427 0.8703 0.0000
vt 0.3308 0.8703 0.0000
vt 0.3308 0.8631 0.0000
vt 0.3427 0.8631 0.0000
vt 0.3709 0.8533 0.0000
vt 0.3790 0.8533 0.0000
vt 0.3790 0.8608 0.0000
vt 0.3709 0.8608 0.0000
vt 0.3890 0.7885 0.0000
vt 0.3890 0.7936 0.0000
vt 0.3804 0.7936 0.0000
vt 0.3804 0.7885 0.0000
vt 0.3890 0.7833 0.0000
vt 0.3804 0.7833 0.0000
vt 0.3890 0.7781 0.0000
vt 0.3804 0.7781 0.0000
vt 0.3890 0.7729 0.0000
vt 0.3804 0.7729 0.0000
vt 0.3890 0.7677 0.0000
vt 0.3804 0.7677 0.0000
vt 0.3890 0.7626 0.0000
vt 0.3804 0.7626 0.0000
vt 0.3890 0.7574 0.0000
vt 0.3804 0.7574 0.0000
vt 0.3890 0.7522 0.0000
vt 0.3804 0.7522 0.0000
vt 0.3890 0.7470 0.0000
vt 0.3804 0.7470 0.0000
vt 0.3890 0.7418 0.0000
vt 0.3804 0.7418 0.0000
vt 0.3890 0.7367 0.0000
vt 0.3804 0.7367 0.0000
vt 0.3890 0.7315 0.0000
vt 0.3804 0.7315 0.0000
vt 0.3890 0.7263 0.0000
vt 0.3804 0.7263 0.0000
vt 0.3890 0.7211 0.0000
vt 0.3804 0.7211 0.0000
vt 0.3890 0.7159 0.0000
vt 0.3804 0.7159 0.0000
vt 0.3890 0.7107 0.0000
vt 0.3804 0.7107 0.0000
vt 0.3890 0.7056 0.0000
vt 0.3804 0.7056 0.0000
vt 0.3890 0.7004 0.0000
vt 0.3804 0.7004 0.0000
vt 0.3890 0.6952 0.0000
vt 0.3804 0.6952 0.0000
vt 0.3890 0.6900 0.0000
vt 0.3804 0.6900 0.0000
vt 0.3890 0.6848 0.0000
vt 0.3804 0.6848 0.0000
vt 0.3890 0.6797 0.0000
vt 0.3804 0.6797 0.0000
vt 0.3890 0.6745 0.0000
vt 0.3804 0.6745 0.0000
vt 0.3890 0.8351 0.0000
vt 0.3890 0.8403 0.0000
vt 0.3804 0.8403 0.0000
vt 0.3804 0.8351 0.0000
vt 0.3890 0.8299 0.0000
vt 0.3804 0.8299 0.0000
vt 0.3890 0.8247 0.0000
vt 0.3804 0.8247 0.0000
vt 0.3890 0.8195 0.0000
vt 0.3804 0.8195 0.0000
vt 0.3890 0.8144 0.0000
vt 0.3804 0.8144 0.0000
vt 0.3890 0.8092 0.0000
vt 0.3804 0.8092 0.0000
vt 0.3890 0.7988 0.0000
vt 0.3804 0.7988 0.0000
vt 0.3890 0.8040 0.0000
vt 0.3804 0.8040 0.0000
vt 0.3427 0.8340 0.0000
vt 0.3308 0.8340 0.0000
vt 0.3308 0.8268 0.0000
vt 0.3427 0.8268 0.0000
vt 0.3308 0.8195 0.0000
vt 0.3427 0.8195 0.0000
vt 0.3308 0.8123 0.0000
vt 0.3427 0.8123 0.0000
vt 0.3308 0.8050 0.0000
vt 0.3427 0.8050 0.0000
vt 0.3308 0.7978 0.0000
vt 0.3427 0.7978 0.0000
vt 0.3308 0.7905 0.0000
vt 0.3427 0.7905 0.0000
vt 0.3308 0.7833 0.0000
vt 0.3427 0.7833 0.0000
vt 0.3308 0.7760 0.0000
vt 0.3427 0.7760 0.0000
vt 0.3308 0.7688 0.0000
vt 0.3427 0.7688 0.0000
vt 0.3308 0.7615 0.0000
vt 0.3427 0.7615 0.0000
vt 0.3308 0.7543 0.0000
vt 0.3427 0.7543 0.0000
vt 0.3308 0.7470 0.0000
vt 0.3427 0.7470 0.0000
vt 0.3308 0.7398 0.0000
vt 0.3427 0.7398 0.0000
vt 0.3308 0.7325 0.0000
vt 0.3427 0.7325 0.0000
vt 0.3308 0.7253 0.0000
vt 0.3427 0.7253 0.0000
vt 0.3308 0.7180 0.0000
vt 0.3427 0.7180 0.0000
vt 0.3308 0.7107 0.0000
vt 0.3427 0.7107 0.0000
vt 0.3308 0.7035 0.0000
vt 0.3427 0.7035 0.0000
vt 0.3308 0.6962 0.0000
vt 0.3427 0.6962 0.0000
vt 0.3308 0.6890 0.0000
vt 0.3427 0.6890 0.0000
vt 0.3308 0.6817 0.0000
vt 0.3427 0.6817 0.0000
vt 0.3308 0.6745 0.0000
vt 0.3427 0.6745 0.0000
vt 0.3427 0.9066 0.0000
vt 0.3308 0.9066 0.0000
vt 0.3308 0.8993 0.0000
vt 0.3427 0.8993 0.0000
vt 0.3308 0.8921 0.0000
vt 0.3427 0.8921 0.0000
vt 0.3308 0.8848 0.0000
vt 0.3427 0.8848 0.0000
vt 0.3308 0.8776 0.0000
vt 0.3427 0.8776 0.0000
vt 0.3427 0.8413 0.0000
vt 0.3308 0.8413 0.0000
vt 0.3709 0.8682 0.0000
vt 0.3790 0.8682 0.0000
vt 0.3790 0.8757 0.0000
vt 0.3709 0.8757 0.0000
vt 0.3308 0.8558 0.0000
vt 0.3427 0.8558 0.0000
vt 0.3965 0.7411 0.0000
vt 0.3902 0.7411 0.0000
vt 0.3902 0.7345 0.0000
vt 0.3965 0.7345 0.0000
vt 0.3965 0.7011 0.0000
vt 0.3902 0.7011 0.0000
vt 0.3902 0.6945 0.0000
vt 0.3965 0.6945 0.0000
vt 0.7422 0.5975 0.0000
vt 0.7396 0.5718 0.0000
vt 0.7447 0.5718 0.0000
vt 0.3965 0.7478 0.0000
vt 0.3902 0.7478 0.0000
vt 0.3965 0.7944 0.0000
vt 0.3902 0.7944 0.0000
vt 0.3902 0.7878 0.0000
vt 0.3965 0.7878 0.0000
vt 0.7497 0.6222 0.0000
vt 0.7447 0.6232 0.0000
vt 0.3965 0.6878 0.0000
vt 0.3902 0.6878 0.0000
vt 0.3902 0.6811 0.0000
vt 0.3965 0.6811 0.0000
vt 0.2066 0.7320 0.0000
vt 0.2529 0.7320 0.0000
vt 0.2529 0.7372 0.0000
vt 0.2066 0.7372 0.0000
vt 0.3965 0.8211 0.0000
vt 0.3902 0.8211 0.0000
vt 0.3902 0.8144 0.0000
vt 0.3965 0.8144 0.0000
vt 0.7649 0.5854 0.0000
vt 0.7669 0.5900 0.0000
vt 0.3965 0.8877 0.0000
vt 0.3902 0.8877 0.0000
vt 0.3902 0.8811 0.0000
vt 0.3965 0.8811 0.0000
vt 0.3965 0.8011 0.0000
vt 0.3902 0.8011 0.0000
vt 0.3965 0.7278 0.0000
vt 0.3902 0.7278 0.0000
vt 0.3965 0.8078 0.0000
vt 0.3902 0.8078 0.0000
vt 0.3902 0.8744 0.0000
vt 0.3965 0.8744 0.0000
vt 0.3902 0.7811 0.0000
vt 0.3965 0.7811 0.0000
vt 0.7194 0.5854 0.0000
vt 0.7222 0.5812 0.0000
vt 0.3902 0.8677 0.0000
vt 0.3965 0.8677 0.0000
vt 0.3902 0.7744 0.0000
vt 0.3965 0.7744 0.0000
vt 0.3902 0.8611 0.0000
vt 0.3965 0.8611 0.0000
vt 0.3902 0.7678 0.0000
vt 0.3965 0.7678 0.0000
vt 0.7543 0.6203 0.0000
vt 0.3902 0.8544 0.0000
vt 0.3965 0.8544 0.0000
vt 0.3902 0.7611 0.0000
vt 0.3965 0.7611 0.0000
vt 0.3965 0.8411 0.0000
vt 0.3902 0.8411 0.0000
vt 0.3902 0.8344 0.0000
vt 0.3965 0.8344 0.0000
vt 0.3902 0.7544 0.0000
vt 0.3965 0.7544 0.0000
vt 0.7222 0.6139 0.0000
vt 0.7194 0.6097 0.0000
vt 0.3902 0.8477 0.0000
vt 0.3965 0.8477 0.0000
vt 0.2066 0.8000 0.0000
vt 0.2529 0.8000 0.0000
vt 0.2529 0.8052 0.0000
vt 0.2066 0.8052 0.0000
vt 0.2922 0.8138 0.0000
vt 0.3161 0.8138 0.0000
vt 0.3161 0.8208 0.0000
vt 0.2922 0.8208 0.0000
vt 0.7347 0.6222 0.0000
vt 0.7300 0.6203 0.0000
vt 0.3965 0.8277 0.0000
vt 0.3902 0.8277 0.0000
vt 0.3965 0.7145 0.0000
vt 0.3902 0.7145 0.0000
vt 0.3902 0.7078 0.0000
vt 0.3965 0.7078 0.0000
vt 0.3709 0.8459 0.0000
vt 0.3790 0.8459 0.0000
vt 0.3308 0.8486 0.0000
vt 0.3427 0.8486 0.0000
vt 0.3175 0.7712 0.0000
vt 0.3294 0.7712 0.0000
vt 0.3294 0.7808 0.0000
vt 0.3175 0.7808 0.0000
vt 0.3709 0.8831 0.0000
vt 0.3790 0.8831 0.0000
vt 0.3790 0.8906 0.0000
vt 0.3709 0.8906 0.0000
vt 0.3790 0.8980 0.0000
vt 0.3709 0.8980 0.0000
vt 0.3790 0.9055 0.0000
vt 0.3709 0.9055 0.0000
vt 0.3790 0.9129 0.0000
vt 0.3709 0.9129 0.0000
vt 0.3709 0.6745 0.0000
vt 0.3790 0.6745 0.0000
vt 0.3790 0.6819 0.0000
vt 0.3709 0.6819 0.0000
vt 0.3790 0.6894 0.0000
vt 0.3709 0.6894 0.0000
vt 0.3790 0.6968 0.0000
vt 0.3709 0.6968 0.0000
vt 0.3790 0.7043 0.0000
vt 0.3709 0.7043 0.0000
vt 0.3790 0.7117 0.0000
vt 0.3709 0.7117 0.0000
vt 0.3790 0.7192 0.0000
vt 0.3709 0.7192 0.0000
vt 0.3790 0.7266 0.0000
vt 0.3709 0.7266 0.0000
vt 0.3790 0.7341 0.0000
vt 0.3709 0.7341 0.0000
vt 0.3790 0.7415 0.0000
vt 0.3709 0.7415 0.0000
vt 0.3790 0.7490 0.0000
vt 0.3709 0.7490 0.0000
vt 0.3790 0.7564 0.0000
vt 0.3709 0.7564 0.0000
vt 0.3790 0.7639 0.0000
vt 0.3709 0.7639 0.0000
vt 0.3790 0.7713 0.0000
vt 0.3709 0.7713 0.0000
vt 0.3790 0.7788 0.0000
vt 0.3709 0.7788 0.0000
vt 0.3790 0.7863 0.0000
vt 0.3709 0.7863 0.0000
vt 0.3790 0.7937 0.0000
vt 0.3709 0.7937 0.0000
vt 0.3790 0.8012 0.0000
vt 0.3709 0.8012 0.0000
vt 0.3790 0.8086 0.0000
vt 0.3709 0.8086 0.0000
vt 0.3790 0.8161 0.0000
vt 0.3709 0.8161 0.0000
vt 0.3790 0.8235 0.0000
vt 0.3709 0.8235 0.0000
vt 0.3790 0.8310 0.0000
vt 0.3709 0.8310 0.0000
vt 0.3790 0.8384 0.0000
vt 0.3709 0.8384 0.0000
vt 0.3695 0.7389 0.0000
vt 0.3575 0.7389 0.0000
vt 0.3575 0.7317 0.0000
vt 0.3695 0.7317 0.0000
vt 0.3695 0.7245 0.0000
vt 0.3575 0.7245 0.0000
vt 0.3575 0.7174 0.0000
vt 0.3695 0.7174 0.0000
vt 0.1463 0.8889 0.0000
vt 0.1706 0.8889 0.0000
vt 0.1706 0.8987 0.0000
vt 0.1462 0.8986 0.0000
vt 0.3695 0.7532 0.0000
vt 0.3575 0.7532 0.0000
vt 0.3575 0.7460 0.0000
vt 0.3695 0.7460 0.0000
vt 0.3695 0.7603 0.0000
vt 0.3575 0.7603 0.0000
vt 0.3695 0.7675 0.0000
vt 0.3575 0.7675 0.0000
vt 0.3695 0.7746 0.0000
vt 0.3575 0.7746 0.0000
vt 0.3695 0.7818 0.0000
vt 0.3575 0.7818 0.0000
vt 0.3695 0.7889 0.0000
vt 0.3575 0.7889 0.0000
vt 0.3695 0.7961 0.0000
vt 0.3575 0.7961 0.0000
vt 0.3695 0.8032 0.0000
vt 0.3575 0.8032 0.0000
vt 0.3695 0.8104 0.0000
vt 0.3575 0.8104 0.0000
vt 0.3695 0.8175 0.0000
vt 0.3575 0.8175 0.0000
vt 0.3695 0.8247 0.0000
vt 0.3575 0.8247 0.0000
vt 0.3695 0.8318 0.0000
vt 0.3575 0.8318 0.0000
vt 0.3695 0.8390 0.0000
vt 0.3575 0.8390 0.0000
vt 0.2058 0.8367 0.0000
vt 0.2058 0.8437 0.0000
vt 0.1722 0.8437 0.0000
vt 0.1722 0.8366 0.0000
vt 0.3695 0.8533 0.0000
vt 0.3575 0.8533 0.0000
vt 0.3575 0.8461 0.0000
vt 0.3695 0.8461 0.0000
vt 0.2058 0.8507 0.0000
vt 0.2058 0.8578 0.0000
vt 0.1722 0.8578 0.0000
vt 0.1722 0.8507 0.0000
vt 0.3695 0.8676 0.0000
vt 0.3575 0.8676 0.0000
vt 0.3575 0.8604 0.0000
vt 0.3695 0.8604 0.0000
vt 0.3695 0.8747 0.0000
vt 0.3575 0.8747 0.0000
vt 0.3695 0.8819 0.0000
vt 0.3575 0.8819 0.0000
vt 0.3695 0.8890 0.0000
vt 0.3575 0.8890 0.0000
vt 0.3695 0.8962 0.0000
vt 0.3575 0.8962 0.0000
vt 0.3695 0.9034 0.0000
vt 0.3575 0.9034 0.0000
vt 0.3695 0.6816 0.0000
vt 0.3575 0.6816 0.0000
vt 0.3575 0.6745 0.0000
vt 0.3695 0.6745 0.0000
vt 0.3695 0.6888 0.0000
vt 0.3575 0.6888 0.0000
vt 0.3695 0.6959 0.0000
vt 0.3575 0.6959 0.0000
vt 0.3695 0.7031 0.0000
vt 0.3575 0.7031 0.0000
vt 0.3695 0.7102 0.0000
vt 0.3575 0.7102 0.0000
vt 0.3175 0.7518 0.0000
vt 0.3294 0.7518 0.0000
vt 0.3294 0.7615 0.0000
vt 0.3175 0.7615 0.0000
vt 0.3175 0.8969 0.0000
vt 0.3294 0.8969 0.0000
vt 0.3294 0.9065 0.0000
vt 0.3175 0.9065 0.0000
vt 0.1439 0.9768 0.0000
vt 0.1195 0.9768 0.0000
vt 0.1195 0.9671 0.0000
vt 0.1438 0.9670 0.0000
vt 0.2058 0.7379 0.0000
vt 0.2058 0.7450 0.0000
vt 0.1722 0.7450 0.0000
vt 0.1722 0.7380 0.0000
vt 0.1441 0.8115 0.0000
vt 0.1197 0.8114 0.0000
vt 0.1198 0.8017 0.0000
vt 0.1441 0.8017 0.0000
vt 0.7543 0.5748 0.0000
vt 0.7585 0.5776 0.0000
vt 0.3175 0.9549 0.0000
vt 0.3294 0.9549 0.0000
vt 0.3294 0.9646 0.0000
vt 0.3175 0.9646 0.0000
vt 0.3175 0.7905 0.0000
vt 0.3294 0.7905 0.0000
vt 0.3294 0.8002 0.0000
vt 0.3175 0.8002 0.0000
vt 0.2058 0.8296 0.0000
vt 0.1722 0.8296 0.0000
vt 0.1441 0.9866 0.0000
vt 0.1193 0.9867 0.0000
vt 0.2058 0.7239 0.0000
vt 0.2058 0.7309 0.0000
vt 0.1722 0.7309 0.0000
vt 0.1722 0.7239 0.0000
vt 0.1440 0.8213 0.0000
vt 0.1197 0.8212 0.0000
vt 0.3294 0.9742 0.0000
vt 0.3175 0.9742 0.0000
vt 0.3294 0.8099 0.0000
vt 0.3175 0.8099 0.0000
vt 0.2058 0.8226 0.0000
vt 0.1722 0.8226 0.0000
vt 0.1441 0.6844 0.0000
vt 0.1195 0.6844 0.0000
vt 0.1193 0.6745 0.0000
vt 0.1444 0.6746 0.0000
vt 0.2058 0.7168 0.0000
vt 0.1722 0.7168 0.0000
vt 0.1440 0.8310 0.0000
vt 0.1196 0.8310 0.0000
vt 0.3294 0.9839 0.0000
vt 0.3175 0.9839 0.0000
vt 0.3294 0.8195 0.0000
vt 0.3175 0.8195 0.0000
vt 0.2058 0.8156 0.0000
vt 0.1722 0.8156 0.0000
vt 0.1441 0.6943 0.0000
vt 0.1196 0.6943 0.0000
vt 0.2058 0.7097 0.0000
vt 0.1722 0.7098 0.0000
vt 0.1440 0.8407 0.0000
vt 0.1196 0.8407 0.0000
vt 0.3175 0.6745 0.0000
vt 0.3294 0.6745 0.0000
vt 0.3294 0.6842 0.0000
vt 0.3175 0.6842 0.0000
vt 0.3294 0.8292 0.0000
vt 0.3175 0.8292 0.0000
vt 0.2058 0.8085 0.0000
vt 0.1722 0.8085 0.0000
vt 0.1441 0.7042 0.0000
vt 0.1196 0.7041 0.0000
vt 0.2058 0.7027 0.0000
vt 0.1722 0.7028 0.0000
vt 0.1440 0.8505 0.0000
vt 0.1196 0.8506 0.0000
vt 0.7165 0.6001 0.0000
vt 0.7165 0.5950 0.0000
vt 0.3294 0.6938 0.0000
vt 0.3175 0.6938 0.0000
vt 0.3294 0.8389 0.0000
vt 0.3175 0.8389 0.0000
vt 0.2058 0.8014 0.0000
vt 0.1721 0.8014 0.0000
vt 0.1441 0.7140 0.0000
vt 0.1196 0.7140 0.0000
vt 0.2058 0.6956 0.0000
vt 0.1721 0.6957 0.0000
vt 0.1440 0.8603 0.0000
vt 0.1196 0.8603 0.0000
vt 0.7649 0.6097 0.0000
vt 0.7621 0.6139 0.0000
vt 0.3294 0.7035 0.0000
vt 0.3175 0.7035 0.0000
vt 0.3294 0.8485 0.0000
vt 0.3175 0.8485 0.0000
vt 0.2058 0.7943 0.0000
vt 0.1721 0.7944 0.0000
vt 0.1441 0.7238 0.0000
vt 0.1197 0.7238 0.0000
vt 0.2057 0.6886 0.0000
vt 0.1721 0.6886 0.0000
vt 0.1439 0.8700 0.0000
vt 0.1196 0.8701 0.0000
vt 0.3294 0.7132 0.0000
vt 0.3175 0.7132 0.0000
vt 0.3294 0.8582 0.0000
vt 0.3175 0.8582 0.0000
vt 0.2058 0.7873 0.0000
vt 0.1721 0.7873 0.0000
vt 0.1442 0.7336 0.0000
vt 0.1197 0.7336 0.0000
vt 0.2057 0.6815 0.0000
vt 0.1722 0.6816 0.0000
vt 0.3561 0.8254 0.0000
vt 0.3441 0.8254 0.0000
vt 0.3441 0.8182 0.0000
vt 0.3561 0.8182 0.0000
vt 0.3294 0.7228 0.0000
vt 0.3175 0.7228 0.0000
vt 0.3294 0.8679 0.0000
vt 0.3175 0.8679 0.0000
vt 0.3561 0.7320 0.0000
vt 0.3441 0.7320 0.0000
vt 0.3441 0.7248 0.0000
vt 0.3561 0.7248 0.0000
vt 0.3175 0.7325 0.0000
vt 0.3294 0.7325 0.0000
vt 0.3294 0.7422 0.0000
vt 0.3175 0.7422 0.0000
vt 0.3561 0.7176 0.0000
vt 0.3441 0.7176 0.0000
vt 0.3441 0.7104 0.0000
vt 0.3561 0.7104 0.0000
vt 0.3441 0.7032 0.0000
vt 0.3561 0.7032 0.0000
vt 0.3441 0.6960 0.0000
vt 0.3561 0.6960 0.0000
vt 0.3441 0.6889 0.0000
vt 0.3561 0.6889 0.0000
vt 0.3441 0.6817 0.0000
vt 0.3561 0.6817 0.0000
vt 0.3441 0.6745 0.0000
vt 0.3561 0.6745 0.0000
vt 0.3561 0.9045 0.0000
vt 0.3441 0.9045 0.0000
vt 0.3441 0.8973 0.0000
vt 0.3561 0.8973 0.0000
vt 0.3441 0.8901 0.0000
vt 0.3561 0.8901 0.0000
vt 0.3441 0.8829 0.0000
vt 0.3561 0.8829 0.0000
vt 0.3175 0.9452 0.0000
vt 0.3294 0.9452 0.0000
vt 0.3561 0.8757 0.0000
vt 0.3441 0.8757 0.0000
vt 0.3441 0.8685 0.0000
vt 0.3561 0.8685 0.0000
vt 0.3175 0.9259 0.0000
vt 0.3294 0.9259 0.0000
vt 0.3294 0.9356 0.0000
vt 0.3175 0.9356 0.0000
vt 0.3561 0.8614 0.0000
vt 0.3441 0.8614 0.0000
vt 0.3441 0.8542 0.0000
vt 0.3561 0.8542 0.0000
vt 0.3294 0.9162 0.0000
vt 0.3175 0.9162 0.0000
vt 0.3561 0.8470 0.0000
vt 0.3441 0.8470 0.0000
vt 0.3441 0.8398 0.0000
vt 0.3561 0.8398 0.0000
vt 0.3175 0.8872 0.0000
vt 0.3294 0.8872 0.0000
vt 0.3561 0.8326 0.0000
vt 0.3441 0.8326 0.0000
vt 0.3294 0.8775 0.0000
vt 0.3175 0.8775 0.0000
vt 0.3441 0.8110 0.0000
vt 0.3561 0.8110 0.0000
vt 0.3441 0.8039 0.0000
vt 0.3561 0.8039 0.0000
vt 0.3441 0.7967 0.0000
vt 0.3561 0.7967 0.0000
vt 0.3441 0.7895 0.0000
vt 0.3561 0.7895 0.0000
vt 0.3441 0.7823 0.0000
vt 0.3561 0.7823 0.0000
vt 0.3441 0.7751 0.0000
vt 0.3561 0.7751 0.0000
vt 0.3441 0.7679 0.0000
vt 0.3561 0.7679 0.0000
vt 0.3441 0.7607 0.0000
vt 0.3561 0.7607 0.0000
vt 0.1441 0.7726 0.0000
vt 0.1198 0.7726 0.0000
vt 0.1198 0.7629 0.0000
vt 0.1441 0.7628 0.0000
vt 0.1463 0.8694 0.0000
vt 0.1706 0.8694 0.0000
vt 0.1706 0.8792 0.0000
vt 0.1463 0.8791 0.0000
vt 0.1705 0.9084 0.0000
vt 0.1462 0.9084 0.0000
vt 0.1463 0.8501 0.0000
vt 0.1706 0.8500 0.0000
vt 0.1706 0.8597 0.0000
vt 0.1464 0.8597 0.0000
vt 0.1463 0.8404 0.0000
vt 0.1706 0.8403 0.0000
vt 0.1464 0.8306 0.0000
vt 0.1706 0.8306 0.0000
vt 0.1464 0.8209 0.0000
vt 0.1706 0.8209 0.0000
vt 0.1464 0.8112 0.0000
vt 0.1706 0.8112 0.0000
vt 0.1464 0.8015 0.0000
vt 0.1707 0.8015 0.0000
vt 0.1464 0.7918 0.0000
vt 0.1707 0.7918 0.0000
vt 0.1463 0.7820 0.0000
vt 0.1707 0.7820 0.0000
vt 0.1463 0.7722 0.0000
vt 0.1707 0.7722 0.0000
vt 0.1462 0.7624 0.0000
vt 0.1706 0.7624 0.0000
vt 0.1461 0.7526 0.0000
vt 0.1706 0.7526 0.0000
vt 0.1461 0.7428 0.0000
vt 0.1705 0.7428 0.0000
vt 0.1461 0.7331 0.0000
vt 0.1705 0.7331 0.0000
vt 0.1462 0.7234 0.0000
vt 0.1705 0.7234 0.0000
vt 0.1461 0.7137 0.0000
vt 0.1705 0.7136 0.0000
vt 0.1461 0.7039 0.0000
vt 0.1705 0.7039 0.0000
vt 0.1461 0.6941 0.0000
vt 0.1704 0.6941 0.0000
vt 0.1461 0.6844 0.0000
vt 0.1705 0.6843 0.0000
vt 0.1458 0.6746 0.0000
vt 0.1707 0.6745 0.0000
vt 0.1461 0.9768 0.0000
vt 0.1705 0.9768 0.0000
vt 0.1707 0.9867 0.0000
vt 0.1458 0.9866 0.0000
vt 0.1461 0.9670 0.0000
vt 0.1705 0.9670 0.0000
vt 0.1461 0.9572 0.0000
vt 0.1705 0.9573 0.0000
vt 0.1461 0.9474 0.0000
vt 0.1705 0.9474 0.0000
vt 0.1462 0.9377 0.0000
vt 0.1705 0.9376 0.0000
vt 0.1462 0.9280 0.0000
vt 0.1705 0.9279 0.0000
vt 0.1462 0.9182 0.0000
vt 0.1705 0.9182 0.0000
vt 0.1441 0.7920 0.0000
vt 0.1198 0.7920 0.0000
vt 0.1198 0.7823 0.0000
vt 0.1441 0.7823 0.0000
vt 0.1438 0.9573 0.0000
vt 0.1195 0.9573 0.0000
vt 0.1195 0.9476 0.0000
vt 0.1438 0.9476 0.0000
vt 0.3441 0.7535 0.0000
vt 0.3561 0.7535 0.0000
vt 0.3441 0.7464 0.0000
vt 0.3561 0.7464 0.0000
vt 0.3441 0.7392 0.0000
vt 0.3561 0.7392 0.0000
vt 0.1438 0.9379 0.0000
vt 0.1196 0.9379 0.0000
vt 0.1196 0.9282 0.0000
vt 0.1439 0.9282 0.0000
vt 0.2058 0.8649 0.0000
vt 0.1722 0.8648 0.0000
vt 0.2058 0.7520 0.0000
vt 0.1722 0.7520 0.0000
vt 0.2058 0.8719 0.0000
vt 0.1722 0.8718 0.0000
vt 0.1439 0.9185 0.0000
vt 0.1197 0.9185 0.0000
vt 0.1196 0.9089 0.0000
vt 0.1439 0.9088 0.0000
vt 0.2922 0.8347 0.0000
vt 0.3161 0.8347 0.0000
vt 0.3161 0.8417 0.0000
vt 0.2922 0.8417 0.0000
vt 0.2058 0.8790 0.0000
vt 0.1722 0.8789 0.0000
vt 0.2058 0.7591 0.0000
vt 0.1722 0.7591 0.0000
vt 0.2058 0.8860 0.0000
vt 0.1722 0.8859 0.0000
vt 0.2058 0.7662 0.0000
vt 0.1722 0.7661 0.0000
vt 0.1439 0.8991 0.0000
vt 0.1196 0.8992 0.0000
vt 0.1196 0.8894 0.0000
vt 0.1438 0.8894 0.0000
vt 0.2057 0.8930 0.0000
vt 0.1723 0.8930 0.0000
vt 0.1198 0.7531 0.0000
vt 0.1441 0.7531 0.0000
vt 0.2058 0.7732 0.0000
vt 0.1722 0.7732 0.0000
vt 0.1442 0.7434 0.0000
vt 0.1198 0.7433 0.0000
vt 0.2055 0.8999 0.0000
vt 0.1725 0.9001 0.0000
vt 0.2058 0.7802 0.0000
vt 0.1722 0.7802 0.0000
vt 0.1439 0.8797 0.0000
vt 0.1196 0.8797 0.0000
vt 0.2055 0.6745 0.0000
vt 0.1724 0.6746 0.0000
vt 0.2922 0.7302 0.0000
vt 0.3161 0.7302 0.0000
vt 0.3161 0.7372 0.0000
vt 0.2922 0.7372 0.0000
vt 0.2922 0.6814 0.0000
vt 0.3161 0.6814 0.0000
vt 0.3161 0.6884 0.0000
vt 0.2922 0.6884 0.0000
vt 0.2922 0.7093 0.0000
vt 0.3161 0.7093 0.0000
vt 0.3161 0.7163 0.0000
vt 0.2922 0.7163 0.0000
vt 0.3161 0.7232 0.0000
vt 0.2922 0.7232 0.0000
vt 0.2922 0.7929 0.0000
vt 0.3161 0.7929 0.0000
vt 0.3161 0.7999 0.0000
vt 0.2922 0.7999 0.0000
vt 0.3161 0.8277 0.0000
vt 0.2922 0.8277 0.0000
vt 0.3161 0.8068 0.0000
vt 0.2922 0.8068 0.0000
vt 0.3161 0.6954 0.0000
vt 0.2922 0.6954 0.0000
vt 0.2922 0.7859 0.0000
vt 0.3161 0.7859 0.0000
vt 0.2922 0.7790 0.0000
vt 0.3161 0.7790 0.0000
vt 0.2922 0.7720 0.0000
vt 0.3161 0.7720 0.0000
vt 0.2922 0.7650 0.0000
vt 0.3161 0.7650 0.0000
vt 0.2922 0.7581 0.0000
vt 0.3161 0.7581 0.0000
vt 0.2922 0.7511 0.0000
vt 0.3161 0.7511 0.0000
vt 0.2922 0.7441 0.0000
vt 0.3161 0.7441 0.0000
vt 0.3161 0.7023 0.0000
vt 0.2922 0.7023 0.0000
vt 0.2922 0.6745 0.0000
vt 0.3161 0.6745 0.0000
vt 0.2922 0.8905 0.0000
vt 0.3161 0.8905 0.0000
vt 0.3161 0.8974 0.0000
vt 0.2922 0.8974 0.0000
vt 0.2922 0.8835 0.0000
vt 0.3161 0.8835 0.0000
vt 0.2922 0.8765 0.0000
vt 0.3161 0.8765 0.0000
vt 0.2922 0.8696 0.0000
vt 0.3161 0.8696 0.0000
vt 0.2922 0.8626 0.0000
vt 0.3161 0.8626 0.0000
vt 0.2922 0.8556 0.0000
vt 0.3161 0.8556 0.0000
vt 0.2922 0.8486 0.0000
vt 0.3161 0.8486 0.0000
vt 0.3798 0.8040 0.0000
vt 0.3798 0.7988 0.0000
vt 0.2914 0.8025 0.0000
vt 0.2914 0.7974 0.0000
vt 0.2920 0.7974 0.0000
vt 0.2920 0.8025 0.0000
vt 0.3798 0.8092 0.0000
vt 0.2914 0.8076 0.0000
vt 0.2920 0.8076 0.0000
vt 0.3798 0.8144 0.0000
vt 0.2914 0.8127 0.0000
vt 0.2920 0.8127 0.0000
vt 0.3798 0.8195 0.0000
vt 0.2914 0.8179 0.0000
vt 0.2920 0.8179 0.0000
vt 0.3798 0.8247 0.0000
vt 0.2914 0.8230 0.0000
vt 0.2920 0.8230 0.0000
vt 0.3798 0.8299 0.0000
vt 0.2914 0.8281 0.0000
vt 0.2920 0.8281 0.0000
vt 0.3798 0.8351 0.0000
vt 0.2914 0.8332 0.0000
vt 0.2920 0.8332 0.0000
vt 0.3798 0.8403 0.0000
vt 0.2914 0.8384 0.0000
vt 0.2920 0.8384 0.0000
vt 0.3798 0.6797 0.0000
vt 0.3798 0.6745 0.0000
vt 0.2914 0.6796 0.0000
vt 0.2914 0.6745 0.0000
vt 0.2920 0.6745 0.0000
vt 0.2920 0.6796 0.0000
vt 0.3798 0.6848 0.0000
vt 0.2914 0.6847 0.0000
vt 0.2920 0.6847 0.0000
vt 0.3798 0.6900 0.0000
vt 0.2914 0.6898 0.0000
vt 0.2920 0.6898 0.0000
vt 0.3798 0.6952 0.0000
vt 0.2914 0.6950 0.0000
vt 0.2920 0.6950 0.0000
vt 0.3798 0.7004 0.0000
vt 0.2914 0.7001 0.0000
vt 0.2920 0.7001 0.0000
vt 0.3798 0.7056 0.0000
vt 0.2914 0.7052 0.0000
vt 0.2920 0.7052 0.0000
vt 0.3798 0.7107 0.0000
vt 0.2914 0.7103 0.0000
vt 0.2920 0.7103 0.0000
vt 0.3798 0.7159 0.0000
vt 0.2914 0.7154 0.0000
vt 0.2920 0.7154 0.0000
vt 0.3798 0.7211 0.0000
vt 0.2914 0.7206 0.0000
vt 0.2920 0.7206 0.0000
vt 0.3798 0.7263 0.0000
vt 0.2914 0.7257 0.0000
vt 0.2920 0.7257 0.0000
vt 0.3798 0.7315 0.0000
vt 0.2914 0.7308 0.0000
vt 0.2920 0.7308 0.0000
vt 0.3798 0.7367 0.0000
vt 0.2914 0.7359 0.0000
vt 0.2920 0.7359 0.0000
vt 0.3798 0.7418 0.0000
vt 0.2914 0.7411 0.0000
vt 0.2920 0.7411 0.0000
vt 0.3798 0.7470 0.0000
vt 0.2914 0.7462 0.0000
vt 0.2920 0.7462 0.0000
vt 0.3798 0.7522 0.0000
vt 0.2914 0.7513 0.0000
vt 0.2920 0.7513 0.0000
vt 0.3798 0.7574 0.0000
vt 0.2914 0.7564 0.0000
vt 0.2920 0.7564 0.0000
vt 0.3798 0.7626 0.0000
vt 0.2914 0.7615 0.0000
vt 0.2920 0.7615 0.0000
vt 0.3798 0.7677 0.0000
vt 0.2914 0.7667 0.0000
vt 0.2920 0.7667 0.0000
vt 0.3798 0.7729 0.0000
vt 0.2914 0.7718 0.0000
vt 0.2920 0.7718 0.0000
vt 0.3798 0.7781 0.0000
vt 0.2914 0.7769 0.0000
vt 0.2920 0.7769 0.0000
vt 0.3798 0.7833 0.0000
vt 0.2914 0.7820 0.0000
vt 0.2920 0.7820 0.0000
vt 0.3798 0.7885 0.0000
vt 0.2914 0.7871 0.0000
vt 0.2920 0.7871 0.0000
vt 0.3798 0.7936 0.0000
vt 0.2914 0.7923 0.0000
vt 0.2920 0.7923 0.0000
vt 0.3702 0.8608 0.0000
vt 0.3702 0.8533 0.0000
vt 0.3896 0.7988 0.0000
vt 0.3896 0.8040 0.0000
vt 0.3702 0.8682 0.0000
vt 0.3896 0.8092 0.0000
vt 0.3702 0.8757 0.0000
vt 0.3896 0.8144 0.0000
vt 0.3702 0.8831 0.0000
vt 0.3896 0.8195 0.0000
vt 0.3702 0.8906 0.0000
vt 0.3896 0.8247 0.0000
vt 0.3702 0.8980 0.0000
vt 0.3896 0.8299 0.0000
vt 0.3702 0.9055 0.0000
vt 0.3896 0.8351 0.0000
vt 0.3702 0.9129 0.0000
vt 0.3896 0.8403 0.0000
vt 0.3702 0.6819 0.0000
vt 0.3702 0.6745 0.0000
vt 0.3896 0.6745 0.0000
vt 0.3896 0.6797 0.0000
vt 0.3702 0.6894 0.0000
vt 0.3896 0.6848 0.0000
vt 0.3702 0.6968 0.0000
vt 0.3896 0.6900 0.0000
vt 0.3702 0.7043 0.0000
vt 0.3896 0.6952 0.0000
vt 0.3702 0.7117 0.0000
vt 0.3896 0.7004 0.0000
vt 0.3702 0.7192 0.0000
vt 0.3896 0.7056 0.0000
vt 0.3702 0.7266 0.0000
vt 0.3896 0.7107 0.0000
vt 0.3702 0.7341 0.0000
vt 0.3896 0.7159 0.0000
vt 0.3702 0.7415 0.0000
vt 0.3896 0.7211 0.0000
vt 0.3702 0.7490 0.0000
vt 0.3896 0.7263 0.0000
vt 0.3702 0.7564 0.0000
vt 0.3896 0.7315 0.0000
vt 0.3702 0.7639 0.0000
vt 0.3896 0.7367 0.0000
vt 0.3702 0.7713 0.0000
vt 0.3896 0.7418 0.0000
vt 0.3702 0.7788 0.0000
vt 0.3896 0.7470 0.0000
vt 0.3702 0.7863 0.0000
vt 0.3896 0.7522 0.0000
vt 0.3702 0.7937 0.0000
vt 0.3896 0.7574 0.0000
vt 0.3702 0.8012 0.0000
vt 0.3896 0.7626 0.0000
vt 0.3702 0.8086 0.0000
vt 0.3896 0.7677 0.0000
vt 0.3702 0.8161 0.0000
vt 0.3896 0.7729 0.0000
vt 0.3702 0.8235 0.0000
vt 0.3896 0.7781 0.0000
vt 0.3702 0.8310 0.0000
vt 0.3896 0.7833 0.0000
vt 0.3702 0.8384 0.0000
vt 0.3896 0.7885 0.0000
vt 0.3702 0.8459 0.0000
vt 0.3896 0.7936 0.0000
vt 0.3302 0.7615 0.0000
vt 0.3302 0.7543 0.0000
vt 0.1190 0.8797 0.0000
vt 0.1190 0.8701 0.0000
vt 0.3302 0.8340 0.0000
vt 0.3302 0.8268 0.0000
vt 0.1192 0.7823 0.0000
vt 0.1192 0.7726 0.0000
vt 0.3435 0.7607 0.0000
vt 0.3435 0.7535 0.0000
vt 0.1447 0.7823 0.0000
vt 0.1447 0.7920 0.0000
vt 0.3435 0.7679 0.0000
vt 0.1447 0.8017 0.0000
vt 0.3435 0.7751 0.0000
vt 0.1447 0.8115 0.0000
vt 0.3435 0.7823 0.0000
vt 0.1446 0.8213 0.0000
vt 0.3435 0.7895 0.0000
vt 0.1446 0.8310 0.0000
vt 0.3435 0.7967 0.0000
vt 0.1446 0.8407 0.0000
vt 0.3435 0.8039 0.0000
vt 0.1446 0.8505 0.0000
vt 0.3435 0.8110 0.0000
vt 0.1446 0.8603 0.0000
vt 0.3435 0.8182 0.0000
vt 0.1445 0.8700 0.0000
vt 0.3435 0.7464 0.0000
vt 0.1447 0.7726 0.0000
vt 0.3435 0.7392 0.0000
vt 0.1447 0.7628 0.0000
vt 0.3302 0.8413 0.0000
vt 0.1192 0.7629 0.0000
vt 0.3302 0.8195 0.0000
vt 0.1192 0.7920 0.0000
vt 0.3302 0.8123 0.0000
vt 0.1192 0.8017 0.0000
vt 0.3302 0.8050 0.0000
vt 0.1191 0.8114 0.0000
vt 0.3302 0.7978 0.0000
vt 0.1191 0.8212 0.0000
vt 0.3302 0.7905 0.0000
vt 0.1190 0.8310 0.0000
vt 0.3302 0.7833 0.0000
vt 0.1190 0.8407 0.0000
vt 0.3302 0.7760 0.0000
vt 0.1190 0.8506 0.0000
vt 0.3302 0.7688 0.0000
vt 0.1190 0.8603 0.0000
vt 0.3302 0.7470 0.0000
vt 0.1190 0.8894 0.0000
vt 0.3435 0.8398 0.0000
vt 0.3435 0.8326 0.0000
vt 0.1444 0.8894 0.0000
vt 0.1445 0.8991 0.0000
vt 0.3302 0.7398 0.0000
vt 0.3302 0.7325 0.0000
vt 0.1190 0.9089 0.0000
vt 0.1190 0.8992 0.0000
vt 0.3435 0.8542 0.0000
vt 0.3435 0.8470 0.0000
vt 0.1445 0.9088 0.0000
vt 0.1445 0.9185 0.0000
vt 0.3302 0.7253 0.0000
vt 0.3302 0.7180 0.0000
vt 0.1190 0.9282 0.0000
vt 0.1191 0.9185 0.0000
vt 0.3435 0.8685 0.0000
vt 0.3435 0.8614 0.0000
vt 0.1445 0.9282 0.0000
vt 0.1444 0.9379 0.0000
vt 0.3302 0.7107 0.0000
vt 0.3302 0.7035 0.0000
vt 0.1189 0.9476 0.0000
vt 0.1190 0.9379 0.0000
vt 0.3435 0.8829 0.0000
vt 0.3435 0.8757 0.0000
vt 0.1444 0.9476 0.0000
vt 0.1444 0.9573 0.0000
vt 0.3302 0.6962 0.0000
vt 0.3302 0.6890 0.0000
vt 0.1189 0.9671 0.0000
vt 0.1189 0.9573 0.0000
vt 0.3435 0.8973 0.0000
vt 0.3435 0.8901 0.0000
vt 0.1444 0.9670 0.0000
vt 0.1445 0.9768 0.0000
vt 0.3302 0.6817 0.0000
vt 0.3302 0.6745 0.0000
vt 0.1187 0.9866 0.0000
vt 0.1189 0.9768 0.0000
vt 0.3435 0.6817 0.0000
vt 0.3435 0.6745 0.0000
vt 0.1450 0.6746 0.0000
vt 0.1448 0.6844 0.0000
vt 0.3302 0.8993 0.0000
vt 0.3302 0.8921 0.0000
vt 0.1189 0.6943 0.0000
vt 0.1189 0.6844 0.0000
vt 0.3435 0.6960 0.0000
vt 0.3435 0.6889 0.0000
vt 0.1447 0.6943 0.0000
vt 0.1447 0.7042 0.0000
vt 0.3302 0.8848 0.0000
vt 0.3302 0.8776 0.0000
vt 0.1190 0.7140 0.0000
vt 0.1189 0.7041 0.0000
vt 0.3435 0.7104 0.0000
vt 0.3435 0.7032 0.0000
vt 0.1447 0.7140 0.0000
vt 0.1448 0.7238 0.0000
vt 0.3302 0.8703 0.0000
vt 0.3302 0.8631 0.0000
vt 0.1191 0.7336 0.0000
vt 0.1191 0.7238 0.0000
vt 0.3435 0.7248 0.0000
vt 0.3435 0.7176 0.0000
vt 0.1448 0.7336 0.0000
vt 0.1448 0.7434 0.0000
vt 0.3302 0.8558 0.0000
vt 0.3302 0.8486 0.0000
vt 0.1192 0.7531 0.0000
vt 0.1192 0.7433 0.0000
vt 0.3435 0.7320 0.0000
vt 0.1447 0.7531 0.0000
vt 0.3435 0.8254 0.0000
vt 0.1445 0.8797 0.0000
vt 0.3302 0.9066 0.0000
vt 0.1187 0.6745 0.0000
vt 0.3435 0.9045 0.0000
vt 0.1448 0.9865 0.0000
vt 0.3796 0.8459 0.0000
vt 0.3796 0.8533 0.0000
vt 0.3567 0.7320 0.0000
vt 0.3567 0.7392 0.0000
vt 0.3796 0.8608 0.0000
vt 0.3567 0.7248 0.0000
vt 0.3796 0.8682 0.0000
vt 0.3567 0.7176 0.0000
vt 0.3796 0.8757 0.0000
vt 0.3567 0.7104 0.0000
vt 0.3796 0.8831 0.0000
vt 0.3567 0.7032 0.0000
vt 0.3796 0.8906 0.0000
vt 0.3567 0.6960 0.0000
vt 0.3796 0.8980 0.0000
vt 0.3567 0.6889 0.0000
vt 0.3796 0.9055 0.0000
vt 0.3567 0.6817 0.0000
vt 0.3796 0.9129 0.0000
vt 0.3567 0.6745 0.0000
vt 0.3796 0.6745 0.0000
vt 0.3796 0.6819 0.0000
vt 0.3567 0.8973 0.0000
vt 0.3567 0.9045 0.0000
vt 0.3796 0.6894 0.0000
vt 0.3567 0.8901 0.0000
vt 0.3796 0.6968 0.0000
vt 0.3567 0.8829 0.0000
vt 0.3796 0.7043 0.0000
vt 0.3567 0.8757 0.0000
vt 0.3796 0.7117 0.0000
vt 0.3567 0.8685 0.0000
vt 0.3796 0.7192 0.0000
vt 0.3567 0.8614 0.0000
vt 0.3796 0.7266 0.0000
vt 0.3567 0.8542 0.0000
vt 0.3796 0.7341 0.0000
vt 0.3567 0.8470 0.0000
vt 0.3796 0.7415 0.0000
vt 0.3567 0.8398 0.0000
vt 0.3796 0.7490 0.0000
vt 0.3567 0.8326 0.0000
vt 0.3796 0.7564 0.0000
vt 0.3567 0.8254 0.0000
vt 0.3796 0.7639 0.0000
vt 0.3567 0.8182 0.0000
vt 0.3796 0.7713 0.0000
vt 0.3567 0.8110 0.0000
vt 0.3796 0.7788 0.0000
vt 0.3567 0.8039 0.0000
vt 0.3796 0.7863 0.0000
vt 0.3567 0.7967 0.0000
vt 0.3796 0.7937 0.0000
vt 0.3567 0.7895 0.0000
vt 0.3796 0.8012 0.0000
vt 0.3567 0.7823 0.0000
vt 0.3796 0.8086 0.0000
vt 0.3567 0.7751 0.0000
vt 0.3796 0.8161 0.0000
vt 0.3567 0.7679 0.0000
vt 0.3796 0.8235 0.0000
vt 0.3567 0.7607 0.0000
vt 0.3796 0.8310 0.0000
vt 0.3567 0.7535 0.0000
vt 0.3796 0.8384 0.0000
vt 0.3567 0.7464 0.0000
vt 0.2064 0.7309 0.0000
vt 0.2064 0.7379 0.0000
vt 0.3433 0.8413 0.0000
vt 0.3433 0.8486 0.0000
vt 0.2064 0.7239 0.0000
vt 0.3433 0.8558 0.0000
vt 0.2064 0.7168 0.0000
vt 0.3433 0.8631 0.0000
vt 0.2064 0.7097 0.0000
vt 0.3433 0.8703 0.0000
vt 0.2064 0.7027 0.0000
vt 0.3433 0.8776 0.0000
vt 0.2064 0.6956 0.0000
vt 0.3433 0.8848 0.0000
vt 0.2063 0.6886 0.0000
vt 0.3433 0.8921 0.0000
vt 0.2063 0.6815 0.0000
vt 0.3433 0.8993 0.0000
vt 0.2060 0.6745 0.0000
vt 0.3433 0.9066 0.0000
vt 0.2063 0.8930 0.0000
vt 0.2061 0.9000 0.0000
vt 0.3433 0.6745 0.0000
vt 0.3433 0.6817 0.0000
vt 0.2063 0.8860 0.0000
vt 0.3433 0.6890 0.0000
vt 0.2064 0.8790 0.0000
vt 0.3433 0.6962 0.0000
vt 0.2064 0.8719 0.0000
vt 0.3433 0.7035 0.0000
vt 0.2064 0.8649 0.0000
vt 0.3433 0.7107 0.0000
vt 0.2064 0.8578 0.0000
vt 0.3433 0.7180 0.0000
vt 0.2064 0.8507 0.0000
vt 0.3433 0.7253 0.0000
vt 0.2064 0.8437 0.0000
vt 0.3433 0.7325 0.0000
vt 0.2064 0.8367 0.0000
vt 0.3433 0.7398 0.0000
vt 0.2064 0.8296 0.0000
vt 0.3433 0.7470 0.0000
vt 0.2064 0.8226 0.0000
vt 0.3433 0.7543 0.0000
vt 0.2064 0.8156 0.0000
vt 0.3433 0.7615 0.0000
vt 0.2064 0.8085 0.0000
vt 0.3433 0.7688 0.0000
vt 0.2064 0.8014 0.0000
vt 0.3433 0.7760 0.0000
vt 0.2064 0.7943 0.0000
vt 0.3433 0.7833 0.0000
vt 0.2064 0.7873 0.0000
vt 0.3433 0.7905 0.0000
vt 0.2064 0.7802 0.0000
vt 0.3433 0.7978 0.0000
vt 0.2064 0.7732 0.0000
vt 0.3433 0.8050 0.0000
vt 0.2064 0.7662 0.0000
vt 0.3433 0.8123 0.0000
vt 0.2064 0.7591 0.0000
vt 0.3433 0.8195 0.0000
vt 0.2064 0.7520 0.0000
vt 0.3433 0.8268 0.0000
vt 0.2064 0.7450 0.0000
vt 0.3433 0.8340 0.0000
vt 0.3300 0.9549 0.0000
vt 0.3300 0.9646 0.0000
vt 0.1711 0.6941 0.0000
vt 0.1711 0.7038 0.0000
vt 0.3569 0.7460 0.0000
vt 0.3569 0.7389 0.0000
vt 0.1456 0.8986 0.0000
vt 0.1457 0.8889 0.0000
vt 0.3569 0.8819 0.0000
vt 0.3569 0.8747 0.0000
vt 0.1455 0.7137 0.0000
vt 0.1455 0.7039 0.0000
vt 0.3569 0.8676 0.0000
vt 0.3569 0.8604 0.0000
vt 0.1455 0.7331 0.0000
vt 0.1456 0.7234 0.0000
vt 0.3569 0.8533 0.0000
vt 0.1455 0.7428 0.0000
vt 0.3569 0.8461 0.0000
vt 0.1455 0.7526 0.0000
vt 0.3569 0.8390 0.0000
vt 0.1456 0.7624 0.0000
vt 0.3569 0.8318 0.0000
vt 0.1456 0.7722 0.0000
vt 0.3569 0.8247 0.0000
vt 0.1457 0.7820 0.0000
vt 0.3569 0.8175 0.0000
vt 0.1458 0.7918 0.0000
vt 0.3569 0.8104 0.0000
vt 0.1458 0.8015 0.0000
vt 0.3569 0.8032 0.0000
vt 0.1458 0.8112 0.0000
vt 0.3569 0.7961 0.0000
vt 0.1458 0.8209 0.0000
vt 0.3569 0.7889 0.0000
vt 0.1458 0.8306 0.0000
vt 0.3569 0.7818 0.0000
vt 0.1457 0.8404 0.0000
vt 0.3569 0.7746 0.0000
vt 0.1457 0.8501 0.0000
vt 0.3569 0.7675 0.0000
vt 0.1458 0.8597 0.0000
vt 0.3569 0.7603 0.0000
vt 0.1457 0.8694 0.0000
vt 0.3569 0.7532 0.0000
vt 0.1457 0.8791 0.0000
vt 0.3569 0.8890 0.0000
vt 0.1455 0.6941 0.0000
vt 0.3300 0.9452 0.0000
vt 0.1711 0.7136 0.0000
vt 0.3300 0.9356 0.0000
vt 0.1711 0.7234 0.0000
vt 0.3300 0.9162 0.0000
vt 0.3300 0.9259 0.0000
vt 0.1711 0.7331 0.0000
vt 0.1711 0.7428 0.0000
vt 0.3300 0.9065 0.0000
vt 0.1712 0.7526 0.0000
vt 0.3300 0.8969 0.0000
vt 0.1712 0.7624 0.0000
vt 0.3300 0.8872 0.0000
vt 0.1713 0.7722 0.0000
vt 0.3300 0.8775 0.0000
vt 0.1713 0.7820 0.0000
vt 0.3300 0.8679 0.0000
vt 0.1713 0.7918 0.0000
vt 0.3300 0.8582 0.0000
vt 0.1713 0.8015 0.0000
vt 0.3300 0.8485 0.0000
vt 0.1712 0.8112 0.0000
vt 0.3300 0.8389 0.0000
vt 0.1712 0.8209 0.0000
vt 0.3300 0.8292 0.0000
vt 0.1712 0.8306 0.0000
vt 0.3300 0.8195 0.0000
vt 0.1712 0.8403 0.0000
vt 0.3300 0.8099 0.0000
vt 0.1712 0.8500 0.0000
vt 0.3300 0.8002 0.0000
vt 0.1712 0.8597 0.0000
vt 0.3300 0.7905 0.0000
vt 0.1712 0.8694 0.0000
vt 0.3300 0.7808 0.0000
vt 0.1712 0.8792 0.0000
vt 0.3300 0.7615 0.0000
vt 0.3300 0.7712 0.0000
vt 0.1712 0.8889 0.0000
vt 0.1712 0.8987 0.0000
vt 0.1716 0.7520 0.0000
vt 0.1716 0.7450 0.0000
vt 0.3701 0.7460 0.0000
vt 0.3701 0.7532 0.0000
vt 0.3971 0.7411 0.0000
vt 0.3971 0.7478 0.0000
vt 0.3168 0.7808 0.0000
vt 0.3168 0.7712 0.0000
vt 0.1716 0.7380 0.0000
vt 0.3701 0.7389 0.0000
vt 0.3971 0.7345 0.0000
vt 0.3168 0.7615 0.0000
vt 0.1716 0.7591 0.0000
vt 0.3701 0.7603 0.0000
vt 0.3971 0.7544 0.0000
vt 0.3168 0.7905 0.0000
vt 0.1716 0.7661 0.0000
vt 0.3701 0.7675 0.0000
vt 0.3971 0.7611 0.0000
vt 0.3168 0.8002 0.0000
vt 0.1716 0.7732 0.0000
vt 0.3701 0.7746 0.0000
vt 0.3971 0.7678 0.0000
vt 0.3168 0.8099 0.0000
vt 0.1716 0.7802 0.0000
vt 0.3701 0.7818 0.0000
vt 0.3971 0.7744 0.0000
vt 0.3168 0.8195 0.0000
vt 0.1715 0.7873 0.0000
vt 0.3701 0.7889 0.0000
vt 0.3971 0.7811 0.0000
vt 0.3168 0.8292 0.0000
vt 0.1715 0.7944 0.0000
vt 0.3701 0.7961 0.0000
vt 0.3971 0.7878 0.0000
vt 0.3168 0.8389 0.0000
vt 0.1715 0.8014 0.0000
vt 0.3701 0.8032 0.0000
vt 0.3971 0.7944 0.0000
vt 0.3168 0.8485 0.0000
vt 0.1716 0.8085 0.0000
vt 0.3701 0.8104 0.0000
vt 0.3971 0.8011 0.0000
vt 0.3168 0.8582 0.0000
vt 0.1716 0.8156 0.0000
vt 0.3701 0.8175 0.0000
vt 0.3971 0.8078 0.0000
vt 0.3168 0.8679 0.0000
vt 0.1716 0.8226 0.0000
vt 0.3701 0.8247 0.0000
vt 0.3971 0.8144 0.0000
vt 0.3168 0.8775 0.0000
vt 0.1716 0.8296 0.0000
vt 0.3701 0.8318 0.0000
vt 0.3971 0.8211 0.0000
vt 0.3168 0.8872 0.0000
vt 0.1717 0.8366 0.0000
vt 0.3701 0.8390 0.0000
vt 0.3971 0.8277 0.0000
vt 0.3168 0.8969 0.0000
vt 0.1716 0.8437 0.0000
vt 0.3701 0.8461 0.0000
vt 0.3971 0.8344 0.0000
vt 0.3168 0.9065 0.0000
vt 0.1716 0.8507 0.0000
vt 0.3701 0.8533 0.0000
vt 0.3971 0.8411 0.0000
vt 0.3168 0.9162 0.0000
vt 0.1716 0.8578 0.0000
vt 0.3701 0.8604 0.0000
vt 0.3971 0.8477 0.0000
vt 0.3168 0.9259 0.0000
vt 0.1716 0.8648 0.0000
vt 0.3701 0.8676 0.0000
vt 0.3971 0.8544 0.0000
vt 0.3168 0.9356 0.0000
vt 0.1716 0.8718 0.0000
vt 0.3701 0.8747 0.0000
vt 0.3971 0.8611 0.0000
vt 0.3168 0.9452 0.0000
vt 0.1716 0.8789 0.0000
vt 0.3701 0.8819 0.0000
vt 0.3971 0.8677 0.0000
vt 0.3168 0.9549 0.0000
vt 0.1716 0.8859 0.0000
vt 0.3701 0.8890 0.0000
vt 0.3971 0.8744 0.0000
vt 0.3168 0.9646 0.0000
vt 0.1717 0.8930 0.0000
vt 0.3701 0.8962 0.0000
vt 0.3971 0.8811 0.0000
vt 0.3168 0.9742 0.0000
vt 0.1719 0.9001 0.0000
vt 0.3701 0.9034 0.0000
vt 0.3971 0.8877 0.0000
vt 0.3168 0.9839 0.0000
vt 0.1716 0.6816 0.0000
vt 0.1718 0.6746 0.0000
vt 0.3701 0.6745 0.0000
vt 0.3701 0.6816 0.0000
vt 0.3971 0.6745 0.0000
vt 0.3971 0.6811 0.0000
vt 0.3965 0.6745 0.0000
vt 0.3168 0.6842 0.0000
vt 0.3168 0.6745 0.0000
vt 0.1715 0.6886 0.0000
vt 0.3701 0.6888 0.0000
vt 0.3971 0.6878 0.0000
vt 0.3168 0.6938 0.0000
vt 0.1716 0.6957 0.0000
vt 0.3701 0.6959 0.0000
vt 0.3971 0.6945 0.0000
vt 0.3168 0.7035 0.0000
vt 0.1716 0.7028 0.0000
vt 0.3701 0.7031 0.0000
vt 0.3971 0.7011 0.0000
vt 0.3168 0.7132 0.0000
vt 0.1716 0.7098 0.0000
vt 0.3701 0.7102 0.0000
vt 0.3971 0.7078 0.0000
vt 0.3168 0.7228 0.0000
vt 0.1716 0.7169 0.0000
vt 0.3701 0.7174 0.0000
vt 0.3971 0.7145 0.0000
vt 0.3168 0.7325 0.0000
vt 0.1716 0.7239 0.0000
vt 0.3701 0.7245 0.0000
vt 0.3971 0.7211 0.0000
vt 0.3965 0.7211 0.0000
vt 0.3168 0.7422 0.0000
vt 0.1716 0.7309 0.0000
vt 0.3701 0.7317 0.0000
vt 0.3971 0.7278 0.0000
vt 0.3168 0.7518 0.0000
vt 0.3569 0.8962 0.0000
vt 0.1454 0.6844 0.0000
vt 0.3300 0.9742 0.0000
vt 0.1711 0.6843 0.0000
vt 0.3569 0.9034 0.0000
vt 0.1452 0.6746 0.0000
vt 0.3300 0.9839 0.0000
vt 0.1713 0.6745 0.0000
vt 0.3569 0.6816 0.0000
vt 0.3569 0.6745 0.0000
vt 0.1452 0.9865 0.0000
vt 0.1455 0.9768 0.0000
vt 0.3300 0.6745 0.0000
vt 0.3300 0.6842 0.0000
vt 0.1711 0.9768 0.0000
vt 0.1713 0.9867 0.0000
vt 0.3569 0.6888 0.0000
vt 0.1455 0.9670 0.0000
vt 0.3300 0.6938 0.0000
vt 0.1711 0.9670 0.0000
vt 0.3569 0.6959 0.0000
vt 0.1455 0.9572 0.0000
vt 0.3300 0.7035 0.0000
vt 0.1711 0.9573 0.0000
vt 0.3569 0.7031 0.0000
vt 0.1455 0.9474 0.0000
vt 0.3300 0.7132 0.0000
vt 0.1711 0.9474 0.0000
vt 0.3569 0.7102 0.0000
vt 0.1456 0.9377 0.0000
vt 0.3300 0.7228 0.0000
vt 0.1711 0.9376 0.0000
vt 0.3569 0.7174 0.0000
vt 0.1455 0.9280 0.0000
vt 0.3300 0.7325 0.0000
vt 0.1711 0.9279 0.0000
vt 0.3569 0.7245 0.0000
vt 0.1455 0.9182 0.0000
vt 0.3300 0.7422 0.0000
vt 0.1711 0.9182 0.0000
vt 0.3569 0.7317 0.0000
vt 0.1456 0.9084 0.0000
vt 0.3300 0.7518 0.0000
vt 0.1712 0.9084 0.0000
vt 0.2529 0.7895 0.0000
vt 0.2529 0.7948 0.0000
vt 0.2066 0.7948 0.0000
vt 0.2066 0.7895 0.0000
vt 0.2535 0.8000 0.0000
vt 0.2535 0.8052 0.0000
vt 0.5343 0.8963 0.0000
vt 0.5371 0.8920 0.0000
vt 0.5376 0.8923 0.0000
vt 0.5348 0.8967 0.0000
vt 0.2535 0.8105 0.0000
vt 0.2529 0.8105 0.0000
vt 0.5391 0.8873 0.0000
vt 0.5396 0.8875 0.0000
vt 0.2535 0.8157 0.0000
vt 0.2529 0.8157 0.0000
vt 0.5401 0.8823 0.0000
vt 0.5407 0.8824 0.0000
vt 0.2535 0.8209 0.0000
vt 0.2529 0.8209 0.0000
vt 0.5401 0.8773 0.0000
vt 0.5407 0.8772 0.0000
vt 0.2535 0.8261 0.0000
vt 0.2529 0.8261 0.0000
vt 0.5391 0.8723 0.0000
vt 0.5397 0.8721 0.0000
vt 0.2535 0.8314 0.0000
vt 0.2529 0.8314 0.0000
vt 0.5371 0.8675 0.0000
vt 0.5377 0.8673 0.0000
vt 0.2535 0.8366 0.0000
vt 0.2529 0.8366 0.0000
vt 0.5343 0.8633 0.0000
vt 0.5348 0.8629 0.0000
vt 0.2535 0.8418 0.0000
vt 0.2529 0.8418 0.0000
vt 0.5307 0.8597 0.0000
vt 0.5311 0.8592 0.0000
vt 0.2535 0.6745 0.0000
vt 0.2535 0.6797 0.0000
vt 0.2529 0.6797 0.0000
vt 0.2529 0.6745 0.0000
vt 0.5265 0.8568 0.0000
vt 0.5267 0.8563 0.0000
vt 0.2535 0.6849 0.0000
vt 0.2529 0.6849 0.0000
vt 0.5217 0.8549 0.0000
vt 0.5219 0.8543 0.0000
vt 0.2535 0.6902 0.0000
vt 0.2529 0.6902 0.0000
vt 0.5167 0.8539 0.0000
vt 0.5168 0.8533 0.0000
vt 0.2535 0.6954 0.0000
vt 0.2529 0.6954 0.0000
vt 0.5117 0.8539 0.0000
vt 0.5116 0.8533 0.0000
vt 0.2535 0.7006 0.0000
vt 0.2529 0.7006 0.0000
vt 0.5066 0.8549 0.0000
vt 0.5065 0.8543 0.0000
vt 0.2535 0.7059 0.0000
vt 0.2529 0.7059 0.0000
vt 0.5019 0.8569 0.0000
vt 0.5017 0.8563 0.0000
vt 0.2535 0.7111 0.0000
vt 0.2529 0.7111 0.0000
vt 0.4977 0.8597 0.0000
vt 0.4973 0.8592 0.0000
vt 0.2535 0.7163 0.0000
vt 0.2529 0.7163 0.0000
vt 0.4941 0.8633 0.0000
vt 0.4936 0.8629 0.0000
vt 0.2535 0.7216 0.0000
vt 0.2529 0.7216 0.0000
vt 0.4913 0.8675 0.0000
vt 0.4907 0.8672 0.0000
vt 0.2535 0.7268 0.0000
vt 0.2529 0.7268 0.0000
vt 0.4893 0.8722 0.0000
vt 0.4888 0.8721 0.0000
vt 0.2535 0.7320 0.0000
vt 0.4883 0.8772 0.0000
vt 0.4877 0.8772 0.0000
vt 0.2535 0.7372 0.0000
vt 0.4883 0.8823 0.0000
vt 0.4877 0.8824 0.0000
vt 0.2535 0.7425 0.0000
vt 0.2529 0.7425 0.0000
vt 0.4893 0.8873 0.0000
vt 0.4887 0.8875 0.0000
vt 0.2535 0.7477 0.0000
vt 0.2529 0.7477 0.0000
vt 0.4913 0.8920 0.0000
vt 0.4907 0.8923 0.0000
vt 0.2535 0.7529 0.0000
vt 0.2529 0.7529 0.0000
vt 0.4941 0.8963 0.0000
vt 0.4936 0.8966 0.0000
vt 0.2535 0.7582 0.0000
vt 0.2529 0.7582 0.0000
vt 0.4977 0.8999 0.0000
vt 0.4973 0.9003 0.0000
vt 0.2535 0.7634 0.0000
vt 0.2529 0.7634 0.0000
vt 0.5019 0.9027 0.0000
vt 0.5017 0.9032 0.0000
vt 0.2535 0.7686 0.0000
vt 0.2529 0.7686 0.0000
vt 0.5066 0.9047 0.0000
vt 0.5065 0.9052 0.0000
vt 0.2535 0.7738 0.0000
vt 0.2529 0.7738 0.0000
vt 0.5116 0.9057 0.0000
vt 0.5116 0.9062 0.0000
vt 0.2535 0.7791 0.0000
vt 0.2529 0.7791 0.0000
vt 0.5167 0.9057 0.0000
vt 0.5168 0.9062 0.0000
vt 0.2535 0.7843 0.0000
vt 0.2529 0.7843 0.0000
vt 0.5217 0.9047 0.0000
vt 0.5219 0.9052 0.0000
vt 0.2535 0.7895 0.0000
vt 0.5264 0.9027 0.0000
vt 0.5267 0.9032 0.0000
vt 0.2535 0.7948 0.0000
vt 0.5307 0.8999 0.0000
vt 0.5311 0.9003 0.0000
vt 0.7300 0.5748 0.0000
vt 0.7347 0.5728 0.0000
vt 0.7175 0.5900 0.0000
vt 0.7175 0.6050 0.0000
vt 0.7258 0.6175 0.0000
vt 0.7396 0.6232 0.0000
vt 0.7585 0.6175 0.0000
vt 0.7669 0.6050 0.0000
vt 0.7679 0.6001 0.0000
vt 0.7621 0.5812 0.0000
vt 0.7497 0.5728 0.0000
vt 0.7258 0.5776 0.0000
vt 0.7679 0.5950 0.0000
vt 0.2537 0.7974 0.0000
vt 0.2537 0.7923 0.0000
vt 0.2537 0.7769 0.0000
vt 0.2537 0.7820 0.0000
vt 0.2537 0.7615 0.0000
vt 0.2537 0.7667 0.0000
vt 0.2537 0.7462 0.0000
vt 0.2537 0.7513 0.0000
vt 0.2537 0.7308 0.0000
vt 0.2537 0.7359 0.0000
vt 0.2537 0.7154 0.0000
vt 0.2537 0.7206 0.0000
vt 0.2537 0.7001 0.0000
vt 0.2537 0.7052 0.0000
vt 0.2537 0.6847 0.0000
vt 0.2537 0.6898 0.0000
vt 0.2537 0.8332 0.0000
vt 0.2537 0.8384 0.0000
vt 0.2537 0.8179 0.0000
vt 0.2537 0.8230 0.0000
vt 0.2537 0.8025 0.0000
vt 0.2537 0.8076 0.0000
vt 0.2537 0.7871 0.0000
vt 0.2537 0.7718 0.0000
vt 0.2537 0.7564 0.0000
vt 0.2537 0.7411 0.0000
vt 0.2537 0.7257 0.0000
vt 0.2537 0.7103 0.0000
vt 0.2537 0.6950 0.0000
vt 0.2537 0.6796 0.0000
vt 0.2537 0.8281 0.0000
vt 0.2537 0.8127 0.0000
vt 0.2537 0.6745 0.0000
vt 0.5142 0.8798 0.0000
vt 0.2066 0.8105 0.0000
vt 0.2066 0.8157 0.0000
vt 0.2066 0.8209 0.0000
vt 0.3902 0.6745 0.0000
vt 0.2066 0.7425 0.0000
vt 0.2066 0.8366 0.0000
vt 0.2066 0.8418 0.0000
vt 0.2066 0.8261 0.0000
vt 0.2066 0.7477 0.0000
vt 0.2066 0.6745 0.0000
vt 0.2066 0.6797 0.0000
vt 0.2066 0.7529 0.0000
vt 0.2066 0.6849 0.0000
vt 0.2066 0.8314 0.0000
vt 0.2066 0.7582 0.0000
vt 0.2066 0.6902 0.0000
vt 0.2066 0.7634 0.0000
vt 0.2066 0.6954 0.0000
vt 0.2066 0.7686 0.0000
vt 0.2066 0.7006 0.0000
vt 0.2066 0.7738 0.0000
vt 0.2066 0.7059 0.0000
vt 0.2066 0.7791 0.0000
vt 0.2066 0.7111 0.0000
vt 0.2066 0.7843 0.0000
vt 0.2066 0.7163 0.0000
vt 0.2066 0.7216 0.0000
vt 0.2066 0.7268 0.0000
vt 0.3902 0.7211 0.0000
vt 0.3898 0.7278 0.0000
vt 0.3898 0.7211 0.0000
vt 0.3166 0.7232 0.0000
vt 0.3166 0.7302 0.0000
vt 0.3898 0.7478 0.0000
vt 0.3898 0.7411 0.0000
vt 0.3166 0.7441 0.0000
vt 0.3166 0.7511 0.0000
vt 0.3898 0.7544 0.0000
vt 0.3166 0.7581 0.0000
vt 0.3898 0.7611 0.0000
vt 0.3166 0.7650 0.0000
vt 0.3898 0.7678 0.0000
vt 0.3166 0.7720 0.0000
vt 0.3898 0.7744 0.0000
vt 0.3166 0.7790 0.0000
vt 0.3898 0.7811 0.0000
vt 0.3166 0.7859 0.0000
vt 0.3898 0.7878 0.0000
vt 0.3166 0.7929 0.0000
vt 0.3898 0.7944 0.0000
vt 0.3166 0.7999 0.0000
vt 0.3898 0.8011 0.0000
vt 0.3166 0.8068 0.0000
vt 0.3898 0.8078 0.0000
vt 0.3166 0.8138 0.0000
vt 0.3898 0.8144 0.0000
vt 0.3166 0.8208 0.0000
vt 0.3898 0.8211 0.0000
vt 0.3166 0.8277 0.0000
vt 0.3898 0.8277 0.0000
vt 0.3166 0.8347 0.0000
vt 0.3898 0.8344 0.0000
vt 0.3166 0.8417 0.0000
vt 0.3898 0.8411 0.0000
vt 0.3166 0.8486 0.0000
vt 0.3898 0.8477 0.0000
vt 0.3166 0.8556 0.0000
vt 0.3898 0.8544 0.0000
vt 0.3166 0.8626 0.0000
vt 0.3898 0.8611 0.0000
vt 0.3166 0.8696 0.0000
vt 0.3898 0.8677 0.0000
vt 0.3166 0.8765 0.0000
vt 0.3898 0.8744 0.0000
vt 0.3166 0.8835 0.0000
vt 0.3898 0.8811 0.0000
vt 0.3166 0.8905 0.0000
vt 0.3898 0.8877 0.0000
vt 0.3166 0.8974 0.0000
vt 0.3898 0.6811 0.0000
vt 0.3898 0.6745 0.0000
vt 0.3166 0.6745 0.0000
vt 0.3166 0.6814 0.0000
vt 0.3898 0.6878 0.0000
vt 0.3166 0.6884 0.0000
vt 0.3898 0.6945 0.0000
vt 0.3166 0.6954 0.0000
vt 0.3898 0.7011 0.0000
vt 0.3166 0.7023 0.0000
vt 0.3898 0.7078 0.0000
vt 0.3166 0.7093 0.0000
vt 0.3898 0.7145 0.0000
vt 0.3166 0.7163 0.0000
vt 0.3898 0.7345 0.0000
vt 0.3166 0.7372 0.0000
vt 0.8840 0.3729 0.0000
vt 0.8702 0.3727 0.0000
vt 0.8701 0.3664 0.0000
vt 0.8844 0.3654 0.0000
vt 0.4957 0.3726 0.0000
vt 0.3445 0.3727 0.0000
vt 0.3446 0.3575 0.0000
vt 0.4956 0.3574 0.0000
vt 0.6967 0.2633 0.0000
vt 0.5435 0.2630 0.0000
vt 0.5438 0.2386 0.0000
vt 0.6965 0.2389 0.0000
vt 0.3274 0.0081 0.0000
vt 0.3423 0.0079 0.0000
vt 0.3423 0.0143 0.0000
vt 0.3272 0.0144 0.0000
vt 0.5451 0.0214 0.0000
vt 0.5497 0.0273 0.0000
vt 0.5486 0.2327 0.0000
vt 0.4958 0.1395 0.0000
vt 0.3450 0.1398 0.0000
vt 0.3450 0.1154 0.0000
vt 0.4958 0.1152 0.0000
vt 0.9093 0.2420 0.0000
vt 0.8950 0.2420 0.0000
vt 0.8950 0.0900 0.0000
vt 0.9093 0.0900 0.0000
vt 0.8709 0.2649 0.0000
vt 0.8852 0.2662 0.0000
vt 0.8701 0.0227 0.0000
vt 0.8845 0.0227 0.0000
vt 0.8851 0.2404 0.0000
vt 0.8709 0.2405 0.0000
vt 0.6949 0.3701 0.0000
vt 0.5453 0.3702 0.0000
vt 0.5453 0.3651 0.0000
vt 0.6950 0.3650 0.0000
vt 0.9730 0.0908 0.0000
vt 0.9872 0.0908 0.0000
vt 0.9872 0.2428 0.0000
vt 0.9730 0.2428 0.0000
vt 0.6918 0.2329 0.0000
vt 0.6911 0.0274 0.0000
vt 0.8230 0.3587 0.0000
vt 0.8230 0.2178 0.0000
vt 0.8367 0.2191 0.0000
vt 0.8366 0.3574 0.0000
vt 0.3449 0.1428 0.0000
vt 0.3484 0.1463 0.0000
vt 0.3480 0.3510 0.0000
vt 0.3444 0.3545 0.0000
vt 0.8602 0.2100 0.0000
vt 0.7211 0.2099 0.0000
vt 0.7211 0.2094 0.0000
vt 0.8602 0.2096 0.0000
vt 0.9280 0.2595 0.0000
vt 0.9143 0.2610 0.0000
vt 0.9144 0.0568 0.0000
vt 0.9280 0.0583 0.0000
vt 0.3273 0.1398 0.0000
vt 0.3424 0.1398 0.0000
vt 0.3420 0.3575 0.0000
vt 0.3268 0.3574 0.0000
vt 0.4958 0.0140 0.0000
vt 0.3449 0.0142 0.0000
vt 0.7172 0.2932 0.0000
vt 0.7028 0.2937 0.0000
vt 0.7014 0.2674 0.0000
vt 0.7172 0.2676 0.0000
vt 0.8071 0.2178 0.0000
vt 0.8207 0.2191 0.0000
vt 0.8206 0.3574 0.0000
vt 0.8071 0.3587 0.0000
vt 0.6950 0.3626 0.0000
vt 0.5453 0.3626 0.0000
vt 0.9730 0.2453 0.0000
vt 0.9872 0.2453 0.0000
vt 0.9870 0.2601 0.0000
vt 0.9733 0.2601 0.0000
vt 0.9124 0.3646 0.0000
vt 0.9137 0.2681 0.0000
vt 0.5282 0.3704 0.0000
vt 0.5277 0.3654 0.0000
vt 0.5428 0.3651 0.0000
vt 0.5429 0.3702 0.0000
vt 0.3419 0.3727 0.0000
vt 0.3269 0.3724 0.0000
vt 0.4908 0.3527 0.0000
vt 0.3494 0.3528 0.0000
vt 0.8953 0.2593 0.0000
vt 0.8951 0.2444 0.0000
vt 0.9093 0.2444 0.0000
vt 0.9090 0.2593 0.0000
vt 0.4910 0.1443 0.0000
vt 0.3498 0.1445 0.0000
vt 0.3424 0.1154 0.0000
vt 0.3273 0.1154 0.0000
vt 0.5413 0.2386 0.0000
vt 0.5411 0.2617 0.0000
vt 0.5255 0.2620 0.0000
vt 0.5264 0.2384 0.0000
vt 0.3448 0.0079 0.0000
vt 0.4958 0.0076 0.0000
vt 0.8603 0.0077 0.0000
vt 0.7211 0.0075 0.0000
vt 0.7827 0.2157 0.0000
vt 0.7979 0.2157 0.0000
vt 0.7978 0.3143 0.0000
vt 0.7827 0.3143 0.0000
vt 0.5275 0.0213 0.0000
vt 0.5278 0.0065 0.0000
vt 0.5426 0.0063 0.0000
vt 0.5426 0.0214 0.0000
vt 0.7522 0.3169 0.0000
vt 0.7262 0.3151 0.0000
vt 0.7264 0.2182 0.0000
vt 0.7522 0.2161 0.0000
vt 0.5390 0.3531 0.0000
vt 0.5246 0.3526 0.0000
vt 0.5249 0.3268 0.0000
vt 0.5406 0.3269 0.0000
vt 0.8847 0.0071 0.0000
vt 0.8846 0.0076 0.0000
vt 0.8842 0.0076 0.0000
vt 0.8842 0.0072 0.0000
vt 0.8847 0.0067 0.0000
vt 0.8842 0.0067 0.0000
vt 0.8850 0.0071 0.0000
vt 0.8851 0.0076 0.0000
vt 0.8850 0.0068 0.0000
vt 0.9095 0.2598 0.0000
vt 0.9090 0.2598 0.0000
vt 0.9095 0.2593 0.0000
vt 0.9099 0.2599 0.0000
vt 0.9100 0.2594 0.0000
vt 0.9095 0.2602 0.0000
vt 0.9091 0.2603 0.0000
vt 0.9098 0.2601 0.0000
vt 0.5273 0.0060 0.0000
vt 0.5278 0.0060 0.0000
vt 0.5273 0.0065 0.0000
vt 0.5269 0.0059 0.0000
vt 0.5268 0.0064 0.0000
vt 0.5272 0.0056 0.0000
vt 0.5277 0.0055 0.0000
vt 0.5270 0.0057 0.0000
vt 0.5411 0.3260 0.0000
vt 0.5412 0.3263 0.0000
vt 0.5406 0.3264 0.0000
vt 0.5411 0.3258 0.0000
vt 0.5406 0.3259 0.0000
vt 0.5415 0.3257 0.0000
vt 0.5417 0.3257 0.0000
vt 0.5414 0.3256 0.0000
vt 0.5271 0.3645 0.0000
vt 0.5277 0.3649 0.0000
vt 0.5271 0.3649 0.0000
vt 0.5267 0.3642 0.0000
vt 0.5266 0.3643 0.0000
vt 0.5272 0.3643 0.0000
vt 0.5277 0.3644 0.0000
vt 0.5269 0.3642 0.0000
vt 0.8852 0.3663 0.0000
vt 0.8848 0.3660 0.0000
vt 0.8849 0.3659 0.0000
vt 0.8856 0.3666 0.0000
vt 0.8856 0.3664 0.0000
vt 0.8855 0.3667 0.0000
vt 0.8853 0.3667 0.0000
vt 0.8857 0.3668 0.0000
vt 0.5445 0.0058 0.0000
vt 0.5451 0.0058 0.0000
vt 0.5451 0.0063 0.0000
vt 0.5445 0.0063 0.0000
vt 0.5439 0.0058 0.0000
vt 0.5439 0.0063 0.0000
vt 0.5445 0.0053 0.0000
vt 0.5451 0.0053 0.0000
vt 0.5439 0.0053 0.0000
vt 0.5432 0.0058 0.0000
vt 0.5432 0.0063 0.0000
vt 0.5426 0.0058 0.0000
vt 0.5432 0.0053 0.0000
vt 0.5426 0.0053 0.0000
vt 0.9098 0.2438 0.0000
vt 0.9098 0.2444 0.0000
vt 0.9093 0.2438 0.0000
vt 0.9098 0.2432 0.0000
vt 0.9093 0.2432 0.0000
vt 0.9103 0.2438 0.0000
vt 0.9103 0.2444 0.0000
vt 0.9103 0.2432 0.0000
vt 0.9098 0.2426 0.0000
vt 0.9093 0.2426 0.0000
vt 0.9098 0.2420 0.0000
vt 0.9103 0.2426 0.0000
vt 0.9103 0.2420 0.0000
vt 0.5243 0.3263 0.0000
vt 0.5249 0.3263 0.0000
vt 0.5244 0.3268 0.0000
vt 0.5238 0.3263 0.0000
vt 0.5239 0.3268 0.0000
vt 0.5243 0.3258 0.0000
vt 0.5249 0.3258 0.0000
vt 0.5237 0.3258 0.0000
vt 0.7527 0.3175 0.0000
vt 0.7522 0.3174 0.0000
vt 0.7527 0.3169 0.0000
vt 0.7532 0.3175 0.0000
vt 0.7532 0.3169 0.0000
vt 0.7527 0.3180 0.0000
vt 0.7521 0.3179 0.0000
vt 0.7532 0.3182 0.0000
vt 0.5447 0.3633 0.0000
vt 0.5448 0.3626 0.0000
vt 0.5453 0.3633 0.0000
vt 0.5447 0.3639 0.0000
vt 0.5453 0.3639 0.0000
vt 0.5442 0.3632 0.0000
vt 0.5443 0.3626 0.0000
vt 0.5440 0.3639 0.0000
vt 0.5446 0.3645 0.0000
vt 0.5453 0.3645 0.0000
vt 0.5447 0.3651 0.0000
vt 0.5440 0.3645 0.0000
vt 0.5440 0.3651 0.0000
vt 0.5434 0.3646 0.0000
vt 0.5434 0.3651 0.0000
vt 0.5428 0.3647 0.0000
vt 0.5434 0.3641 0.0000
vt 0.5428 0.3642 0.0000
vt 0.7009 0.2665 0.0000
vt 0.7014 0.2669 0.0000
vt 0.7008 0.2668 0.0000
vt 0.7005 0.2662 0.0000
vt 0.7003 0.2662 0.0000
vt 0.7010 0.2663 0.0000
vt 0.7014 0.2664 0.0000
vt 0.7007 0.2661 0.0000
vt 0.8862 0.2653 0.0000
vt 0.8858 0.2657 0.0000
vt 0.8857 0.2656 0.0000
vt 0.8864 0.2649 0.0000
vt 0.8862 0.2649 0.0000
vt 0.8866 0.2651 0.0000
vt 0.8866 0.2653 0.0000
vt 0.8866 0.2649 0.0000
vt 0.5250 0.2629 0.0000
vt 0.5250 0.2626 0.0000
vt 0.5255 0.2625 0.0000
vt 0.5251 0.2631 0.0000
vt 0.5256 0.2630 0.0000
vt 0.5246 0.2633 0.0000
vt 0.5244 0.2632 0.0000
vt 0.5248 0.2633 0.0000
vt 0.7177 0.2671 0.0000
vt 0.7176 0.2676 0.0000
vt 0.7171 0.2671 0.0000
vt 0.7177 0.2667 0.0000
vt 0.7171 0.2666 0.0000
vt 0.7181 0.2672 0.0000
vt 0.7181 0.2676 0.0000
vt 0.7182 0.2667 0.0000
vt 0.5416 0.2626 0.0000
vt 0.5411 0.2622 0.0000
vt 0.5416 0.2622 0.0000
vt 0.5422 0.2628 0.0000
vt 0.5423 0.2626 0.0000
vt 0.5416 0.2629 0.0000
vt 0.5410 0.2627 0.0000
vt 0.5420 0.2631 0.0000
vt 0.5426 0.2631 0.0000
vt 0.5430 0.2629 0.0000
vt 0.5431 0.2633 0.0000
vt 0.5424 0.2634 0.0000
vt 0.5426 0.2637 0.0000
vt 0.7527 0.2153 0.0000
vt 0.7527 0.2158 0.0000
vt 0.7522 0.2156 0.0000
vt 0.7526 0.2149 0.0000
vt 0.7521 0.2151 0.0000
vt 0.7531 0.2151 0.0000
vt 0.7532 0.2155 0.0000
vt 0.7529 0.2147 0.0000
vt 0.8698 0.0072 0.0000
vt 0.8703 0.0072 0.0000
vt 0.8703 0.0077 0.0000
vt 0.8698 0.0077 0.0000
vt 0.8694 0.0072 0.0000
vt 0.8694 0.0077 0.0000
vt 0.8698 0.0068 0.0000
vt 0.8703 0.0068 0.0000
vt 0.8695 0.0069 0.0000
vt 0.3264 0.3729 0.0000
vt 0.3265 0.3724 0.0000
vt 0.3269 0.3729 0.0000
vt 0.3264 0.3733 0.0000
vt 0.3269 0.3733 0.0000
vt 0.3261 0.3729 0.0000
vt 0.3260 0.3724 0.0000
vt 0.3261 0.3732 0.0000
vt 0.8948 0.2598 0.0000
vt 0.8948 0.2593 0.0000
vt 0.8953 0.2597 0.0000
vt 0.8948 0.2602 0.0000
vt 0.8953 0.2602 0.0000
vt 0.8944 0.2598 0.0000
vt 0.8944 0.2593 0.0000
vt 0.8945 0.2601 0.0000
vt 0.3438 0.3732 0.0000
vt 0.3439 0.3727 0.0000
vt 0.3445 0.3732 0.0000
vt 0.3438 0.3737 0.0000
vt 0.3445 0.3737 0.0000
vt 0.3432 0.3732 0.0000
vt 0.3432 0.3727 0.0000
vt 0.3432 0.3737 0.0000
vt 0.8945 0.2426 0.0000
vt 0.8946 0.2419 0.0000
vt 0.8950 0.2426 0.0000
vt 0.8945 0.2432 0.0000
vt 0.8950 0.2432 0.0000
vt 0.8941 0.2425 0.0000
vt 0.8941 0.2419 0.0000
vt 0.8941 0.2432 0.0000
vt 0.8945 0.2438 0.0000
vt 0.8950 0.2438 0.0000
vt 0.8946 0.2444 0.0000
vt 0.8941 0.2438 0.0000
vt 0.8941 0.2444 0.0000
vt 0.3425 0.3732 0.0000
vt 0.3419 0.3732 0.0000
vt 0.3426 0.3727 0.0000
vt 0.3425 0.3737 0.0000
vt 0.3419 0.3737 0.0000
vt 0.8066 0.3595 0.0000
vt 0.8066 0.3590 0.0000
vt 0.8071 0.3592 0.0000
vt 0.8067 0.3599 0.0000
vt 0.8072 0.3597 0.0000
vt 0.8062 0.3597 0.0000
vt 0.8061 0.3593 0.0000
vt 0.8063 0.3601 0.0000
vt 0.9139 0.0562 0.0000
vt 0.9144 0.0563 0.0000
vt 0.9139 0.0566 0.0000
vt 0.9135 0.0560 0.0000
vt 0.9134 0.0565 0.0000
vt 0.9140 0.0558 0.0000
vt 0.9145 0.0559 0.0000
vt 0.9135 0.0556 0.0000
vt 0.3491 0.1459 0.0000
vt 0.3489 0.1465 0.0000
vt 0.3485 0.1456 0.0000
vt 0.3493 0.1455 0.0000
vt 0.3488 0.1450 0.0000
vt 0.3495 0.1462 0.0000
vt 0.3494 0.1467 0.0000
vt 0.3497 0.1459 0.0000
vt 0.3497 0.1452 0.0000
vt 0.3493 0.1446 0.0000
vt 0.3501 0.1450 0.0000
vt 0.3500 0.1456 0.0000
vt 0.3504 0.1455 0.0000
vt 0.8226 0.2171 0.0000
vt 0.8231 0.2173 0.0000
vt 0.8225 0.2175 0.0000
vt 0.8221 0.2169 0.0000
vt 0.8220 0.2173 0.0000
vt 0.8227 0.2167 0.0000
vt 0.8231 0.2168 0.0000
vt 0.8222 0.2165 0.0000
vt 0.3493 0.3521 0.0000
vt 0.3497 0.3523 0.0000
vt 0.3489 0.3526 0.0000
vt 0.3489 0.3518 0.0000
vt 0.3484 0.3522 0.0000
vt 0.3496 0.3516 0.0000
vt 0.3500 0.3518 0.0000
vt 0.3493 0.3514 0.0000
vt 0.3486 0.3513 0.0000
vt 0.3481 0.3517 0.0000
vt 0.3485 0.3508 0.0000
vt 0.3491 0.3510 0.0000
vt 0.3489 0.3506 0.0000
vt 0.9138 0.2617 0.0000
vt 0.9138 0.2612 0.0000
vt 0.9143 0.2615 0.0000
vt 0.9139 0.2621 0.0000
vt 0.9144 0.2620 0.0000
vt 0.9133 0.2618 0.0000
vt 0.9133 0.2614 0.0000
vt 0.9134 0.2622 0.0000
vt 0.3430 0.3572 0.0000
vt 0.3426 0.3575 0.0000
vt 0.3425 0.3573 0.0000
vt 0.3433 0.3569 0.0000
vt 0.3432 0.3566 0.0000
vt 0.3434 0.3573 0.0000
vt 0.3433 0.3575 0.0000
vt 0.3434 0.3570 0.0000
vt 0.3437 0.3563 0.0000
vt 0.3439 0.3557 0.0000
vt 0.3441 0.3557 0.0000
vt 0.3437 0.3569 0.0000
vt 0.3440 0.3566 0.0000
vt 0.3438 0.3572 0.0000
vt 0.3442 0.3573 0.0000
vt 0.3440 0.3575 0.0000
vt 0.3442 0.1410 0.0000
vt 0.3445 0.1416 0.0000
vt 0.3444 0.1416 0.0000
vt 0.3438 0.1404 0.0000
vt 0.3437 0.1406 0.0000
vt 0.3441 0.1404 0.0000
vt 0.3444 0.1406 0.0000
vt 0.3439 0.1403 0.0000
vt 0.3434 0.1400 0.0000
vt 0.3430 0.1400 0.0000
vt 0.3431 0.1398 0.0000
vt 0.3438 0.1400 0.0000
vt 0.3437 0.1398 0.0000
vt 0.3442 0.1400 0.0000
vt 0.3444 0.1398 0.0000
vt 0.3446 0.1400 0.0000
vt 0.5395 0.3536 0.0000
vt 0.5390 0.3535 0.0000
vt 0.5395 0.3531 0.0000
vt 0.5399 0.3536 0.0000
vt 0.5400 0.3531 0.0000
vt 0.5395 0.3540 0.0000
vt 0.5390 0.3540 0.0000
vt 0.5398 0.3539 0.0000
vt 0.9129 0.3651 0.0000
vt 0.9124 0.3651 0.0000
vt 0.9129 0.3646 0.0000
vt 0.9133 0.3651 0.0000
vt 0.9133 0.3646 0.0000
vt 0.9129 0.3655 0.0000
vt 0.9124 0.3656 0.0000
vt 0.9132 0.3654 0.0000
vt 0.7984 0.2152 0.0000
vt 0.7984 0.2157 0.0000
vt 0.7979 0.2152 0.0000
vt 0.7984 0.2148 0.0000
vt 0.7979 0.2147 0.0000
vt 0.7988 0.2152 0.0000
vt 0.7988 0.2157 0.0000
vt 0.7987 0.2149 0.0000
vt 0.5241 0.3531 0.0000
vt 0.5241 0.3526 0.0000
vt 0.5246 0.3531 0.0000
vt 0.5241 0.3535 0.0000
vt 0.5245 0.3535 0.0000
vt 0.5237 0.3531 0.0000
vt 0.5237 0.3526 0.0000
vt 0.5238 0.3534 0.0000
vt 0.7822 0.2152 0.0000
vt 0.7827 0.2152 0.0000
vt 0.7822 0.2157 0.0000
vt 0.7818 0.2152 0.0000
vt 0.7817 0.2157 0.0000
vt 0.7822 0.2148 0.0000
vt 0.7827 0.2147 0.0000
vt 0.7819 0.2149 0.0000
vt 0.7257 0.3156 0.0000
vt 0.7257 0.3151 0.0000
vt 0.7261 0.3156 0.0000
vt 0.7256 0.3160 0.0000
vt 0.7261 0.3161 0.0000
vt 0.7253 0.3156 0.0000
vt 0.7252 0.3151 0.0000
vt 0.7253 0.3159 0.0000
vt 0.7023 0.2942 0.0000
vt 0.7023 0.2937 0.0000
vt 0.7028 0.2942 0.0000
vt 0.7023 0.2946 0.0000
vt 0.7028 0.2947 0.0000
vt 0.7019 0.2943 0.0000
vt 0.7019 0.2938 0.0000
vt 0.7020 0.2946 0.0000
vt 0.7983 0.3148 0.0000
vt 0.7978 0.3148 0.0000
vt 0.7983 0.3143 0.0000
vt 0.7987 0.3148 0.0000
vt 0.7988 0.3144 0.0000
vt 0.7983 0.3152 0.0000
vt 0.7978 0.3153 0.0000
vt 0.7986 0.3151 0.0000
vt 0.9142 0.2676 0.0000
vt 0.9142 0.2681 0.0000
vt 0.9137 0.2676 0.0000
vt 0.9143 0.2672 0.0000
vt 0.9138 0.2671 0.0000
vt 0.9146 0.2676 0.0000
vt 0.9147 0.2681 0.0000
vt 0.9146 0.2673 0.0000
vt 0.7177 0.2937 0.0000
vt 0.7173 0.2937 0.0000
vt 0.7177 0.2932 0.0000
vt 0.7181 0.2937 0.0000
vt 0.7182 0.2933 0.0000
vt 0.7178 0.2941 0.0000
vt 0.7173 0.2942 0.0000
vt 0.7180 0.2940 0.0000
vt 0.7259 0.2178 0.0000
vt 0.7264 0.2178 0.0000
vt 0.7259 0.2182 0.0000
vt 0.7255 0.2178 0.0000
vt 0.7255 0.2182 0.0000
vt 0.7258 0.2174 0.0000
vt 0.7263 0.2173 0.0000
vt 0.7256 0.2175 0.0000
vt 0.7822 0.3148 0.0000
vt 0.7822 0.3143 0.0000
vt 0.7827 0.3148 0.0000
vt 0.7822 0.3152 0.0000
vt 0.7827 0.3153 0.0000
vt 0.7818 0.3149 0.0000
vt 0.7817 0.3144 0.0000
vt 0.7819 0.3151 0.0000
vt 0.9728 0.2606 0.0000
vt 0.9728 0.2602 0.0000
vt 0.9733 0.2606 0.0000
vt 0.9728 0.2610 0.0000
vt 0.9733 0.2611 0.0000
vt 0.9724 0.2607 0.0000
vt 0.9724 0.2602 0.0000
vt 0.9725 0.2610 0.0000
vt 0.8844 0.3734 0.0000
vt 0.8840 0.3734 0.0000
vt 0.8844 0.3729 0.0000
vt 0.8848 0.3735 0.0000
vt 0.8849 0.3730 0.0000
vt 0.8845 0.3738 0.0000
vt 0.8840 0.3739 0.0000
vt 0.8847 0.3738 0.0000
vt 0.5278 0.3710 0.0000
vt 0.5278 0.3705 0.0000
vt 0.5282 0.3709 0.0000
vt 0.5278 0.3713 0.0000
vt 0.5282 0.3714 0.0000
vt 0.5274 0.3710 0.0000
vt 0.5273 0.3706 0.0000
vt 0.5275 0.3713 0.0000
vt 0.9725 0.2446 0.0000
vt 0.9730 0.2446 0.0000
vt 0.9725 0.2453 0.0000
vt 0.9720 0.2446 0.0000
vt 0.9720 0.2453 0.0000
vt 0.9725 0.2440 0.0000
vt 0.9730 0.2440 0.0000
vt 0.9720 0.2440 0.0000
vt 0.5435 0.3707 0.0000
vt 0.5429 0.3707 0.0000
vt 0.5435 0.3702 0.0000
vt 0.5441 0.3707 0.0000
vt 0.5441 0.3702 0.0000
vt 0.5435 0.3711 0.0000
vt 0.5429 0.3711 0.0000
vt 0.5441 0.3711 0.0000
vt 0.5447 0.3707 0.0000
vt 0.5447 0.3702 0.0000
vt 0.5453 0.3706 0.0000
vt 0.5447 0.3711 0.0000
vt 0.5453 0.3711 0.0000
vt 0.9725 0.2434 0.0000
vt 0.9725 0.2428 0.0000
vt 0.9730 0.2434 0.0000
vt 0.9720 0.2434 0.0000
vt 0.9720 0.2428 0.0000
vt 0.9875 0.2605 0.0000
vt 0.9870 0.2605 0.0000
vt 0.9875 0.2601 0.0000
vt 0.9879 0.2606 0.0000
vt 0.9879 0.2601 0.0000
vt 0.9875 0.2609 0.0000
vt 0.9870 0.2610 0.0000
vt 0.9878 0.2609 0.0000
vt 0.3269 0.0076 0.0000
vt 0.3274 0.0076 0.0000
vt 0.3269 0.0081 0.0000
vt 0.3265 0.0076 0.0000
vt 0.3264 0.0080 0.0000
vt 0.3269 0.0072 0.0000
vt 0.3273 0.0071 0.0000
vt 0.3266 0.0073 0.0000
vt 0.8697 0.3732 0.0000
vt 0.8697 0.3727 0.0000
vt 0.8702 0.3732 0.0000
vt 0.8697 0.3736 0.0000
vt 0.8701 0.3737 0.0000
vt 0.8693 0.3732 0.0000
vt 0.8692 0.3728 0.0000
vt 0.8694 0.3735 0.0000
vt 0.9877 0.2446 0.0000
vt 0.9877 0.2453 0.0000
vt 0.9872 0.2446 0.0000
vt 0.9878 0.2440 0.0000
vt 0.9872 0.2440 0.0000
vt 0.9882 0.2446 0.0000
vt 0.9882 0.2453 0.0000
vt 0.9882 0.2440 0.0000
vt 0.9878 0.2434 0.0000
vt 0.9872 0.2434 0.0000
vt 0.9877 0.2428 0.0000
vt 0.9882 0.2434 0.0000
vt 0.9882 0.2427 0.0000
vt 0.3442 0.0074 0.0000
vt 0.3448 0.0074 0.0000
vt 0.3442 0.0079 0.0000
vt 0.3436 0.0074 0.0000
vt 0.3436 0.0079 0.0000
vt 0.3442 0.0069 0.0000
vt 0.3448 0.0069 0.0000
vt 0.3435 0.0069 0.0000
vt 0.3429 0.0074 0.0000
vt 0.3429 0.0079 0.0000
vt 0.3423 0.0074 0.0000
vt 0.3429 0.0069 0.0000
vt 0.3423 0.0069 0.0000
vt 0.8372 0.2186 0.0000
vt 0.8372 0.2191 0.0000
vt 0.8368 0.2186 0.0000
vt 0.8373 0.2183 0.0000
vt 0.8368 0.2182 0.0000
vt 0.8376 0.2186 0.0000
vt 0.8377 0.2191 0.0000
vt 0.8376 0.2183 0.0000
vt 0.9285 0.2600 0.0000
vt 0.9280 0.2600 0.0000
vt 0.9284 0.2595 0.0000
vt 0.9289 0.2600 0.0000
vt 0.9289 0.2595 0.0000
vt 0.9285 0.2604 0.0000
vt 0.9281 0.2605 0.0000
vt 0.9288 0.2603 0.0000
vt 0.7206 0.2099 0.0000
vt 0.7206 0.2094 0.0000
vt 0.7206 0.2103 0.0000
vt 0.7211 0.2104 0.0000
vt 0.7202 0.2099 0.0000
vt 0.7201 0.2094 0.0000
vt 0.7203 0.2102 0.0000
vt 0.8212 0.3579 0.0000
vt 0.8207 0.3579 0.0000
vt 0.8211 0.3574 0.0000
vt 0.8216 0.3579 0.0000
vt 0.8216 0.3574 0.0000
vt 0.8212 0.3583 0.0000
vt 0.8208 0.3584 0.0000
vt 0.8215 0.3582 0.0000
vt 0.7206 0.0069 0.0000
vt 0.7211 0.0070 0.0000
vt 0.7206 0.0074 0.0000
vt 0.7202 0.0069 0.0000
vt 0.7201 0.0074 0.0000
vt 0.7206 0.0065 0.0000
vt 0.7211 0.0065 0.0000
vt 0.7203 0.0066 0.0000
vt 0.9285 0.0578 0.0000
vt 0.9284 0.0583 0.0000
vt 0.9280 0.0578 0.0000
vt 0.9285 0.0574 0.0000
vt 0.9281 0.0573 0.0000
vt 0.9289 0.0578 0.0000
vt 0.9289 0.0583 0.0000
vt 0.9288 0.0575 0.0000
vt 0.8850 0.0226 0.0000
vt 0.8855 0.0226 0.0000
vt 0.5270 0.0213 0.0000
vt 0.5265 0.0213 0.0000
vt 0.5432 0.0214 0.0000
vt 0.5438 0.0214 0.0000
vt 0.5445 0.0214 0.0000
vt 0.3263 0.3574 0.0000
vt 0.3258 0.3574 0.0000
vt 0.8696 0.0227 0.0000
vt 0.8691 0.0227 0.0000
vt 0.8704 0.2405 0.0000
vt 0.8699 0.2405 0.0000
vt 0.3263 0.1398 0.0000
vt 0.3268 0.1398 0.0000
vt 0.5259 0.2384 0.0000
vt 0.5254 0.2384 0.0000
vt 0.8861 0.2404 0.0000
vt 0.8856 0.2404 0.0000
vt 0.5419 0.2386 0.0000
vt 0.5426 0.2386 0.0000
vt 0.5432 0.2386 0.0000
vt 0.8696 0.3664 0.0000
vt 0.8704 0.2649 0.0000
vt 0.8691 0.3664 0.0000
vt 0.8699 0.2649 0.0000
vt 0.3263 0.0144 0.0000
vt 0.3268 0.0144 0.0000
vt 0.3268 0.1154 0.0000
vt 0.3263 0.1154 0.0000
vt 0.3430 0.0143 0.0000
vt 0.3431 0.1154 0.0000
vt 0.3436 0.0142 0.0000
vt 0.3437 0.1154 0.0000
vt 0.3442 0.0142 0.0000
vt 0.3443 0.1154 0.0000
vt 0.8602 0.2105 0.0000
vt 0.8370 0.3574 0.0000
vt 0.8375 0.3574 0.0000
vt 0.8225 0.3590 0.0000
vt 0.8220 0.3592 0.0000
vt 0.4906 0.3522 0.0000
vt 0.4902 0.3517 0.0000
vt 0.6950 0.3632 0.0000
vt 0.6950 0.3638 0.0000
vt 0.6950 0.3644 0.0000
vt 0.9098 0.0900 0.0000
vt 0.9103 0.0900 0.0000
vt 0.6958 0.0059 0.0000
vt 0.6958 0.0054 0.0000
vt 0.6958 0.0064 0.0000
vt 0.9877 0.0908 0.0000
vt 0.9882 0.0908 0.0000
vt 0.4958 0.0072 0.0000
vt 0.4959 0.0067 0.0000
vt 0.8604 0.0072 0.0000
vt 0.8604 0.0067 0.0000
vt 0.8212 0.2191 0.0000
vt 0.8217 0.2191 0.0000
vt 0.8066 0.2175 0.0000
vt 0.8061 0.2172 0.0000
vt 0.4907 0.1448 0.0000
vt 0.4904 0.1452 0.0000
vt 0.9725 0.0908 0.0000
vt 0.9720 0.0908 0.0000
vt 0.6949 0.3706 0.0000
vt 0.6949 0.3710 0.0000
vt 0.8946 0.0900 0.0000
vt 0.8941 0.0901 0.0000
vt 0.4957 0.3731 0.0000
vt 0.4958 0.3736 0.0000
vt 0.6958 0.0215 0.0000
vt 0.9526 0.3729 0.0000
vt 0.9522 0.3654 0.0000
vt 0.9665 0.3664 0.0000
vt 0.9664 0.3727 0.0000
vt 0.4983 0.0140 0.0000
vt 0.4984 0.0076 0.0000
vt 0.5132 0.0078 0.0000
vt 0.5134 0.0141 0.0000
vt 0.9513 0.2662 0.0000
vt 0.9656 0.2649 0.0000
vt 0.9514 0.2404 0.0000
vt 0.9521 0.0227 0.0000
vt 0.9665 0.0227 0.0000
vt 0.9657 0.2405 0.0000
vt 0.4923 0.3509 0.0000
vt 0.4923 0.1461 0.0000
vt 0.4959 0.1425 0.0000
vt 0.4958 0.3544 0.0000
vt 0.9342 0.2619 0.0000
vt 0.9342 0.0578 0.0000
vt 0.9479 0.0592 0.0000
vt 0.9478 0.2605 0.0000
vt 0.4983 0.3574 0.0000
vt 0.4984 0.1395 0.0000
vt 0.5135 0.1395 0.0000
vt 0.5135 0.3573 0.0000
vt 0.5401 0.2653 0.0000
vt 0.5387 0.2916 0.0000
vt 0.5243 0.2912 0.0000
vt 0.5243 0.2655 0.0000
vt 0.9870 0.0735 0.0000
vt 0.9872 0.0883 0.0000
vt 0.9730 0.0883 0.0000
vt 0.9733 0.0734 0.0000
vt 0.9242 0.3646 0.0000
vt 0.9228 0.2681 0.0000
vt 0.6974 0.3651 0.0000
vt 0.7125 0.3653 0.0000
vt 0.7120 0.3703 0.0000
vt 0.6973 0.3701 0.0000
vt 0.4983 0.3726 0.0000
vt 0.5133 0.3723 0.0000
vt 0.9093 0.0875 0.0000
vt 0.8951 0.0875 0.0000
vt 0.8953 0.0727 0.0000
vt 0.9090 0.0726 0.0000
vt 0.4984 0.1152 0.0000
vt 0.5135 0.1152 0.0000
vt 0.7148 0.2623 0.0000
vt 0.6992 0.2620 0.0000
vt 0.6990 0.2389 0.0000
vt 0.7140 0.2387 0.0000
vt 0.8390 0.3161 0.0000
vt 0.8390 0.2175 0.0000
vt 0.8541 0.2175 0.0000
vt 0.8541 0.3161 0.0000
vt 0.6983 0.0064 0.0000
vt 0.7131 0.0067 0.0000
vt 0.7134 0.0215 0.0000
vt 0.6982 0.0215 0.0000
vt 0.7545 0.3146 0.0000
vt 0.7545 0.2178 0.0000
vt 0.7805 0.2160 0.0000
vt 0.7803 0.3169 0.0000
vt 0.5245 0.3208 0.0000
vt 0.5242 0.2950 0.0000
vt 0.5387 0.2946 0.0000
vt 0.5403 0.3207 0.0000
vt 0.9519 0.0071 0.0000
vt 0.9524 0.0072 0.0000
vt 0.9524 0.0076 0.0000
vt 0.9519 0.0076 0.0000
vt 0.9519 0.0067 0.0000
vt 0.9524 0.0067 0.0000
vt 0.9515 0.0071 0.0000
vt 0.9514 0.0076 0.0000
vt 0.9516 0.0068 0.0000
vt 0.9095 0.0721 0.0000
vt 0.9095 0.0726 0.0000
vt 0.9090 0.0721 0.0000
vt 0.9099 0.0721 0.0000
vt 0.9099 0.0726 0.0000
vt 0.9095 0.0717 0.0000
vt 0.9090 0.0717 0.0000
vt 0.9098 0.0718 0.0000
vt 0.7136 0.0062 0.0000
vt 0.7136 0.0066 0.0000
vt 0.7131 0.0062 0.0000
vt 0.7140 0.0061 0.0000
vt 0.7141 0.0066 0.0000
vt 0.7136 0.0058 0.0000
vt 0.7132 0.0057 0.0000
vt 0.7139 0.0058 0.0000
vt 0.5408 0.3216 0.0000
vt 0.5403 0.3212 0.0000
vt 0.5408 0.3213 0.0000
vt 0.5407 0.3219 0.0000
vt 0.5402 0.3217 0.0000
vt 0.5412 0.3220 0.0000
vt 0.5414 0.3219 0.0000
vt 0.5410 0.3220 0.0000
vt 0.7131 0.3644 0.0000
vt 0.7131 0.3648 0.0000
vt 0.7126 0.3648 0.0000
vt 0.7135 0.3641 0.0000
vt 0.7137 0.3642 0.0000
vt 0.7130 0.3642 0.0000
vt 0.7125 0.3643 0.0000
vt 0.7133 0.3641 0.0000
vt 0.9513 0.3663 0.0000
vt 0.9516 0.3659 0.0000
vt 0.9517 0.3660 0.0000
vt 0.9509 0.3666 0.0000
vt 0.9509 0.3664 0.0000
vt 0.9511 0.3667 0.0000
vt 0.9513 0.3667 0.0000
vt 0.9509 0.3668 0.0000
vt 0.6964 0.0059 0.0000
vt 0.6964 0.0064 0.0000
vt 0.6970 0.0059 0.0000
vt 0.6970 0.0064 0.0000
vt 0.6964 0.0054 0.0000
vt 0.6970 0.0054 0.0000
vt 0.6976 0.0059 0.0000
vt 0.6983 0.0059 0.0000
vt 0.6976 0.0064 0.0000
vt 0.6976 0.0054 0.0000
vt 0.6983 0.0054 0.0000
vt 0.9098 0.0881 0.0000
vt 0.9093 0.0881 0.0000
vt 0.9098 0.0875 0.0000
vt 0.9098 0.0888 0.0000
vt 0.9093 0.0888 0.0000
vt 0.9103 0.0881 0.0000
vt 0.9103 0.0875 0.0000
vt 0.9103 0.0888 0.0000
vt 0.9098 0.0894 0.0000
vt 0.9093 0.0894 0.0000
vt 0.9103 0.0894 0.0000
vt 0.5240 0.3214 0.0000
vt 0.5240 0.3208 0.0000
vt 0.5245 0.3213 0.0000
vt 0.5235 0.3213 0.0000
vt 0.5235 0.3208 0.0000
vt 0.5240 0.3218 0.0000
vt 0.5246 0.3218 0.0000
vt 0.5233 0.3219 0.0000
vt 0.7809 0.2154 0.0000
vt 0.7809 0.2160 0.0000
vt 0.7804 0.2155 0.0000
vt 0.7814 0.2154 0.0000
vt 0.7814 0.2160 0.0000
vt 0.7809 0.2149 0.0000
vt 0.7804 0.2150 0.0000
vt 0.7814 0.2147 0.0000
vt 0.6955 0.3632 0.0000
vt 0.6954 0.3626 0.0000
vt 0.6956 0.3638 0.0000
vt 0.6960 0.3632 0.0000
vt 0.6959 0.3626 0.0000
vt 0.6962 0.3638 0.0000
vt 0.6956 0.3644 0.0000
vt 0.6956 0.3650 0.0000
vt 0.6962 0.3644 0.0000
vt 0.6962 0.3650 0.0000
vt 0.6968 0.3645 0.0000
vt 0.6974 0.3646 0.0000
vt 0.6968 0.3650 0.0000
vt 0.6968 0.3640 0.0000
vt 0.6974 0.3641 0.0000
vt 0.5406 0.2644 0.0000
vt 0.5407 0.2647 0.0000
vt 0.5401 0.2648 0.0000
vt 0.5410 0.2640 0.0000
vt 0.5412 0.2641 0.0000
vt 0.5405 0.2642 0.0000
vt 0.5400 0.2643 0.0000
vt 0.5408 0.2640 0.0000
vt 0.9504 0.2653 0.0000
vt 0.9508 0.2656 0.0000
vt 0.9507 0.2657 0.0000
vt 0.9501 0.2649 0.0000
vt 0.9503 0.2649 0.0000
vt 0.9500 0.2651 0.0000
vt 0.9500 0.2653 0.0000
vt 0.9499 0.2649 0.0000
vt 0.7153 0.2632 0.0000
vt 0.7148 0.2628 0.0000
vt 0.7153 0.2629 0.0000
vt 0.7152 0.2635 0.0000
vt 0.7147 0.2633 0.0000
vt 0.7157 0.2636 0.0000
vt 0.7158 0.2635 0.0000
vt 0.7155 0.2636 0.0000
vt 0.5238 0.2650 0.0000
vt 0.5244 0.2650 0.0000
vt 0.5239 0.2655 0.0000
vt 0.5238 0.2646 0.0000
vt 0.5244 0.2645 0.0000
vt 0.5234 0.2650 0.0000
vt 0.5234 0.2655 0.0000
vt 0.5233 0.2646 0.0000
vt 0.6986 0.2628 0.0000
vt 0.6986 0.2625 0.0000
vt 0.6992 0.2625 0.0000
vt 0.6981 0.2631 0.0000
vt 0.6980 0.2629 0.0000
vt 0.6987 0.2632 0.0000
vt 0.6992 0.2630 0.0000
vt 0.6982 0.2634 0.0000
vt 0.6976 0.2634 0.0000
vt 0.6972 0.2636 0.0000
vt 0.6973 0.2632 0.0000
vt 0.6979 0.2637 0.0000
vt 0.6977 0.2640 0.0000
vt 0.7808 0.3176 0.0000
vt 0.7803 0.3174 0.0000
vt 0.7808 0.3172 0.0000
vt 0.7807 0.3180 0.0000
vt 0.7802 0.3178 0.0000
vt 0.7812 0.3178 0.0000
vt 0.7813 0.3175 0.0000
vt 0.7811 0.3182 0.0000
vt 0.9667 0.0072 0.0000
vt 0.9667 0.0077 0.0000
vt 0.9662 0.0077 0.0000
vt 0.9662 0.0072 0.0000
vt 0.9671 0.0072 0.0000
vt 0.9672 0.0077 0.0000
vt 0.9668 0.0068 0.0000
vt 0.9663 0.0068 0.0000
vt 0.9670 0.0069 0.0000
vt 0.5138 0.3728 0.0000
vt 0.5133 0.3728 0.0000
vt 0.5138 0.3723 0.0000
vt 0.5138 0.3732 0.0000
vt 0.5134 0.3733 0.0000
vt 0.5142 0.3729 0.0000
vt 0.5143 0.3724 0.0000
vt 0.5141 0.3731 0.0000
vt 0.8948 0.0722 0.0000
vt 0.8953 0.0722 0.0000
vt 0.8948 0.0727 0.0000
vt 0.8948 0.0718 0.0000
vt 0.8953 0.0718 0.0000
vt 0.8944 0.0722 0.0000
vt 0.8944 0.0726 0.0000
vt 0.8945 0.0719 0.0000
vt 0.4964 0.3731 0.0000
vt 0.4964 0.3726 0.0000
vt 0.4964 0.3736 0.0000
vt 0.4971 0.3731 0.0000
vt 0.4970 0.3726 0.0000
vt 0.4971 0.3736 0.0000
vt 0.8945 0.0894 0.0000
vt 0.8950 0.0894 0.0000
vt 0.8945 0.0888 0.0000
vt 0.8950 0.0888 0.0000
vt 0.8941 0.0894 0.0000
vt 0.8941 0.0888 0.0000
vt 0.8945 0.0881 0.0000
vt 0.8946 0.0875 0.0000
vt 0.8950 0.0881 0.0000
vt 0.8941 0.0882 0.0000
vt 0.8941 0.0875 0.0000
vt 0.4977 0.3731 0.0000
vt 0.4977 0.3726 0.0000
vt 0.4983 0.3731 0.0000
vt 0.4977 0.3736 0.0000
vt 0.4984 0.3736 0.0000
vt 0.8066 0.2171 0.0000
vt 0.8071 0.2173 0.0000
vt 0.8067 0.2167 0.0000
vt 0.8072 0.2168 0.0000
vt 0.8062 0.2169 0.0000
vt 0.8063 0.2165 0.0000
vt 0.9338 0.2626 0.0000
vt 0.9338 0.2621 0.0000
vt 0.9343 0.2624 0.0000
vt 0.9333 0.2627 0.0000
vt 0.9333 0.2623 0.0000
vt 0.9339 0.2630 0.0000
vt 0.9344 0.2629 0.0000
vt 0.9334 0.2632 0.0000
vt 0.4917 0.1457 0.0000
vt 0.4922 0.1454 0.0000
vt 0.4919 0.1463 0.0000
vt 0.4915 0.1453 0.0000
vt 0.4919 0.1448 0.0000
vt 0.4912 0.1460 0.0000
vt 0.4914 0.1465 0.0000
vt 0.4910 0.1456 0.0000
vt 0.4911 0.1450 0.0000
vt 0.4915 0.1444 0.0000
vt 0.4907 0.1454 0.0000
vt 0.8226 0.3594 0.0000
vt 0.8231 0.3592 0.0000
vt 0.8221 0.3596 0.0000
vt 0.8227 0.3598 0.0000
vt 0.8231 0.3597 0.0000
vt 0.8222 0.3600 0.0000
vt 0.4910 0.3520 0.0000
vt 0.4914 0.3525 0.0000
vt 0.4914 0.3517 0.0000
vt 0.4918 0.3521 0.0000
vt 0.4906 0.3515 0.0000
vt 0.4910 0.3513 0.0000
vt 0.4916 0.3512 0.0000
vt 0.4918 0.3507 0.0000
vt 0.4922 0.3515 0.0000
vt 0.4912 0.3509 0.0000
vt 0.4913 0.3504 0.0000
vt 0.9338 0.0571 0.0000
vt 0.9343 0.0573 0.0000
vt 0.9338 0.0576 0.0000
vt 0.9339 0.0567 0.0000
vt 0.9344 0.0568 0.0000
vt 0.9333 0.0569 0.0000
vt 0.9333 0.0574 0.0000
vt 0.9334 0.0565 0.0000
vt 0.4973 0.3571 0.0000
vt 0.4977 0.3572 0.0000
vt 0.4976 0.3574 0.0000
vt 0.4969 0.3568 0.0000
vt 0.4971 0.3565 0.0000
vt 0.4969 0.3572 0.0000
vt 0.4970 0.3574 0.0000
vt 0.4968 0.3569 0.0000
vt 0.4965 0.3562 0.0000
vt 0.4962 0.3556 0.0000
vt 0.4964 0.3556 0.0000
vt 0.4966 0.3568 0.0000
vt 0.4963 0.3565 0.0000
vt 0.4965 0.3571 0.0000
vt 0.4963 0.3574 0.0000
vt 0.4961 0.3572 0.0000
vt 0.4966 0.1407 0.0000
vt 0.4964 0.1414 0.0000
vt 0.4962 0.1414 0.0000
vt 0.4970 0.1402 0.0000
vt 0.4971 0.1404 0.0000
vt 0.4967 0.1402 0.0000
vt 0.4964 0.1404 0.0000
vt 0.4969 0.1400 0.0000
vt 0.4974 0.1398 0.0000
vt 0.4977 0.1395 0.0000
vt 0.4978 0.1398 0.0000
vt 0.4970 0.1398 0.0000
vt 0.4971 0.1395 0.0000
vt 0.4966 0.1398 0.0000
vt 0.4962 0.1398 0.0000
vt 0.4964 0.1395 0.0000
vt 0.5392 0.2941 0.0000
vt 0.5392 0.2946 0.0000
vt 0.5387 0.2941 0.0000
vt 0.5395 0.2940 0.0000
vt 0.5396 0.2945 0.0000
vt 0.5392 0.2937 0.0000
vt 0.5387 0.2936 0.0000
vt 0.5395 0.2937 0.0000
vt 0.9237 0.3651 0.0000
vt 0.9237 0.3646 0.0000
vt 0.9241 0.3651 0.0000
vt 0.9233 0.3651 0.0000
vt 0.9232 0.3646 0.0000
vt 0.9236 0.3655 0.0000
vt 0.9241 0.3656 0.0000
vt 0.9233 0.3654 0.0000
vt 0.8385 0.2170 0.0000
vt 0.8390 0.2170 0.0000
vt 0.8385 0.2175 0.0000
vt 0.8384 0.2166 0.0000
vt 0.8389 0.2165 0.0000
vt 0.8381 0.2169 0.0000
vt 0.8380 0.2174 0.0000
vt 0.8381 0.2166 0.0000
vt 0.5237 0.2946 0.0000
vt 0.5242 0.2946 0.0000
vt 0.5238 0.2950 0.0000
vt 0.5237 0.2942 0.0000
vt 0.5242 0.2941 0.0000
vt 0.5234 0.2945 0.0000
vt 0.5233 0.2950 0.0000
vt 0.5234 0.2943 0.0000
vt 0.8546 0.2170 0.0000
vt 0.8546 0.2175 0.0000
vt 0.8541 0.2170 0.0000
vt 0.8550 0.2169 0.0000
vt 0.8551 0.2174 0.0000
vt 0.8546 0.2166 0.0000
vt 0.8542 0.2165 0.0000
vt 0.8549 0.2166 0.0000
vt 0.7540 0.2173 0.0000
vt 0.7544 0.2173 0.0000
vt 0.7540 0.2178 0.0000
vt 0.7539 0.2169 0.0000
vt 0.7544 0.2168 0.0000
vt 0.7536 0.2173 0.0000
vt 0.7535 0.2177 0.0000
vt 0.7536 0.2170 0.0000
vt 0.5391 0.2921 0.0000
vt 0.5387 0.2921 0.0000
vt 0.5391 0.2917 0.0000
vt 0.5392 0.2925 0.0000
vt 0.5387 0.2926 0.0000
vt 0.5395 0.2922 0.0000
vt 0.5396 0.2917 0.0000
vt 0.5394 0.2925 0.0000
vt 0.8385 0.3166 0.0000
vt 0.8385 0.3161 0.0000
vt 0.8390 0.3165 0.0000
vt 0.8381 0.3166 0.0000
vt 0.8380 0.3161 0.0000
vt 0.8384 0.3170 0.0000
vt 0.8389 0.3170 0.0000
vt 0.8382 0.3169 0.0000
vt 0.9223 0.2676 0.0000
vt 0.9228 0.2676 0.0000
vt 0.9224 0.2681 0.0000
vt 0.9223 0.2672 0.0000
vt 0.9227 0.2671 0.0000
vt 0.9219 0.2676 0.0000
vt 0.9219 0.2681 0.0000
vt 0.9220 0.2673 0.0000
vt 0.5238 0.2916 0.0000
vt 0.5238 0.2912 0.0000
vt 0.5242 0.2916 0.0000
vt 0.5234 0.2917 0.0000
vt 0.5233 0.2912 0.0000
vt 0.5237 0.2920 0.0000
vt 0.5242 0.2921 0.0000
vt 0.5235 0.2919 0.0000
vt 0.7540 0.3151 0.0000
vt 0.7540 0.3146 0.0000
vt 0.7544 0.3151 0.0000
vt 0.7536 0.3151 0.0000
vt 0.7535 0.3147 0.0000
vt 0.7539 0.3155 0.0000
vt 0.7544 0.3156 0.0000
vt 0.7536 0.3154 0.0000
vt 0.8546 0.3166 0.0000
vt 0.8541 0.3166 0.0000
vt 0.8546 0.3161 0.0000
vt 0.8546 0.3170 0.0000
vt 0.8541 0.3171 0.0000
vt 0.8550 0.3166 0.0000
vt 0.8551 0.3161 0.0000
vt 0.8549 0.3169 0.0000
vt 0.9728 0.0729 0.0000
vt 0.9733 0.0730 0.0000
vt 0.9728 0.0734 0.0000
vt 0.9728 0.0726 0.0000
vt 0.9733 0.0725 0.0000
vt 0.9724 0.0729 0.0000
vt 0.9724 0.0734 0.0000
vt 0.9725 0.0726 0.0000
vt 0.9521 0.3734 0.0000
vt 0.9521 0.3729 0.0000
vt 0.9526 0.3734 0.0000
vt 0.9517 0.3735 0.0000
vt 0.9516 0.3730 0.0000
vt 0.9521 0.3738 0.0000
vt 0.9526 0.3739 0.0000
vt 0.9518 0.3738 0.0000
vt 0.7125 0.3709 0.0000
vt 0.7120 0.3708 0.0000
vt 0.7125 0.3704 0.0000
vt 0.7125 0.3712 0.0000
vt 0.7120 0.3713 0.0000
vt 0.7128 0.3709 0.0000
vt 0.7129 0.3705 0.0000
vt 0.7127 0.3712 0.0000
vt 0.9725 0.0889 0.0000
vt 0.9725 0.0883 0.0000
vt 0.9730 0.0889 0.0000
vt 0.9720 0.0889 0.0000
vt 0.9720 0.0883 0.0000
vt 0.9725 0.0895 0.0000
vt 0.9730 0.0895 0.0000
vt 0.9720 0.0895 0.0000
vt 0.6967 0.3706 0.0000
vt 0.6967 0.3701 0.0000
vt 0.6973 0.3706 0.0000
vt 0.6961 0.3706 0.0000
vt 0.6961 0.3701 0.0000
vt 0.6967 0.3711 0.0000
vt 0.6973 0.3711 0.0000
vt 0.6961 0.3710 0.0000
vt 0.6955 0.3706 0.0000
vt 0.6955 0.3701 0.0000
vt 0.6955 0.3710 0.0000
vt 0.9725 0.0902 0.0000
vt 0.9730 0.0902 0.0000
vt 0.9720 0.0902 0.0000
vt 0.9875 0.0730 0.0000
vt 0.9874 0.0735 0.0000
vt 0.9870 0.0730 0.0000
vt 0.9878 0.0730 0.0000
vt 0.9879 0.0734 0.0000
vt 0.9875 0.0726 0.0000
vt 0.9870 0.0725 0.0000
vt 0.9878 0.0727 0.0000
vt 0.5137 0.0073 0.0000
vt 0.5137 0.0078 0.0000
vt 0.5133 0.0074 0.0000
vt 0.5141 0.0073 0.0000
vt 0.5142 0.0078 0.0000
vt 0.5138 0.0070 0.0000
vt 0.5133 0.0069 0.0000
vt 0.5140 0.0070 0.0000
vt 0.9669 0.3732 0.0000
vt 0.9664 0.3732 0.0000
vt 0.9668 0.3727 0.0000
vt 0.9669 0.3736 0.0000
vt 0.9664 0.3736 0.0000
vt 0.9672 0.3732 0.0000
vt 0.9673 0.3728 0.0000
vt 0.9672 0.3735 0.0000
vt 0.9877 0.0889 0.0000
vt 0.9872 0.0889 0.0000
vt 0.9877 0.0883 0.0000
vt 0.9878 0.0895 0.0000
vt 0.9872 0.0895 0.0000
vt 0.9882 0.0889 0.0000
vt 0.9882 0.0883 0.0000
vt 0.9882 0.0895 0.0000
vt 0.9878 0.0902 0.0000
vt 0.9872 0.0902 0.0000
vt 0.9882 0.0902 0.0000
vt 0.4965 0.0071 0.0000
vt 0.4965 0.0076 0.0000
vt 0.4971 0.0071 0.0000
vt 0.4971 0.0076 0.0000
vt 0.4965 0.0067 0.0000
vt 0.4971 0.0067 0.0000
vt 0.4977 0.0071 0.0000
vt 0.4984 0.0072 0.0000
vt 0.4977 0.0076 0.0000
vt 0.4977 0.0067 0.0000
vt 0.4984 0.0067 0.0000
vt 0.8371 0.3579 0.0000
vt 0.8366 0.3579 0.0000
vt 0.8371 0.3583 0.0000
vt 0.8367 0.3584 0.0000
vt 0.8375 0.3579 0.0000
vt 0.8374 0.3582 0.0000
vt 0.9484 0.0588 0.0000
vt 0.9484 0.0592 0.0000
vt 0.9480 0.0587 0.0000
vt 0.9488 0.0588 0.0000
vt 0.9489 0.0592 0.0000
vt 0.9485 0.0584 0.0000
vt 0.9480 0.0583 0.0000
vt 0.9488 0.0585 0.0000
vt 0.8607 0.2101 0.0000
vt 0.8607 0.2096 0.0000
vt 0.8607 0.2105 0.0000
vt 0.8611 0.2101 0.0000
vt 0.8612 0.2096 0.0000
vt 0.8610 0.2104 0.0000
vt 0.8213 0.2187 0.0000
vt 0.8208 0.2187 0.0000
vt 0.8217 0.2186 0.0000
vt 0.8213 0.2183 0.0000
vt 0.8209 0.2182 0.0000
vt 0.8216 0.2184 0.0000
vt 0.8609 0.0072 0.0000
vt 0.8608 0.0077 0.0000
vt 0.8613 0.0072 0.0000
vt 0.8613 0.0077 0.0000
vt 0.8609 0.0068 0.0000
vt 0.8612 0.0069 0.0000
vt 0.9484 0.2609 0.0000
vt 0.9479 0.2609 0.0000
vt 0.9483 0.2604 0.0000
vt 0.9484 0.2613 0.0000
vt 0.9479 0.2614 0.0000
vt 0.9488 0.2609 0.0000
vt 0.9488 0.2605 0.0000
vt 0.9487 0.2612 0.0000
vt 0.9516 0.0226 0.0000
vt 0.9511 0.0226 0.0000
vt 0.7143 0.0215 0.0000
vt 0.7138 0.0215 0.0000
vt 0.6976 0.0215 0.0000
vt 0.6970 0.0215 0.0000
vt 0.6964 0.0215 0.0000
vt 0.5140 0.3573 0.0000
vt 0.5145 0.3574 0.0000
vt 0.9674 0.0227 0.0000
vt 0.9669 0.0227 0.0000
vt 0.9662 0.2405 0.0000
vt 0.9666 0.2405 0.0000
vt 0.5140 0.1395 0.0000
vt 0.5145 0.1395 0.0000
vt 0.7145 0.2387 0.0000
vt 0.7149 0.2387 0.0000
vt 0.9509 0.2404 0.0000
vt 0.9505 0.2404 0.0000
vt 0.6984 0.2389 0.0000
vt 0.6978 0.2389 0.0000
vt 0.6971 0.2389 0.0000
vt 0.9661 0.2649 0.0000
vt 0.9669 0.3664 0.0000
vt 0.9666 0.2649 0.0000
vt 0.9674 0.3664 0.0000
vt 0.5140 0.1152 0.0000
vt 0.5139 0.0141 0.0000
vt 0.5144 0.0141 0.0000
vt 0.5145 0.1152 0.0000
vt 0.4977 0.1152 0.0000
vt 0.4977 0.0140 0.0000
vt 0.4971 0.1152 0.0000
vt 0.4971 0.0140 0.0000
vt 0.4965 0.1152 0.0000
vt 0.4964 0.0140 0.0000
vt 0.8640 0.9847 0.0000
vt 0.7246 0.9847 0.0000
vt 0.7246 0.7845 0.0000
vt 0.8640 0.7845 0.0000
vt 0.8482 0.4482 0.0000
vt 0.8488 0.3947 0.0000
vt 0.8963 0.3963 0.0000
vt 0.8964 0.4491 0.0000
vt 0.9884 0.4827 0.0000
vt 0.9584 0.4827 0.0000
vt 0.9584 0.4421 0.0000
vt 0.9885 0.4422 0.0000
vt 0.8483 0.4705 0.0000
vt 0.8964 0.4705 0.0000
vt 0.9268 0.5436 0.0000
vt 0.8971 0.5442 0.0000
vt 0.8970 0.4903 0.0000
vt 0.9271 0.4904 0.0000
vt 0.8068 0.4466 0.0000
vt 0.8084 0.3936 0.0000
vt 0.8071 0.3935 0.0000
vt 0.8056 0.4463 0.0000
vt 0.7884 0.4380 0.0000
vt 0.7895 0.3934 0.0000
vt 0.9884 0.4833 0.0000
vt 0.9584 0.4834 0.0000
vt 0.8191 0.5938 0.0000
vt 0.8195 0.5495 0.0000
vt 0.8493 0.5488 0.0000
vt 0.8493 0.5946 0.0000
vt 0.9586 0.3934 0.0000
vt 0.9884 0.3941 0.0000
vt 0.8971 0.4688 0.0000
vt 0.9272 0.4688 0.0000
vt 0.8800 0.5701 0.0000
vt 0.8801 0.5904 0.0000
vt 0.8499 0.5913 0.0000
vt 0.8503 0.5701 0.0000
vt 0.9283 0.5032 0.0000
vt 0.9589 0.5043 0.0000
vt 0.9589 0.5442 0.0000
vt 0.9295 0.5440 0.0000
vt 0.9589 0.5455 0.0000
vt 0.9586 0.5646 0.0000
vt 0.9292 0.5639 0.0000
vt 0.9295 0.5453 0.0000
vt 0.8062 0.4465 0.0000
vt 0.8077 0.3936 0.0000
vt 0.9295 0.5446 0.0000
vt 0.9589 0.5448 0.0000
vt 0.9884 0.4840 0.0000
vt 0.9584 0.4840 0.0000
vt 0.9885 0.5017 0.0000
vt 0.9881 0.5018 0.0000
vt 0.9881 0.5013 0.0000
vt 0.9886 0.5013 0.0000
vt 0.7891 0.3930 0.0000
vt 0.7895 0.3929 0.0000
vt 0.7891 0.3934 0.0000
vt 0.8187 0.5942 0.0000
vt 0.8186 0.5938 0.0000
vt 0.8191 0.5943 0.0000
vt 0.9888 0.3937 0.0000
vt 0.9889 0.3941 0.0000
vt 0.9884 0.3936 0.0000
vt 0.9273 0.5440 0.0000
vt 0.9269 0.5440 0.0000
vt 0.9273 0.5436 0.0000
vt 0.8968 0.3959 0.0000
vt 0.8968 0.3963 0.0000
vt 0.8964 0.3958 0.0000
vt 0.7879 0.4383 0.0000
vt 0.7879 0.4379 0.0000
vt 0.7882 0.4385 0.0000
vt 0.9287 0.5644 0.0000
vt 0.9287 0.5640 0.0000
vt 0.9291 0.5645 0.0000
vt 0.8191 0.5490 0.0000
vt 0.8195 0.5489 0.0000
vt 0.8190 0.5493 0.0000
vt 0.8477 0.4489 0.0000
vt 0.8476 0.4488 0.0000
vt 0.8475 0.4487 0.0000
vt 0.8494 0.5919 0.0000
vt 0.8499 0.5918 0.0000
vt 0.8494 0.5920 0.0000
vt 0.9586 0.5023 0.0000
vt 0.9586 0.5018 0.0000
vt 0.8492 0.5951 0.0000
vt 0.8971 0.5447 0.0000
vt 0.9586 0.3929 0.0000
vt 0.9277 0.4688 0.0000
vt 0.9276 0.4904 0.0000
vt 0.8969 0.4491 0.0000
vt 0.8969 0.4705 0.0000
vt 0.9890 0.4422 0.0000
vt 0.8488 0.3942 0.0000
vt 0.8801 0.5908 0.0000
vt 0.9284 0.5027 0.0000
vt 0.9589 0.5038 0.0000
vt 0.8492 0.5482 0.0000
vt 0.9586 0.5652 0.0000
vt 0.8077 0.3931 0.0000
vt 0.8084 0.3931 0.0000
vt 0.9889 0.4827 0.0000
vt 0.9889 0.4833 0.0000
vt 0.8071 0.3930 0.0000
vt 0.9889 0.4840 0.0000
vt 0.8068 0.4471 0.0000
vt 0.8061 0.4470 0.0000
vt 0.9290 0.5447 0.0000
vt 0.9290 0.5440 0.0000
vt 0.8055 0.4468 0.0000
vt 0.9290 0.5454 0.0000
vt 0.9278 0.5026 0.0000
vt 0.8478 0.4705 0.0000
vt 0.8498 0.5701 0.0000
vt 0.9278 0.5024 0.0000
vt 0.8963 0.5447 0.0000
vt 0.8488 0.5463 0.0000
vt 0.8482 0.4928 0.0000
vt 0.8964 0.4919 0.0000
vt 0.9583 0.4421 0.0000
vt 0.9582 0.4828 0.0000
vt 0.9283 0.4827 0.0000
vt 0.9283 0.4422 0.0000
vt 0.8970 0.4474 0.0000
vt 0.8971 0.3934 0.0000
vt 0.9268 0.3941 0.0000
vt 0.9271 0.4472 0.0000
vt 0.8084 0.5474 0.0000
vt 0.8068 0.4944 0.0000
vt 0.8071 0.5475 0.0000
vt 0.7895 0.5476 0.0000
vt 0.7884 0.5030 0.0000
vt 0.8056 0.4947 0.0000
vt 0.9283 0.4834 0.0000
vt 0.9582 0.4834 0.0000
vt 0.7879 0.5488 0.0000
vt 0.8176 0.5495 0.0000
vt 0.8180 0.5938 0.0000
vt 0.7879 0.5946 0.0000
vt 0.9583 0.3934 0.0000
vt 0.9285 0.3941 0.0000
vt 0.8499 0.5489 0.0000
vt 0.8801 0.5499 0.0000
vt 0.9590 0.5442 0.0000
vt 0.9591 0.5043 0.0000
vt 0.9896 0.5032 0.0000
vt 0.9885 0.5440 0.0000
vt 0.9888 0.5639 0.0000
vt 0.9593 0.5646 0.0000
vt 0.9590 0.5455 0.0000
vt 0.9885 0.5453 0.0000
vt 0.8077 0.5475 0.0000
vt 0.8062 0.4945 0.0000
vt 0.9590 0.5448 0.0000
vt 0.9885 0.5446 0.0000
vt 0.9283 0.4840 0.0000
vt 0.9582 0.4841 0.0000
vt 0.9282 0.5016 0.0000
vt 0.9281 0.5012 0.0000
vt 0.9286 0.5012 0.0000
vt 0.9285 0.5017 0.0000
vt 0.7891 0.5480 0.0000
vt 0.7891 0.5476 0.0000
vt 0.7895 0.5481 0.0000
vt 0.8184 0.5942 0.0000
vt 0.8180 0.5943 0.0000
vt 0.8185 0.5938 0.0000
vt 0.9280 0.3937 0.0000
vt 0.9284 0.3936 0.0000
vt 0.9280 0.3941 0.0000
vt 0.9273 0.3937 0.0000
vt 0.9273 0.3941 0.0000
vt 0.9269 0.3936 0.0000
vt 0.8968 0.5451 0.0000
vt 0.8964 0.5452 0.0000
vt 0.8968 0.5447 0.0000
vt 0.7879 0.5027 0.0000
vt 0.7882 0.5025 0.0000
vt 0.7879 0.5031 0.0000
vt 0.9892 0.5644 0.0000
vt 0.9888 0.5645 0.0000
vt 0.9893 0.5640 0.0000
vt 0.8180 0.5490 0.0000
vt 0.8181 0.5493 0.0000
vt 0.8177 0.5489 0.0000
vt 0.8476 0.4922 0.0000
vt 0.8477 0.4921 0.0000
vt 0.8475 0.4923 0.0000
vt 0.8494 0.5483 0.0000
vt 0.8494 0.5482 0.0000
vt 0.8499 0.5484 0.0000
vt 0.9581 0.5018 0.0000
vt 0.9580 0.5023 0.0000
vt 0.7879 0.5951 0.0000
vt 0.8971 0.3929 0.0000
vt 0.9583 0.3929 0.0000
vt 0.9276 0.4472 0.0000
vt 0.8969 0.4919 0.0000
vt 0.9278 0.4422 0.0000
vt 0.8488 0.5468 0.0000
vt 0.8801 0.5494 0.0000
vt 0.9590 0.5038 0.0000
vt 0.9896 0.5027 0.0000
vt 0.7879 0.5482 0.0000
vt 0.9593 0.5652 0.0000
vt 0.8077 0.5480 0.0000
vt 0.8084 0.5479 0.0000
vt 0.9278 0.4834 0.0000
vt 0.9278 0.4827 0.0000
vt 0.8071 0.5480 0.0000
vt 0.9278 0.4840 0.0000
vt 0.8068 0.4939 0.0000
vt 0.8061 0.4940 0.0000
vt 0.9890 0.5440 0.0000
vt 0.9890 0.5447 0.0000
vt 0.8055 0.4942 0.0000
vt 0.9890 0.5454 0.0000
vt 0.9902 0.5026 0.0000
vt 0.9901 0.5024 0.0000
vt 0.8212 0.6489 0.0000
vt 0.8221 0.6487 0.0000
vt 0.8279 0.6543 0.0000
vt 0.8270 0.6545 0.0000
vt 0.5868 0.8826 0.0000
vt 0.6142 0.8827 0.0000
vt 0.6134 0.9058 0.0000
vt 0.5876 0.9059 0.0000
vt 0.5030 0.7585 0.0000
vt 0.5296 0.7584 0.0000
vt 0.5296 0.8049 0.0000
vt 0.5031 0.8050 0.0000
vt 0.5867 0.8817 0.0000
vt 0.6143 0.8818 0.0000
vt 0.5031 0.8086 0.0000
vt 0.5296 0.8085 0.0000
vt 0.5298 0.8385 0.0000
vt 0.5028 0.8386 0.0000
vt 0.5296 0.8076 0.0000
vt 0.5031 0.8077 0.0000
vt 0.5028 0.7201 0.0000
vt 0.5299 0.7200 0.0000
vt 0.5296 0.7547 0.0000
vt 0.5030 0.7549 0.0000
vt 0.8462 0.6469 0.0000
vt 0.8461 0.6201 0.0000
vt 0.8517 0.6202 0.0000
vt 0.8517 0.6470 0.0000
vt 0.5876 0.8137 0.0000
vt 0.6133 0.8134 0.0000
vt 0.6143 0.8414 0.0000
vt 0.5868 0.8413 0.0000
vt 0.7980 0.6550 0.0000
vt 0.7978 0.6495 0.0000
vt 0.7933 0.6034 0.0000
vt 0.8270 0.6041 0.0000
vt 0.8212 0.6097 0.0000
vt 0.7931 0.6089 0.0000
vt 0.8080 0.6195 0.0000
vt 0.8135 0.6195 0.0000
vt 0.8135 0.6463 0.0000
vt 0.8080 0.6463 0.0000
vt 0.8962 0.6336 0.0000
vt 0.9243 0.6328 0.0000
vt 0.9300 0.6385 0.0000
vt 0.8963 0.6391 0.0000
vt 0.9300 0.5881 0.0000
vt 0.9309 0.5882 0.0000
vt 0.9252 0.5938 0.0000
vt 0.9243 0.5936 0.0000
vt 0.9317 0.5888 0.0000
vt 0.9259 0.5944 0.0000
vt 0.9322 0.5895 0.0000
vt 0.9264 0.5951 0.0000
vt 0.9266 0.5960 0.0000
vt 0.9323 0.5904 0.0000
vt 0.9323 0.6361 0.0000
vt 0.9266 0.6304 0.0000
vt 0.5867 0.8450 0.0000
vt 0.6143 0.8451 0.0000
vt 0.6143 0.8791 0.0000
vt 0.5868 0.8790 0.0000
vt 0.5867 0.8808 0.0000
vt 0.6143 0.8809 0.0000
vt 0.5031 0.7558 0.0000
vt 0.5296 0.7556 0.0000
vt 0.5867 0.8799 0.0000
vt 0.6143 0.8800 0.0000
vt 0.5031 0.7567 0.0000
vt 0.5296 0.7565 0.0000
vt 0.8236 0.6121 0.0000
vt 0.8234 0.6112 0.0000
vt 0.8291 0.6055 0.0000
vt 0.8293 0.6064 0.0000
vt 0.5031 0.7576 0.0000
vt 0.5296 0.7575 0.0000
vt 0.8229 0.6104 0.0000
vt 0.8286 0.6048 0.0000
vt 0.5867 0.8422 0.0000
vt 0.6143 0.8423 0.0000
vt 0.8221 0.6099 0.0000
vt 0.8279 0.6042 0.0000
vt 0.5867 0.8440 0.0000
vt 0.6143 0.8441 0.0000
vt 0.5867 0.8431 0.0000
vt 0.6143 0.8432 0.0000
vt 0.5296 0.8058 0.0000
vt 0.5031 0.8059 0.0000
vt 0.8234 0.6474 0.0000
vt 0.8236 0.6465 0.0000
vt 0.8293 0.6521 0.0000
vt 0.8291 0.6530 0.0000
vt 0.5295 0.8067 0.0000
vt 0.5032 0.8068 0.0000
vt 0.8229 0.6482 0.0000
vt 0.8286 0.6538 0.0000
vt 0.9252 0.6326 0.0000
vt 0.9309 0.6383 0.0000
vt 0.9259 0.6321 0.0000
vt 0.9317 0.6378 0.0000
vt 0.9264 0.6313 0.0000
vt 0.9322 0.6370 0.0000
vt 0.9006 0.5932 0.0000
vt 0.9005 0.5930 0.0000
vt 0.9008 0.5930 0.0000
vt 0.9008 0.5932 0.0000
vt 0.8519 0.6199 0.0000
vt 0.8519 0.6201 0.0000
vt 0.8517 0.6199 0.0000
vt 0.5874 0.9062 0.0000
vt 0.5873 0.9060 0.0000
vt 0.5876 0.9062 0.0000
vt 0.9008 0.5873 0.0000
vt 0.9010 0.5873 0.0000
vt 0.9010 0.5875 0.0000
vt 0.9007 0.5875 0.0000
vt 0.5300 0.8387 0.0000
vt 0.5298 0.8388 0.0000
vt 0.5301 0.8385 0.0000
vt 0.8459 0.6199 0.0000
vt 0.8461 0.6199 0.0000
vt 0.8459 0.6201 0.0000
vt 0.6136 0.9060 0.0000
vt 0.6134 0.9060 0.0000
vt 0.6136 0.9058 0.0000
vt 0.8519 0.6472 0.0000
vt 0.8517 0.6472 0.0000
vt 0.8519 0.6470 0.0000
vt 0.7976 0.6494 0.0000
vt 0.7978 0.6493 0.0000
vt 0.7976 0.6496 0.0000
vt 0.5026 0.8388 0.0000
vt 0.5025 0.8386 0.0000
vt 0.5028 0.8388 0.0000
vt 0.7977 0.6552 0.0000
vt 0.7977 0.6550 0.0000
vt 0.7979 0.6552 0.0000
vt 0.8459 0.6472 0.0000
vt 0.8459 0.6469 0.0000
vt 0.8461 0.6472 0.0000
vt 0.5026 0.7199 0.0000
vt 0.5028 0.7198 0.0000
vt 0.5025 0.7201 0.0000
vt 0.8077 0.6192 0.0000
vt 0.8079 0.6192 0.0000
vt 0.8077 0.6195 0.0000
vt 0.7931 0.6032 0.0000
vt 0.7933 0.6032 0.0000
vt 0.7930 0.6034 0.0000
vt 0.5301 0.7198 0.0000
vt 0.5302 0.7200 0.0000
vt 0.5299 0.7197 0.0000
vt 0.8961 0.6393 0.0000
vt 0.8961 0.6391 0.0000
vt 0.8963 0.6394 0.0000
vt 0.8077 0.6465 0.0000
vt 0.8077 0.6463 0.0000
vt 0.8079 0.6465 0.0000
vt 0.7929 0.6091 0.0000
vt 0.7929 0.6089 0.0000
vt 0.7931 0.6091 0.0000
vt 0.8138 0.6192 0.0000
vt 0.8138 0.6195 0.0000
vt 0.8136 0.6192 0.0000
vt 0.6135 0.8132 0.0000
vt 0.6136 0.8134 0.0000
vt 0.6133 0.8131 0.0000
vt 0.8960 0.6335 0.0000
vt 0.8962 0.6334 0.0000
vt 0.8959 0.6337 0.0000
vt 0.5874 0.8135 0.0000
vt 0.5876 0.8135 0.0000
vt 0.5873 0.8137 0.0000
vt 0.8137 0.6465 0.0000
vt 0.8135 0.6465 0.0000
vt 0.8138 0.6463 0.0000
vt 0.8271 0.6547 0.0000
vt 0.8281 0.6545 0.0000
vt 0.5029 0.8088 0.0000
vt 0.5029 0.8078 0.0000
vt 0.9311 0.5880 0.0000
vt 0.9302 0.5878 0.0000
vt 0.5298 0.8077 0.0000
vt 0.5299 0.8086 0.0000
vt 0.8288 0.6540 0.0000
vt 0.5029 0.8068 0.0000
vt 0.9319 0.5885 0.0000
vt 0.5298 0.8067 0.0000
vt 0.8294 0.6532 0.0000
vt 0.5029 0.8058 0.0000
vt 0.9324 0.5893 0.0000
vt 0.5298 0.8057 0.0000
vt 0.8295 0.6523 0.0000
vt 0.5029 0.8049 0.0000
vt 0.9326 0.5903 0.0000
vt 0.5298 0.8048 0.0000
vt 0.8234 0.6464 0.0000
vt 0.8232 0.6472 0.0000
vt 0.6145 0.8792 0.0000
vt 0.6145 0.8800 0.0000
vt 0.9262 0.5953 0.0000
vt 0.9264 0.5962 0.0000
vt 0.5865 0.8799 0.0000
vt 0.5865 0.8791 0.0000
vt 0.8227 0.6480 0.0000
vt 0.6145 0.8809 0.0000
vt 0.9257 0.5946 0.0000
vt 0.5865 0.8808 0.0000
vt 0.8220 0.6485 0.0000
vt 0.6145 0.8817 0.0000
vt 0.9250 0.5941 0.0000
vt 0.5865 0.8816 0.0000
vt 0.8211 0.6487 0.0000
vt 0.6145 0.8826 0.0000
vt 0.9241 0.5939 0.0000
vt 0.5865 0.8825 0.0000
vt 0.5299 0.7585 0.0000
vt 0.5298 0.7575 0.0000
vt 0.9326 0.6362 0.0000
vt 0.9324 0.6372 0.0000
vt 0.5865 0.8440 0.0000
vt 0.5865 0.8448 0.0000
vt 0.9262 0.6312 0.0000
vt 0.9264 0.6303 0.0000
vt 0.5298 0.7565 0.0000
vt 0.9319 0.6380 0.0000
vt 0.5865 0.8431 0.0000
vt 0.9257 0.6319 0.0000
vt 0.5298 0.7556 0.0000
vt 0.9311 0.6385 0.0000
vt 0.5865 0.8423 0.0000
vt 0.9250 0.6324 0.0000
vt 0.5298 0.7546 0.0000
vt 0.9302 0.6387 0.0000
vt 0.5865 0.8414 0.0000
vt 0.9241 0.6326 0.0000
vt 0.5028 0.7547 0.0000
vt 0.5028 0.7557 0.0000
vt 0.8271 0.6038 0.0000
vt 0.8281 0.6040 0.0000
vt 0.6146 0.8424 0.0000
vt 0.6146 0.8415 0.0000
vt 0.8219 0.6101 0.0000
vt 0.8211 0.6099 0.0000
vt 0.5028 0.7567 0.0000
vt 0.8288 0.6045 0.0000
vt 0.6146 0.8432 0.0000
vt 0.8227 0.6106 0.0000
vt 0.5028 0.7577 0.0000
vt 0.8294 0.6053 0.0000
vt 0.6146 0.8441 0.0000
vt 0.8232 0.6113 0.0000
vt 0.5028 0.7586 0.0000
vt 0.8295 0.6063 0.0000
vt 0.6146 0.8449 0.0000
vt 0.8233 0.6122 0.0000
vt 0.8742 0.6576 0.0000
vt 0.8751 0.6574 0.0000
vt 0.8809 0.6630 0.0000
vt 0.8800 0.6632 0.0000
vt 0.5585 0.7893 0.0000
vt 0.5859 0.7892 0.0000
vt 0.5853 0.8122 0.0000
vt 0.5595 0.8127 0.0000
vt 0.5307 0.7584 0.0000
vt 0.5572 0.7584 0.0000
vt 0.5574 0.8049 0.0000
vt 0.5310 0.8049 0.0000
vt 0.5584 0.7884 0.0000
vt 0.5860 0.7883 0.0000
vt 0.5310 0.8085 0.0000
vt 0.5575 0.8085 0.0000
vt 0.5576 0.8385 0.0000
vt 0.5306 0.8385 0.0000
vt 0.5574 0.8076 0.0000
vt 0.5310 0.8076 0.0000
vt 0.5306 0.7200 0.0000
vt 0.5577 0.7200 0.0000
vt 0.5572 0.7547 0.0000
vt 0.5307 0.7548 0.0000
vt 0.8539 0.6468 0.0000
vt 0.8539 0.6200 0.0000
vt 0.8594 0.6201 0.0000
vt 0.8594 0.6469 0.0000
vt 0.5592 0.7204 0.0000
vt 0.5849 0.7200 0.0000
vt 0.5860 0.7479 0.0000
vt 0.5584 0.7480 0.0000
vt 0.8509 0.6637 0.0000
vt 0.8508 0.6582 0.0000
vt 0.8463 0.6121 0.0000
vt 0.8800 0.6128 0.0000
vt 0.8742 0.6184 0.0000
vt 0.8461 0.6176 0.0000
vt 0.8000 0.6198 0.0000
vt 0.8056 0.6199 0.0000
vt 0.8056 0.6467 0.0000
vt 0.8000 0.6466 0.0000
vt 0.9758 0.5888 0.0000
vt 0.9478 0.5895 0.0000
vt 0.9420 0.5839 0.0000
vt 0.9757 0.5833 0.0000
vt 0.9420 0.6343 0.0000
vt 0.9411 0.6341 0.0000
vt 0.9469 0.6285 0.0000
vt 0.9478 0.6287 0.0000
vt 0.9404 0.6336 0.0000
vt 0.9461 0.6280 0.0000
vt 0.9399 0.6329 0.0000
vt 0.9456 0.6272 0.0000
vt 0.9454 0.6263 0.0000
vt 0.9397 0.6320 0.0000
vt 0.9397 0.5863 0.0000
vt 0.9454 0.5919 0.0000
vt 0.5584 0.7516 0.0000
vt 0.5860 0.7516 0.0000
vt 0.5859 0.7856 0.0000
vt 0.5584 0.7857 0.0000
vt 0.5584 0.7875 0.0000
vt 0.5860 0.7874 0.0000
vt 0.5307 0.7557 0.0000
vt 0.5572 0.7556 0.0000
vt 0.5584 0.7866 0.0000
vt 0.5860 0.7865 0.0000
vt 0.5307 0.7566 0.0000
vt 0.5572 0.7565 0.0000
vt 0.8766 0.6208 0.0000
vt 0.8764 0.6199 0.0000
vt 0.8821 0.6142 0.0000
vt 0.8823 0.6151 0.0000
vt 0.5307 0.7575 0.0000
vt 0.5572 0.7575 0.0000
vt 0.8759 0.6191 0.0000
vt 0.8816 0.6135 0.0000
vt 0.5584 0.7489 0.0000
vt 0.5860 0.7489 0.0000
vt 0.8751 0.6186 0.0000
vt 0.8809 0.6130 0.0000
vt 0.5584 0.7507 0.0000
vt 0.5860 0.7507 0.0000
vt 0.5584 0.7498 0.0000
vt 0.5860 0.7498 0.0000
vt 0.5574 0.8058 0.0000
vt 0.5310 0.8058 0.0000
vt 0.8764 0.6561 0.0000
vt 0.8766 0.6552 0.0000
vt 0.8823 0.6608 0.0000
vt 0.8821 0.6617 0.0000
vt 0.5574 0.8067 0.0000
vt 0.5310 0.8067 0.0000
vt 0.8759 0.6569 0.0000
vt 0.8816 0.6625 0.0000
vt 0.9469 0.5897 0.0000
vt 0.9411 0.5841 0.0000
vt 0.9461 0.5902 0.0000
vt 0.9404 0.5846 0.0000
vt 0.9456 0.5910 0.0000
vt 0.9399 0.5854 0.0000
vt 0.9715 0.6292 0.0000
vt 0.9715 0.6294 0.0000
vt 0.9713 0.6294 0.0000
vt 0.9713 0.6292 0.0000
vt 0.8596 0.6198 0.0000
vt 0.8596 0.6200 0.0000
vt 0.8594 0.6198 0.0000
vt 0.5593 0.8129 0.0000
vt 0.5593 0.8127 0.0000
vt 0.5595 0.8129 0.0000
vt 0.9713 0.6350 0.0000
vt 0.9711 0.6351 0.0000
vt 0.9711 0.6349 0.0000
vt 0.9714 0.6348 0.0000
vt 0.5578 0.8387 0.0000
vt 0.5576 0.8387 0.0000
vt 0.5579 0.8385 0.0000
vt 0.8537 0.6198 0.0000
vt 0.8539 0.6198 0.0000
vt 0.8536 0.6200 0.0000
vt 0.5855 0.8125 0.0000
vt 0.5853 0.8125 0.0000
vt 0.5855 0.8123 0.0000
vt 0.8597 0.6471 0.0000
vt 0.8595 0.6471 0.0000
vt 0.8597 0.6469 0.0000
vt 0.8505 0.6581 0.0000
vt 0.8507 0.6580 0.0000
vt 0.8505 0.6583 0.0000
vt 0.5304 0.8387 0.0000
vt 0.5303 0.8385 0.0000
vt 0.5306 0.8388 0.0000
vt 0.8507 0.6639 0.0000
vt 0.8506 0.6637 0.0000
vt 0.8509 0.6639 0.0000
vt 0.8537 0.6471 0.0000
vt 0.8536 0.6469 0.0000
vt 0.8539 0.6471 0.0000
vt 0.5304 0.7198 0.0000
vt 0.5306 0.7197 0.0000
vt 0.5303 0.7200 0.0000
vt 0.7998 0.6196 0.0000
vt 0.8000 0.6196 0.0000
vt 0.7998 0.6198 0.0000
vt 0.8461 0.6119 0.0000
vt 0.8463 0.6119 0.0000
vt 0.8460 0.6121 0.0000
vt 0.5579 0.7198 0.0000
vt 0.5580 0.7200 0.0000
vt 0.5577 0.7197 0.0000
vt 0.9759 0.5831 0.0000
vt 0.9760 0.5833 0.0000
vt 0.9757 0.5830 0.0000
vt 0.7998 0.6469 0.0000
vt 0.7998 0.6467 0.0000
vt 0.8000 0.6469 0.0000
vt 0.8459 0.6178 0.0000
vt 0.8459 0.6176 0.0000
vt 0.8461 0.6178 0.0000
vt 0.8058 0.6197 0.0000
vt 0.8058 0.6199 0.0000
vt 0.8056 0.6196 0.0000
vt 0.5851 0.7198 0.0000
vt 0.5852 0.7200 0.0000
vt 0.5849 0.7197 0.0000
vt 0.9761 0.5889 0.0000
vt 0.9758 0.5890 0.0000
vt 0.9761 0.5887 0.0000
vt 0.5590 0.7201 0.0000
vt 0.5592 0.7201 0.0000
vt 0.5589 0.7203 0.0000
vt 0.8058 0.6469 0.0000
vt 0.8056 0.6469 0.0000
vt 0.8058 0.6467 0.0000
vt 0.8801 0.6634 0.0000
vt 0.8810 0.6632 0.0000
vt 0.5307 0.8087 0.0000
vt 0.5307 0.8077 0.0000
vt 0.9409 0.6344 0.0000
vt 0.9419 0.6345 0.0000
vt 0.5577 0.8077 0.0000
vt 0.5577 0.8086 0.0000
vt 0.8818 0.6627 0.0000
vt 0.5307 0.8067 0.0000
vt 0.9402 0.6338 0.0000
vt 0.5577 0.8067 0.0000
vt 0.8823 0.6619 0.0000
vt 0.5307 0.8058 0.0000
vt 0.9397 0.6330 0.0000
vt 0.5577 0.8057 0.0000
vt 0.8825 0.6610 0.0000
vt 0.5307 0.8048 0.0000
vt 0.9395 0.6321 0.0000
vt 0.5577 0.8047 0.0000
vt 0.8763 0.6551 0.0000
vt 0.8762 0.6559 0.0000
vt 0.5862 0.7857 0.0000
vt 0.5862 0.7865 0.0000
vt 0.9458 0.6271 0.0000
vt 0.9457 0.6262 0.0000
vt 0.5582 0.7866 0.0000
vt 0.5582 0.7858 0.0000
vt 0.8757 0.6567 0.0000
vt 0.5862 0.7874 0.0000
vt 0.9463 0.6278 0.0000
vt 0.5581 0.7875 0.0000
vt 0.8749 0.6572 0.0000
vt 0.5862 0.7882 0.0000
vt 0.9470 0.6283 0.0000
vt 0.5582 0.7883 0.0000
vt 0.8741 0.6574 0.0000
vt 0.5862 0.7891 0.0000
vt 0.9479 0.6285 0.0000
vt 0.5582 0.7892 0.0000
vt 0.5575 0.7585 0.0000
vt 0.5575 0.7575 0.0000
vt 0.9395 0.5861 0.0000
vt 0.9397 0.5852 0.0000
vt 0.5582 0.7506 0.0000
vt 0.5582 0.7515 0.0000
vt 0.9458 0.5912 0.0000
vt 0.9457 0.5921 0.0000
vt 0.5575 0.7566 0.0000
vt 0.9402 0.5844 0.0000
vt 0.5581 0.7498 0.0000
vt 0.9463 0.5904 0.0000
vt 0.5575 0.7556 0.0000
vt 0.9409 0.5839 0.0000
vt 0.5582 0.7489 0.0000
vt 0.9471 0.5899 0.0000
vt 0.5575 0.7546 0.0000
vt 0.9419 0.5837 0.0000
vt 0.5582 0.7481 0.0000
vt 0.9479 0.5897 0.0000
vt 0.5304 0.7546 0.0000
vt 0.5304 0.7556 0.0000
vt 0.8801 0.6126 0.0000
vt 0.8810 0.6127 0.0000
vt 0.5863 0.7489 0.0000
vt 0.5862 0.7481 0.0000
vt 0.8749 0.6188 0.0000
vt 0.8741 0.6186 0.0000
vt 0.5304 0.7566 0.0000
vt 0.8818 0.6133 0.0000
vt 0.5863 0.7498 0.0000
vt 0.8757 0.6193 0.0000
vt 0.5304 0.7575 0.0000
vt 0.8823 0.6141 0.0000
vt 0.5863 0.7506 0.0000
vt 0.8761 0.6201 0.0000
vt 0.5304 0.7585 0.0000
vt 0.8825 0.6150 0.0000
vt 0.5863 0.7515 0.0000
vt 0.8763 0.6209 0.0000
vt 0.8460 0.6499 0.0000
vt 0.8403 0.6555 0.0000
vt 0.8394 0.6553 0.0000
vt 0.8451 0.6497 0.0000
vt 0.5594 0.9057 0.0000
vt 0.5585 0.8826 0.0000
vt 0.5860 0.8825 0.0000
vt 0.5852 0.9059 0.0000
vt 0.4476 0.8048 0.0000
vt 0.4476 0.7583 0.0000
vt 0.4741 0.7584 0.0000
vt 0.4741 0.8050 0.0000
vt 0.5584 0.8817 0.0000
vt 0.5860 0.8816 0.0000
vt 0.4473 0.8385 0.0000
vt 0.4476 0.8085 0.0000
vt 0.4741 0.8086 0.0000
vt 0.4743 0.8387 0.0000
vt 0.4476 0.8076 0.0000
vt 0.4741 0.8077 0.0000
vt 0.4476 0.7547 0.0000
vt 0.4473 0.7200 0.0000
vt 0.4743 0.7201 0.0000
vt 0.4741 0.7548 0.0000
vt 0.9228 0.6228 0.0000
vt 0.9173 0.6229 0.0000
vt 0.9173 0.5961 0.0000
vt 0.9228 0.5960 0.0000
vt 0.5585 0.8413 0.0000
vt 0.5594 0.8134 0.0000
vt 0.5851 0.8136 0.0000
vt 0.5860 0.8412 0.0000
vt 0.8695 0.6506 0.0000
vt 0.8693 0.6560 0.0000
vt 0.8740 0.6044 0.0000
vt 0.8742 0.6099 0.0000
vt 0.8461 0.6107 0.0000
vt 0.8403 0.6051 0.0000
vt 0.9008 0.6230 0.0000
vt 0.9007 0.5962 0.0000
vt 0.9063 0.5962 0.0000
vt 0.9063 0.6230 0.0000
vt 0.9482 0.5971 0.0000
vt 0.9484 0.5916 0.0000
vt 0.9821 0.5922 0.0000
vt 0.9763 0.5978 0.0000
vt 0.9821 0.6427 0.0000
vt 0.9763 0.6371 0.0000
vt 0.9772 0.6369 0.0000
vt 0.9830 0.6425 0.0000
vt 0.9780 0.6363 0.0000
vt 0.9837 0.6420 0.0000
vt 0.9785 0.6356 0.0000
vt 0.9842 0.6412 0.0000
vt 0.9786 0.6002 0.0000
vt 0.9844 0.5946 0.0000
vt 0.9844 0.6403 0.0000
vt 0.9787 0.6347 0.0000
vt 0.5585 0.8790 0.0000
vt 0.5585 0.8449 0.0000
vt 0.5860 0.8449 0.0000
vt 0.5860 0.8788 0.0000
vt 0.5584 0.8808 0.0000
vt 0.5860 0.8806 0.0000
vt 0.4741 0.7557 0.0000
vt 0.4476 0.7556 0.0000
vt 0.5584 0.8799 0.0000
vt 0.5860 0.8797 0.0000
vt 0.4741 0.7566 0.0000
vt 0.4476 0.7565 0.0000
vt 0.8437 0.6131 0.0000
vt 0.8380 0.6075 0.0000
vt 0.8382 0.6066 0.0000
vt 0.8439 0.6122 0.0000
vt 0.4741 0.7575 0.0000
vt 0.4476 0.7574 0.0000
vt 0.8386 0.6058 0.0000
vt 0.8444 0.6114 0.0000
vt 0.5860 0.8421 0.0000
vt 0.5585 0.8422 0.0000
vt 0.8394 0.6053 0.0000
vt 0.8452 0.6109 0.0000
vt 0.5585 0.8440 0.0000
vt 0.5860 0.8440 0.0000
vt 0.5584 0.8431 0.0000
vt 0.5860 0.8430 0.0000
vt 0.4741 0.8059 0.0000
vt 0.4476 0.8057 0.0000
vt 0.8439 0.6485 0.0000
vt 0.8382 0.6541 0.0000
vt 0.8380 0.6532 0.0000
vt 0.8437 0.6476 0.0000
vt 0.4741 0.8068 0.0000
vt 0.4476 0.8066 0.0000
vt 0.8386 0.6548 0.0000
vt 0.8444 0.6492 0.0000
vt 0.9830 0.5924 0.0000
vt 0.9772 0.5980 0.0000
vt 0.9837 0.5929 0.0000
vt 0.9780 0.5986 0.0000
vt 0.9842 0.5937 0.0000
vt 0.9785 0.5993 0.0000
vt 0.9527 0.6375 0.0000
vt 0.9529 0.6375 0.0000
vt 0.9529 0.6377 0.0000
vt 0.9526 0.6377 0.0000
vt 0.9171 0.5958 0.0000
vt 0.9173 0.5958 0.0000
vt 0.9170 0.5960 0.0000
vt 0.5854 0.9061 0.0000
vt 0.5852 0.9061 0.0000
vt 0.5854 0.9059 0.0000
vt 0.9528 0.6433 0.0000
vt 0.9528 0.6431 0.0000
vt 0.9530 0.6431 0.0000
vt 0.9530 0.6434 0.0000
vt 0.4471 0.8387 0.0000
vt 0.4470 0.8385 0.0000
vt 0.4473 0.8387 0.0000
vt 0.9230 0.5958 0.0000
vt 0.9231 0.5960 0.0000
vt 0.9228 0.5958 0.0000
vt 0.5592 0.9059 0.0000
vt 0.5591 0.9057 0.0000
vt 0.5594 0.9059 0.0000
vt 0.9171 0.6231 0.0000
vt 0.9170 0.6229 0.0000
vt 0.9173 0.6231 0.0000
vt 0.8697 0.6504 0.0000
vt 0.8697 0.6506 0.0000
vt 0.8695 0.6503 0.0000
vt 0.4746 0.8389 0.0000
vt 0.4743 0.8389 0.0000
vt 0.4746 0.8387 0.0000
vt 0.8696 0.6562 0.0000
vt 0.8693 0.6562 0.0000
vt 0.8696 0.6560 0.0000
vt 0.9231 0.6231 0.0000
vt 0.9229 0.6231 0.0000
vt 0.9231 0.6228 0.0000
vt 0.4746 0.7199 0.0000
vt 0.4746 0.7201 0.0000
vt 0.4744 0.7199 0.0000
vt 0.9006 0.6233 0.0000
vt 0.9005 0.6231 0.0000
vt 0.9008 0.6233 0.0000
vt 0.8742 0.6042 0.0000
vt 0.8743 0.6044 0.0000
vt 0.8740 0.6042 0.0000
vt 0.4471 0.7198 0.0000
vt 0.4473 0.7197 0.0000
vt 0.4470 0.7200 0.0000
vt 0.9482 0.5914 0.0000
vt 0.9484 0.5913 0.0000
vt 0.9481 0.5916 0.0000
vt 0.9005 0.5960 0.0000
vt 0.9007 0.5960 0.0000
vt 0.9005 0.5962 0.0000
vt 0.8744 0.6101 0.0000
vt 0.8742 0.6102 0.0000
vt 0.8744 0.6099 0.0000
vt 0.9066 0.6233 0.0000
vt 0.9064 0.6233 0.0000
vt 0.9066 0.6231 0.0000
vt 0.5592 0.8132 0.0000
vt 0.5594 0.8131 0.0000
vt 0.5591 0.8134 0.0000
vt 0.9480 0.5972 0.0000
vt 0.9480 0.5971 0.0000
vt 0.9482 0.5973 0.0000
vt 0.5853 0.8134 0.0000
vt 0.5853 0.8136 0.0000
vt 0.5851 0.8133 0.0000
vt 0.9066 0.5960 0.0000
vt 0.9066 0.5962 0.0000
vt 0.9064 0.5960 0.0000
vt 0.8401 0.6557 0.0000
vt 0.8392 0.6556 0.0000
vt 0.4743 0.8078 0.0000
vt 0.4743 0.8087 0.0000
vt 0.9831 0.6427 0.0000
vt 0.9822 0.6429 0.0000
vt 0.4473 0.8086 0.0000
vt 0.4473 0.8076 0.0000
vt 0.8384 0.6550 0.0000
vt 0.4743 0.8068 0.0000
vt 0.9839 0.6422 0.0000
vt 0.4473 0.8066 0.0000
vt 0.8379 0.6542 0.0000
vt 0.4743 0.8058 0.0000
vt 0.9844 0.6414 0.0000
vt 0.4473 0.8057 0.0000
vt 0.8378 0.6533 0.0000
vt 0.4744 0.8049 0.0000
vt 0.9846 0.6404 0.0000
vt 0.4473 0.8047 0.0000
vt 0.8439 0.6474 0.0000
vt 0.8441 0.6483 0.0000
vt 0.5582 0.8799 0.0000
vt 0.5582 0.8791 0.0000
vt 0.9783 0.6354 0.0000
vt 0.9784 0.6345 0.0000
vt 0.5862 0.8790 0.0000
vt 0.5863 0.8798 0.0000
vt 0.8446 0.6490 0.0000
vt 0.5582 0.8808 0.0000
vt 0.9778 0.6361 0.0000
vt 0.5863 0.8806 0.0000
vt 0.8453 0.6495 0.0000
vt 0.5582 0.8816 0.0000
vt 0.9770 0.6366 0.0000
vt 0.5863 0.8815 0.0000
vt 0.8462 0.6497 0.0000
vt 0.5582 0.8825 0.0000
vt 0.9762 0.6368 0.0000
vt 0.5862 0.8823 0.0000
vt 0.4473 0.7585 0.0000
vt 0.4473 0.7575 0.0000
vt 0.9844 0.5935 0.0000
vt 0.9846 0.5944 0.0000
vt 0.5863 0.8439 0.0000
vt 0.5863 0.8447 0.0000
vt 0.9784 0.6004 0.0000
vt 0.9782 0.5995 0.0000
vt 0.4473 0.7565 0.0000
vt 0.9839 0.5927 0.0000
vt 0.5863 0.8430 0.0000
vt 0.9778 0.5988 0.0000
vt 0.4474 0.7555 0.0000
vt 0.9831 0.5922 0.0000
vt 0.5863 0.8422 0.0000
vt 0.9770 0.5983 0.0000
vt 0.4473 0.7546 0.0000
vt 0.9822 0.5920 0.0000
vt 0.5862 0.8413 0.0000
vt 0.9762 0.5981 0.0000
vt 0.4744 0.7547 0.0000
vt 0.4744 0.7556 0.0000
vt 0.8392 0.6051 0.0000
vt 0.8401 0.6049 0.0000
vt 0.5582 0.8423 0.0000
vt 0.5582 0.8414 0.0000
vt 0.8462 0.6110 0.0000
vt 0.8453 0.6111 0.0000
vt 0.4744 0.7566 0.0000
vt 0.8384 0.6056 0.0000
vt 0.5582 0.8431 0.0000
vt 0.8446 0.6117 0.0000
vt 0.4744 0.7576 0.0000
vt 0.8379 0.6064 0.0000
vt 0.5582 0.8439 0.0000
vt 0.8441 0.6124 0.0000
vt 0.4744 0.7586 0.0000
vt 0.8378 0.6073 0.0000
vt 0.5582 0.8448 0.0000
vt 0.8439 0.6133 0.0000
vt 0.8992 0.6252 0.0000
vt 0.8935 0.6308 0.0000
vt 0.8926 0.6306 0.0000
vt 0.8983 0.6250 0.0000
vt 0.5874 0.8122 0.0000
vt 0.5868 0.7892 0.0000
vt 0.6143 0.7893 0.0000
vt 0.6132 0.8127 0.0000
vt 0.5019 0.7537 0.0000
vt 0.5017 0.8003 0.0000
vt 0.4752 0.8002 0.0000
vt 0.4754 0.7537 0.0000
vt 0.5867 0.7883 0.0000
vt 0.6143 0.7884 0.0000
vt 0.5021 0.7201 0.0000
vt 0.5019 0.7501 0.0000
vt 0.4754 0.7501 0.0000
vt 0.4751 0.7200 0.0000
vt 0.5019 0.7510 0.0000
vt 0.4754 0.7510 0.0000
vt 0.5017 0.8039 0.0000
vt 0.5021 0.8386 0.0000
vt 0.4750 0.8385 0.0000
vt 0.4752 0.8039 0.0000
vt 0.8621 0.6208 0.0000
vt 0.8676 0.6208 0.0000
vt 0.8676 0.6476 0.0000
vt 0.8621 0.6476 0.0000
vt 0.5868 0.7479 0.0000
vt 0.5878 0.7200 0.0000
vt 0.6135 0.7203 0.0000
vt 0.6143 0.7480 0.0000
vt 0.9227 0.6258 0.0000
vt 0.9226 0.6313 0.0000
vt 0.9272 0.5797 0.0000
vt 0.9273 0.5852 0.0000
vt 0.8993 0.5860 0.0000
vt 0.8935 0.5804 0.0000
vt 0.9087 0.6223 0.0000
vt 0.9087 0.5955 0.0000
vt 0.9142 0.5954 0.0000
vt 0.9142 0.6222 0.0000
vt 0.8246 0.6581 0.0000
vt 0.8245 0.6636 0.0000
vt 0.7908 0.6630 0.0000
vt 0.7966 0.6574 0.0000
vt 0.7908 0.6126 0.0000
vt 0.7965 0.6182 0.0000
vt 0.7956 0.6184 0.0000
vt 0.7899 0.6128 0.0000
vt 0.7949 0.6189 0.0000
vt 0.7891 0.6133 0.0000
vt 0.7944 0.6196 0.0000
vt 0.7886 0.6140 0.0000
vt 0.7942 0.6550 0.0000
vt 0.7885 0.6606 0.0000
vt 0.7885 0.6149 0.0000
vt 0.7942 0.6205 0.0000
vt 0.5868 0.7855 0.0000
vt 0.5867 0.7515 0.0000
vt 0.6143 0.7516 0.0000
vt 0.6143 0.7856 0.0000
vt 0.5867 0.7874 0.0000
vt 0.6143 0.7874 0.0000
vt 0.4752 0.8030 0.0000
vt 0.5017 0.8030 0.0000
vt 0.5867 0.7864 0.0000
vt 0.6143 0.7865 0.0000
vt 0.4752 0.8020 0.0000
vt 0.5017 0.8021 0.0000
vt 0.8969 0.5884 0.0000
vt 0.8912 0.5827 0.0000
vt 0.8914 0.5818 0.0000
vt 0.8971 0.5875 0.0000
vt 0.4752 0.8011 0.0000
vt 0.5017 0.8012 0.0000
vt 0.8918 0.5811 0.0000
vt 0.8976 0.5867 0.0000
vt 0.6143 0.7489 0.0000
vt 0.5867 0.7488 0.0000
vt 0.8926 0.5806 0.0000
vt 0.8984 0.5862 0.0000
vt 0.5867 0.7506 0.0000
vt 0.6143 0.7507 0.0000
vt 0.5867 0.7497 0.0000
vt 0.6143 0.7498 0.0000
vt 0.4754 0.7528 0.0000
vt 0.5019 0.7528 0.0000
vt 0.8971 0.6237 0.0000
vt 0.8914 0.6293 0.0000
vt 0.8912 0.6284 0.0000
vt 0.8969 0.6228 0.0000
vt 0.4755 0.7519 0.0000
vt 0.5019 0.7519 0.0000
vt 0.8919 0.6301 0.0000
vt 0.8976 0.6245 0.0000
vt 0.7899 0.6628 0.0000
vt 0.7957 0.6572 0.0000
vt 0.7891 0.6623 0.0000
vt 0.7949 0.6566 0.0000
vt 0.7886 0.6615 0.0000
vt 0.7944 0.6559 0.0000
vt 0.8202 0.6177 0.0000
vt 0.8200 0.6177 0.0000
vt 0.8200 0.6175 0.0000
vt 0.8203 0.6175 0.0000
vt 0.8678 0.6478 0.0000
vt 0.8676 0.6478 0.0000
vt 0.8678 0.6476 0.0000
vt 0.6134 0.8129 0.0000
vt 0.6132 0.8129 0.0000
vt 0.6135 0.8127 0.0000
vt 0.8200 0.6119 0.0000
vt 0.8201 0.6120 0.0000
vt 0.8198 0.6120 0.0000
vt 0.8198 0.6118 0.0000
vt 0.5023 0.7199 0.0000
vt 0.5024 0.7201 0.0000
vt 0.5021 0.7199 0.0000
vt 0.8619 0.6478 0.0000
vt 0.8618 0.6476 0.0000
vt 0.8621 0.6479 0.0000
vt 0.5872 0.8125 0.0000
vt 0.5872 0.8122 0.0000
vt 0.5874 0.8125 0.0000
vt 0.8679 0.6206 0.0000
vt 0.8679 0.6208 0.0000
vt 0.8677 0.6205 0.0000
vt 0.9229 0.6257 0.0000
vt 0.9230 0.6259 0.0000
vt 0.9227 0.6256 0.0000
vt 0.4748 0.7198 0.0000
vt 0.4750 0.7197 0.0000
vt 0.4748 0.7200 0.0000
vt 0.9228 0.6315 0.0000
vt 0.9226 0.6315 0.0000
vt 0.9228 0.6313 0.0000
vt 0.8619 0.6206 0.0000
vt 0.8621 0.6205 0.0000
vt 0.8618 0.6208 0.0000
vt 0.4748 0.8387 0.0000
vt 0.4748 0.8385 0.0000
vt 0.4750 0.8388 0.0000
vt 0.9085 0.6225 0.0000
vt 0.9084 0.6223 0.0000
vt 0.9086 0.6225 0.0000
vt 0.9274 0.5795 0.0000
vt 0.9274 0.5797 0.0000
vt 0.9272 0.5795 0.0000
vt 0.5023 0.8388 0.0000
vt 0.5021 0.8389 0.0000
vt 0.5024 0.8386 0.0000
vt 0.8247 0.6638 0.0000
vt 0.8245 0.6639 0.0000
vt 0.8247 0.6636 0.0000
vt 0.9084 0.5952 0.0000
vt 0.9086 0.5952 0.0000
vt 0.9084 0.5955 0.0000
vt 0.9276 0.5854 0.0000
vt 0.9274 0.5854 0.0000
vt 0.9276 0.5852 0.0000
vt 0.9144 0.6225 0.0000
vt 0.9142 0.6225 0.0000
vt 0.9145 0.6223 0.0000
vt 0.5876 0.7198 0.0000
vt 0.5878 0.7197 0.0000
vt 0.5876 0.7200 0.0000
vt 0.8248 0.6579 0.0000
vt 0.8249 0.6581 0.0000
vt 0.8246 0.6579 0.0000
vt 0.6137 0.7201 0.0000
vt 0.6138 0.7203 0.0000
vt 0.6135 0.7201 0.0000
vt 0.9145 0.5952 0.0000
vt 0.9145 0.5954 0.0000
vt 0.9143 0.5952 0.0000
vt 0.8933 0.6310 0.0000
vt 0.8924 0.6308 0.0000
vt 0.4752 0.7509 0.0000
vt 0.4752 0.7499 0.0000
vt 0.7897 0.6125 0.0000
vt 0.7906 0.6124 0.0000
vt 0.5022 0.7500 0.0000
vt 0.5022 0.7509 0.0000
vt 0.8916 0.6303 0.0000
vt 0.4752 0.7519 0.0000
vt 0.7889 0.6131 0.0000
vt 0.5022 0.7519 0.0000
vt 0.8911 0.6295 0.0000
vt 0.4752 0.7529 0.0000
vt 0.7884 0.6139 0.0000
vt 0.5022 0.7529 0.0000
vt 0.8910 0.6286 0.0000
vt 0.4752 0.7538 0.0000
vt 0.7882 0.6148 0.0000
vt 0.5022 0.7539 0.0000
vt 0.8971 0.6227 0.0000
vt 0.8973 0.6235 0.0000
vt 0.5865 0.7865 0.0000
vt 0.5865 0.7856 0.0000
vt 0.7946 0.6198 0.0000
vt 0.7944 0.6207 0.0000
vt 0.6145 0.7857 0.0000
vt 0.6146 0.7866 0.0000
vt 0.8978 0.6243 0.0000
vt 0.5865 0.7873 0.0000
vt 0.7951 0.6191 0.0000
vt 0.6146 0.7874 0.0000
vt 0.8985 0.6248 0.0000
vt 0.5865 0.7882 0.0000
vt 0.7958 0.6186 0.0000
vt 0.6146 0.7883 0.0000
vt 0.8994 0.6250 0.0000
vt 0.5865 0.7890 0.0000
vt 0.7967 0.6184 0.0000
vt 0.6145 0.7891 0.0000
vt 0.5020 0.8001 0.0000
vt 0.5020 0.8011 0.0000
vt 0.7884 0.6617 0.0000
vt 0.7882 0.6608 0.0000
vt 0.6146 0.7506 0.0000
vt 0.6145 0.7515 0.0000
vt 0.7944 0.6548 0.0000
vt 0.7946 0.6557 0.0000
vt 0.5020 0.8021 0.0000
vt 0.7889 0.6625 0.0000
vt 0.6146 0.7498 0.0000
vt 0.7951 0.6564 0.0000
vt 0.5020 0.8031 0.0000
vt 0.7897 0.6630 0.0000
vt 0.6146 0.7489 0.0000
vt 0.7958 0.6569 0.0000
vt 0.5020 0.8040 0.0000
vt 0.7906 0.6632 0.0000
vt 0.6145 0.7481 0.0000
vt 0.7967 0.6571 0.0000
vt 0.4749 0.8040 0.0000
vt 0.4750 0.8030 0.0000
vt 0.8924 0.5803 0.0000
vt 0.8933 0.5802 0.0000
vt 0.5865 0.7489 0.0000
vt 0.5865 0.7480 0.0000
vt 0.8994 0.5862 0.0000
vt 0.8985 0.5864 0.0000
vt 0.4750 0.8020 0.0000
vt 0.8916 0.5809 0.0000
vt 0.5865 0.7497 0.0000
vt 0.8978 0.5869 0.0000
vt 0.4750 0.8011 0.0000
vt 0.8911 0.5817 0.0000
vt 0.5865 0.7505 0.0000
vt 0.8973 0.5877 0.0000
vt 0.4749 0.8001 0.0000
vt 0.8910 0.5826 0.0000
vt 0.5865 0.7514 0.0000
vt 0.8971 0.5885 0.0000
# 5783 texture coords

o Street_light
g Street_light
usemtl Material__26
s 1
f 1/1/1 2/2/2 3/3/3 
f 3/3/3 4/4/4 1/1/1 
f 5/5/5 1/1/1 4/4/4 
f 4/4/4 6/6/6 5/5/5 
f 7/7/7 5/5/5 6/6/6 
f 6/6/6 8/8/8 7/7/7 
f 9/9/9 7/7/7 8/8/8 
f 8/8/8 10/10/10 9/9/9 
f 11/11/11 9/9/9 10/10/10 
f 10/10/10 12/12/12 11/11/11 
f 13/13/13 11/11/11 12/12/12 
f 12/12/12 14/14/14 13/13/13 
f 15/15/15 13/13/13 14/14/14 
f 14/14/14 16/16/16 15/15/15 
f 17/17/17 15/15/15 16/16/16 
f 16/16/16 18/18/18 17/17/17 
f 19/19/19 17/17/17 18/18/18 
f 18/18/18 20/20/20 19/19/19 
f 21/21/21 19/19/19 20/20/20 
f 20/20/20 22/22/22 21/21/21 
f 23/23/23 21/21/21 22/22/22 
f 22/22/22 24/24/24 23/23/23 
f 25/25/25 23/23/23 24/24/24 
f 24/24/24 26/26/26 25/25/25 
f 27/27/27 25/25/25 26/26/26 
f 26/26/26 28/28/28 27/27/27 
f 29/29/29 27/27/27 28/28/28 
f 28/28/28 30/30/30 29/29/29 
f 31/31/31 29/29/29 30/30/30 
f 30/30/30 32/32/32 31/31/31 
f 33/33/33 31/31/31 32/32/32 
f 32/32/32 34/34/34 33/33/33 
f 35/35/35 33/33/33 34/34/34 
f 34/34/34 36/36/36 35/35/35 
f 37/37/37 35/35/35 36/36/36 
f 36/36/36 38/38/38 37/37/37 
f 39/39/39 37/37/37 38/38/38 
f 38/38/38 40/40/40 39/39/39 
f 41/41/41 39/39/39 40/40/40 
f 40/40/40 42/42/42 41/41/41 
f 43/43/43 41/41/41 42/42/42 
f 42/42/42 44/44/44 43/43/43 
f 45/45/45 43/43/43 44/44/44 
f 44/44/44 46/46/46 45/45/45 
f 47/47/47 45/45/45 46/46/46 
f 46/46/46 48/48/48 47/47/47 
f 49/49/49 47/47/47 48/48/48 
f 48/48/48 50/50/50 49/49/49 
f 51/51/51 49/52/49 50/53/50 
f 50/53/50 52/54/52 51/51/51 
f 53/55/53 51/51/51 52/54/52 
f 52/54/52 54/56/54 53/55/53 
f 55/57/55 53/55/53 54/56/54 
f 54/56/54 56/58/56 55/57/55 
f 57/59/57 55/57/55 56/58/56 
f 56/58/56 58/60/58 57/59/57 
f 59/61/59 57/59/57 58/60/58 
f 58/60/58 60/62/60 59/61/59 
f 61/63/61 59/61/59 60/62/60 
f 60/62/60 62/64/62 61/63/61 
f 63/65/63 61/63/61 62/64/62 
f 62/64/62 64/66/64 63/65/63 
f 2/2/2 63/65/63 64/66/64 
f 64/66/64 3/3/3 2/2/2 
f 7/7/7 9/9/9 65/67/65 
f 65/67/65 66/68/66 7/7/7 
f 61/63/61 63/65/63 67/69/67 
f 67/69/67 68/70/68 61/63/61 
f 37/37/37 69/71/69 70/72/70 
f 70/72/70 35/35/35 37/37/37 
f 9/9/9 11/11/11 71/73/71 
f 71/73/71 65/67/65 9/9/9 
f 63/65/63 2/2/2 72/74/72 
f 72/74/72 67/69/67 63/65/63 
f 39/39/39 73/75/73 69/71/69 
f 69/71/69 37/37/37 39/39/39 
f 13/13/13 74/76/74 71/73/71 
f 71/73/71 11/11/11 13/13/13 
f 41/41/41 75/77/75 73/75/73 
f 73/75/73 39/39/39 41/41/41 
f 15/15/15 76/78/76 74/76/74 
f 74/76/74 13/13/13 15/15/15 
f 43/43/43 77/79/77 75/77/75 
f 75/77/75 41/41/41 43/43/43 
f 17/17/17 78/80/78 76/78/76 
f 76/78/76 15/15/15 17/17/17 
f 45/45/45 79/81/79 77/79/77 
f 77/79/77 43/43/43 45/45/45 
f 19/19/19 80/82/80 78/80/78 
f 78/80/78 17/17/17 19/19/19 
f 47/47/47 81/83/81 79/81/79 
f 79/81/79 45/45/45 47/47/47 
f 21/21/21 82/84/82 80/82/80 
f 80/82/80 19/19/19 21/21/21 
f 49/49/49 83/85/83 81/83/81 
f 81/83/81 47/47/47 49/49/49 
f 23/23/23 84/86/84 82/84/82 
f 82/84/82 21/21/21 23/23/23 
f 51/51/51 85/87/85 83/88/83 
f 83/88/83 49/52/49 51/51/51 
f 25/25/25 86/89/86 84/86/84 
f 84/86/84 23/23/23 25/25/25 
f 53/55/53 87/90/87 85/87/85 
f 85/87/85 51/51/51 53/55/53 
f 27/27/27 88/91/88 86/89/86 
f 86/89/86 25/25/25 27/27/27 
f 55/57/55 89/92/89 87/90/87 
f 87/90/87 53/55/53 55/57/55 
f 29/29/29 90/93/90 88/91/88 
f 88/91/88 27/27/27 29/29/29 
f 2/2/2 1/1/1 91/94/91 
f 91/94/91 72/74/72 2/2/2 
f 55/57/55 57/59/57 92/95/92 
f 92/95/92 89/92/89 55/57/55 
f 31/31/31 93/96/93 90/93/90 
f 90/93/90 29/29/29 31/31/31 
f 1/1/1 5/5/5 94/97/94 
f 94/97/94 91/94/91 1/1/1 
f 57/59/57 59/61/59 95/98/95 
f 95/98/95 92/95/92 57/59/57 
f 33/33/33 96/99/96 93/96/93 
f 93/96/93 31/31/31 33/33/33 
f 5/5/5 7/7/7 66/68/66 
f 66/68/66 94/97/94 5/5/5 
f 59/61/59 61/63/61 68/70/68 
f 68/70/68 95/98/95 59/61/59 
f 35/35/35 70/72/70 96/99/96 
f 96/99/96 33/33/33 35/35/35 
f 87/90/87 97/100/97 98/101/98 
f 98/101/98 85/87/85 87/90/87 
f 88/91/88 99/102/99 100/103/100 
f 100/103/100 86/89/86 88/91/88 
f 89/92/89 101/104/101 97/100/97 
f 97/100/97 87/90/87 89/92/89 
f 90/93/90 102/105/102 99/102/99 
f 99/102/99 88/91/88 90/93/90 
f 72/74/72 91/94/91 103/106/103 
f 103/106/103 104/107/104 72/74/72 
f 89/92/89 92/95/92 105/108/105 
f 105/108/105 101/104/101 89/92/89 
f 93/96/93 106/109/106 102/105/102 
f 102/105/102 90/93/90 93/96/93 
f 91/94/91 94/97/94 107/110/107 
f 107/110/107 103/106/103 91/94/91 
f 92/95/92 95/98/95 108/111/108 
f 108/111/108 105/108/105 92/95/92 
f 96/99/96 109/112/109 106/109/106 
f 106/109/106 93/96/93 96/99/96 
f 94/97/94 66/68/66 110/113/110 
f 110/113/110 107/110/107 94/97/94 
f 95/98/95 68/70/68 111/114/111 
f 111/114/111 108/111/108 95/98/95 
f 70/72/70 112/115/112 109/112/109 
f 109/112/109 96/99/96 70/72/70 
f 66/68/66 65/67/65 113/116/113 
f 113/116/113 110/113/110 66/68/66 
f 68/70/68 67/69/67 114/117/114 
f 114/117/114 111/114/111 68/70/68 
f 69/71/69 115/118/115 112/115/112 
f 112/115/112 70/72/70 69/71/69 
f 65/67/65 71/73/71 116/119/116 
f 116/119/116 113/116/113 65/67/65 
f 67/69/67 72/74/72 104/107/104 
f 104/107/104 114/117/114 67/69/67 
f 73/75/73 117/120/117 115/118/115 
f 115/118/115 69/71/69 73/75/73 
f 74/76/74 118/121/118 116/119/116 
f 116/119/116 71/73/71 74/76/74 
f 75/77/75 119/122/119 117/120/117 
f 117/120/117 73/75/73 75/77/75 
f 76/78/76 120/123/120 118/121/118 
f 118/121/118 74/76/74 76/78/76 
f 77/79/77 121/124/121 119/122/119 
f 119/122/119 75/77/75 77/79/77 
f 78/80/78 122/125/122 120/123/120 
f 120/123/120 76/78/76 78/80/78 
f 79/81/79 123/126/123 121/124/121 
f 121/124/121 77/79/77 79/81/79 
f 80/82/80 124/127/124 122/125/122 
f 122/125/122 78/80/78 80/82/80 
f 81/83/81 125/128/125 123/126/123 
f 123/126/123 79/81/79 81/83/81 
f 82/84/82 126/129/126 124/127/124 
f 124/127/124 80/82/80 82/84/82 
f 83/85/83 127/130/127 125/128/125 
f 125/128/125 81/83/81 83/85/83 
f 84/86/84 128/131/128 126/129/126 
f 126/129/126 82/84/82 84/86/84 
f 85/87/85 98/101/98 127/132/127 
f 127/132/127 83/88/83 85/87/85 
f 86/89/86 100/103/100 128/131/128 
f 128/131/128 84/86/84 86/89/86 
f 103/106/103 107/110/107 129/133/129 
f 129/133/129 130/134/130 103/106/103 
f 105/108/105 108/111/108 131/135/131 
f 131/135/131 132/136/132 105/108/105 
f 109/112/109 133/137/133 134/138/134 
f 134/138/134 106/109/106 109/112/109 
f 107/110/107 110/113/110 135/139/135 
f 135/139/135 129/133/129 107/110/107 
f 108/111/108 111/114/111 136/140/136 
f 136/140/136 131/135/131 108/111/108 
f 112/115/112 137/141/137 133/137/133 
f 133/137/133 109/112/109 112/115/112 
f 110/113/110 113/116/113 138/142/138 
f 138/142/138 135/139/135 110/113/110 
f 111/114/111 114/117/114 139/143/139 
f 139/143/139 136/140/136 111/114/111 
f 115/118/115 140/144/140 137/141/137 
f 137/141/137 112/115/112 115/118/115 
f 113/116/113 116/119/116 141/145/141 
f 141/145/141 138/142/138 113/116/113 
f 114/117/114 104/107/104 142/146/142 
f 142/146/142 139/143/139 114/117/114 
f 117/120/117 143/147/143 140/144/140 
f 140/144/140 115/118/115 117/120/117 
f 118/121/118 144/148/144 141/145/141 
f 141/145/141 116/119/116 118/121/118 
f 119/122/119 145/149/145 143/147/143 
f 143/147/143 117/120/117 119/122/119 
f 120/123/120 146/150/146 144/148/144 
f 144/148/144 118/121/118 120/123/120 
f 121/124/121 147/151/147 145/149/145 
f 145/149/145 119/122/119 121/124/121 
f 122/125/122 148/152/148 146/150/146 
f 146/150/146 120/123/120 122/125/122 
f 123/126/123 149/153/149 147/151/147 
f 147/151/147 121/124/121 123/126/123 
f 124/127/124 150/154/150 148/152/148 
f 148/152/148 122/125/122 124/127/124 
f 125/128/125 151/155/151 149/153/149 
f 149/153/149 123/126/123 125/128/125 
f 126/129/126 152/156/152 150/154/150 
f 150/154/150 124/127/124 126/129/126 
f 127/130/127 153/157/153 151/155/151 
f 151/155/151 125/128/125 127/130/127 
f 128/131/128 154/158/154 152/156/152 
f 152/156/152 126/129/126 128/131/128 
f 98/101/98 155/159/155 153/160/153 
f 153/160/153 127/132/127 98/101/98 
f 100/103/100 156/161/156 154/158/154 
f 154/158/154 128/131/128 100/103/100 
f 97/100/97 157/162/157 155/159/155 
f 155/159/155 98/101/98 97/100/97 
f 99/102/99 158/163/158 156/161/156 
f 156/161/156 100/103/100 99/102/99 
f 101/104/101 159/164/159 157/162/157 
f 157/162/157 97/100/97 101/104/101 
f 102/105/102 160/165/160 158/163/158 
f 158/163/158 99/102/99 102/105/102 
f 104/107/104 103/106/103 130/134/130 
f 130/134/130 142/146/142 104/107/104 
f 101/104/101 105/108/105 132/136/132 
f 132/136/132 159/164/159 101/104/101 
f 106/109/106 134/138/134 160/165/160 
f 160/165/160 102/105/102 106/109/106 
f 138/142/138 141/145/141 161/166/161 
f 161/166/161 162/167/162 138/142/138 
f 139/143/139 142/146/142 163/168/163 
f 163/168/163 164/169/164 139/143/139 
f 143/147/143 165/170/165 166/171/166 
f 166/171/166 140/144/140 143/147/143 
f 144/148/144 167/172/167 161/166/161 
f 161/166/161 141/145/141 144/148/144 
f 145/149/145 168/173/168 165/170/165 
f 165/170/165 143/147/143 145/149/145 
f 146/150/146 169/174/169 167/172/167 
f 167/172/167 144/148/144 146/150/146 
f 147/151/147 170/175/170 168/173/168 
f 168/173/168 145/149/145 147/151/147 
f 148/152/148 171/176/171 169/174/169 
f 169/174/169 146/150/146 148/152/148 
f 149/153/149 172/177/172 170/175/170 
f 170/175/170 147/151/147 149/153/149 
f 150/154/150 173/178/173 171/176/171 
f 171/176/171 148/152/148 150/154/150 
f 151/155/151 174/179/174 172/177/172 
f 172/177/172 149/153/149 151/155/151 
f 152/156/152 175/180/175 173/178/173 
f 173/178/173 150/154/150 152/156/152 
f 153/157/153 176/181/176 174/179/174 
f 174/179/174 151/155/151 153/157/153 
f 154/158/154 177/182/177 175/180/175 
f 175/180/175 152/156/152 154/158/154 
f 155/159/155 178/183/178 176/184/176 
f 176/184/176 153/160/153 155/159/155 
f 156/161/156 179/185/179 177/182/177 
f 177/182/177 154/158/154 156/161/156 
f 157/162/157 180/186/180 178/183/178 
f 178/183/178 155/159/155 157/162/157 
f 158/163/158 181/187/181 179/185/179 
f 179/185/179 156/161/156 158/163/158 
f 159/164/159 182/188/182 180/186/180 
f 180/186/180 157/162/157 159/164/159 
f 160/165/160 183/189/183 181/187/181 
f 181/187/181 158/163/158 160/165/160 
f 142/146/142 130/134/130 184/190/184 
f 184/190/184 163/168/163 142/146/142 
f 159/164/159 132/136/132 185/191/185 
f 185/191/185 182/188/182 159/164/159 
f 134/138/134 186/192/186 183/189/183 
f 183/189/183 160/165/160 134/138/134 
f 130/134/130 129/133/129 187/193/187 
f 187/193/187 184/190/184 130/134/130 
f 132/136/132 131/135/131 188/194/188 
f 188/194/188 185/191/185 132/136/132 
f 133/137/133 189/195/189 186/192/186 
f 186/192/186 134/138/134 133/137/133 
f 129/133/129 135/139/135 190/196/190 
f 190/196/190 187/193/187 129/133/129 
f 131/135/131 136/140/136 191/197/191 
f 191/197/191 188/194/188 131/135/131 
f 137/141/137 192/198/192 189/195/189 
f 189/195/189 133/137/133 137/141/137 
f 135/139/135 138/142/138 162/167/162 
f 162/167/162 190/196/190 135/139/135 
f 136/140/136 139/143/139 164/169/164 
f 164/169/164 191/197/191 136/140/136 
f 140/144/140 166/171/166 192/198/192 
f 192/198/192 137/141/137 140/144/140 
f 171/176/171 193/199/193 194/200/194 
f 194/200/194 169/174/169 171/176/171 
f 172/177/172 195/201/195 196/202/196 
f 196/202/196 170/175/170 172/177/172 
f 173/178/173 197/203/197 193/199/193 
f 193/199/193 171/176/171 173/178/173 
f 174/179/174 198/204/198 195/201/195 
f 195/201/195 172/177/172 174/179/174 
f 175/180/175 199/205/199 197/203/197 
f 197/203/197 173/178/173 175/180/175 
f 176/181/176 200/206/200 198/204/198 
f 198/204/198 174/179/174 176/181/176 
f 177/182/177 201/207/201 199/205/199 
f 199/205/199 175/180/175 177/182/177 
f 178/183/178 202/208/202 200/209/200 
f 200/209/200 176/184/176 178/183/178 
f 179/185/179 203/210/203 201/207/201 
f 201/207/201 177/182/177 179/185/179 
f 180/186/180 204/211/204 202/208/202 
f 202/208/202 178/183/178 180/186/180 
f 181/187/181 205/212/205 203/210/203 
f 203/210/203 179/185/179 181/187/181 
f 182/188/182 206/213/206 204/211/204 
f 204/211/204 180/186/180 182/188/182 
f 183/189/183 207/214/207 205/212/205 
f 205/212/205 181/187/181 183/189/183 
f 163/168/163 184/190/184 208/215/208 
f 208/215/208 209/216/209 163/168/163 
f 182/188/182 185/191/185 210/217/210 
f 210/217/210 206/213/206 182/188/182 
f 186/192/186 211/218/211 207/214/207 
f 207/214/207 183/189/183 186/192/186 
f 184/190/184 187/193/187 212/219/212 
f 212/219/212 208/215/208 184/190/184 
f 185/191/185 188/194/188 213/220/213 
f 213/220/213 210/217/210 185/191/185 
f 189/195/189 214/221/214 211/218/211 
f 211/218/211 186/192/186 189/195/189 
f 187/193/187 190/196/190 215/222/215 
f 215/222/215 212/219/212 187/193/187 
f 188/194/188 191/197/191 216/223/216 
f 216/223/216 213/220/213 188/194/188 
f 192/198/192 217/224/217 214/221/214 
f 214/221/214 189/195/189 192/198/192 
f 190/196/190 162/167/162 218/225/218 
f 218/225/218 215/222/215 190/196/190 
f 191/197/191 164/169/164 219/226/219 
f 219/226/219 216/223/216 191/197/191 
f 166/171/166 220/227/220 217/224/217 
f 217/224/217 192/198/192 166/171/166 
f 162/167/162 161/166/161 221/228/221 
f 221/228/221 218/225/218 162/167/162 
f 164/169/164 163/168/163 209/216/209 
f 209/216/209 219/226/219 164/169/164 
f 165/170/165 222/229/222 220/227/220 
f 220/227/220 166/171/166 165/170/165 
f 167/172/167 223/230/223 221/228/221 
f 221/228/221 161/166/161 167/172/167 
f 168/173/168 224/231/224 222/229/222 
f 222/229/222 165/170/165 168/173/168 
f 169/174/169 194/200/194 223/230/223 
f 223/230/223 167/172/167 169/174/169 
f 170/175/170 196/202/196 224/231/224 
f 224/231/224 168/173/168 170/175/170 
f 201/207/201 225/232/225 226/233/226 
f 226/233/226 199/205/199 201/207/201 
f 202/208/202 227/234/227 228/235/228 
f 228/235/228 200/209/200 202/208/202 
f 203/210/203 229/236/229 225/232/225 
f 225/232/225 201/207/201 203/210/203 
f 204/211/204 230/237/230 227/234/227 
f 227/234/227 202/208/202 204/211/204 
f 205/212/205 231/238/231 229/236/229 
f 229/236/229 203/210/203 205/212/205 
f 206/213/206 232/239/232 230/237/230 
f 230/237/230 204/211/204 206/213/206 
f 207/214/207 233/240/233 231/238/231 
f 231/238/231 205/212/205 207/214/207 
f 209/216/209 208/215/208 234/241/234 
f 234/241/234 235/242/235 209/216/209 
f 206/213/206 210/217/210 236/243/236 
f 236/243/236 232/239/232 206/213/206 
f 211/218/211 237/244/237 233/240/233 
f 233/240/233 207/214/207 211/218/211 
f 208/215/208 212/219/212 238/245/238 
f 238/245/238 234/241/234 208/215/208 
f 210/217/210 213/220/213 239/246/239 
f 239/246/239 236/243/236 210/217/210 
f 214/221/214 240/247/240 237/244/237 
f 237/244/237 211/218/211 214/221/214 
f 212/219/212 215/222/215 241/248/241 
f 241/248/241 238/245/238 212/219/212 
f 213/220/213 216/223/216 242/249/242 
f 242/249/242 239/246/239 213/220/213 
f 217/224/217 243/250/243 240/247/240 
f 240/247/240 214/221/214 217/224/217 
f 215/222/215 218/225/218 244/251/244 
f 244/251/244 241/248/241 215/222/215 
f 216/223/216 219/226/219 245/252/245 
f 245/252/245 242/249/242 216/223/216 
f 220/227/220 246/253/246 243/250/243 
f 243/250/243 217/224/217 220/227/220 
f 218/225/218 221/228/221 247/254/247 
f 247/254/247 244/251/244 218/225/218 
f 219/226/219 209/216/209 235/242/235 
f 235/242/235 245/252/245 219/226/219 
f 222/229/222 248/255/248 246/253/246 
f 246/253/246 220/227/220 222/229/222 
f 223/230/223 249/256/249 247/254/247 
f 247/254/247 221/228/221 223/230/223 
f 224/231/224 250/257/250 248/255/248 
f 248/255/248 222/229/222 224/231/224 
f 194/200/194 251/258/251 249/256/249 
f 249/256/249 223/230/223 194/200/194 
f 196/202/196 252/259/252 250/257/250 
f 250/257/250 224/231/224 196/202/196 
f 193/199/193 253/260/253 251/258/251 
f 251/258/251 194/200/194 193/199/193 
f 195/201/195 254/261/254 252/259/252 
f 252/259/252 196/202/196 195/201/195 
f 197/203/197 255/262/255 253/260/253 
f 253/260/253 193/199/193 197/203/197 
f 198/204/198 256/263/256 254/261/254 
f 254/261/254 195/201/195 198/204/198 
f 199/205/199 226/233/226 255/262/255 
f 255/262/255 197/203/197 199/205/199 
f 200/206/200 228/264/228 256/263/256 
f 256/263/256 198/204/198 200/206/200 
f 233/240/233 257/265/257 258/266/258 
f 258/266/258 231/238/231 233/240/233 
f 235/242/235 234/241/234 259/267/259 
f 259/267/259 260/268/260 235/242/235 
f 232/239/232 236/243/236 261/269/261 
f 261/269/261 262/270/262 232/239/232 
f 237/244/237 263/271/263 257/265/257 
f 257/265/257 233/240/233 237/244/237 
f 234/241/234 238/245/238 264/272/264 
f 264/272/264 259/267/259 234/241/234 
f 236/243/236 239/246/239 265/273/265 
f 265/273/265 261/269/261 236/243/236 
f 240/247/240 266/274/266 263/271/263 
f 263/271/263 237/244/237 240/247/240 
f 238/245/238 241/248/241 267/275/267 
f 267/275/267 264/272/264 238/245/238 
f 239/246/239 242/249/242 268/276/268 
f 268/276/268 265/273/265 239/246/239 
f 243/250/243 269/277/269 266/274/266 
f 266/274/266 240/247/240 243/250/243 
f 241/248/241 244/251/244 270/278/270 
f 270/278/270 267/275/267 241/248/241 
f 242/249/242 245/252/245 271/279/271 
f 271/279/271 268/276/268 242/249/242 
f 246/253/246 272/280/272 269/277/269 
f 269/277/269 243/250/243 246/253/246 
f 244/251/244 247/254/247 273/281/273 
f 273/281/273 270/278/270 244/251/244 
f 245/252/245 235/242/235 260/268/260 
f 260/268/260 271/279/271 245/252/245 
f 248/255/248 274/282/274 272/280/272 
f 272/280/272 246/253/246 248/255/248 
f 249/256/249 275/283/275 273/281/273 
f 273/281/273 247/254/247 249/256/249 
f 250/257/250 276/284/276 274/282/274 
f 274/282/274 248/255/248 250/257/250 
f 251/258/251 277/285/277 275/283/275 
f 275/283/275 249/256/249 251/258/251 
f 252/259/252 278/286/278 276/284/276 
f 276/284/276 250/257/250 252/259/252 
f 253/260/253 279/287/279 277/285/277 
f 277/285/277 251/258/251 253/260/253 
f 254/261/254 280/288/280 278/286/278 
f 278/286/278 252/259/252 254/261/254 
f 255/262/255 281/289/281 279/287/279 
f 279/287/279 253/260/253 255/262/255 
f 256/263/256 282/290/282 280/288/280 
f 280/288/280 254/261/254 256/263/256 
f 226/233/226 283/291/283 281/289/281 
f 281/289/281 255/262/255 226/233/226 
f 228/264/228 284/292/284 282/290/282 
f 282/290/282 256/263/256 228/264/228 
f 225/232/225 285/293/285 283/291/283 
f 283/291/283 226/233/226 225/232/225 
f 227/234/227 286/294/286 284/295/284 
f 284/295/284 228/235/228 227/234/227 
f 229/236/229 287/296/287 285/293/285 
f 285/293/285 225/232/225 229/236/229 
f 230/237/230 288/297/288 286/294/286 
f 286/294/286 227/234/227 230/237/230 
f 231/238/231 258/266/258 287/296/287 
f 287/296/287 229/236/229 231/238/231 
f 232/239/232 262/270/262 288/297/288 
f 288/297/288 230/237/230 232/239/232 
f 269/277/269 289/298/289 290/299/290 
f 290/299/290 266/274/266 269/277/269 
f 267/275/267 270/278/270 291/300/291 
f 291/300/291 292/301/292 267/275/267 
f 268/276/268 271/279/271 293/302/293 
f 293/302/293 294/303/294 268/276/268 
f 272/280/272 295/304/295 289/298/289 
f 289/298/289 269/277/269 272/280/272 
f 270/278/270 273/281/273 296/305/296 
f 296/305/296 291/300/291 270/278/270 
f 271/279/271 260/268/260 297/306/297 
f 297/306/297 293/302/293 271/279/271 
f 274/282/274 298/307/298 295/304/295 
f 295/304/295 272/280/272 274/282/274 
f 275/283/275 299/308/299 296/305/296 
f 296/305/296 273/281/273 275/283/275 
f 276/284/276 300/309/300 298/307/298 
f 298/307/298 274/282/274 276/284/276 
f 277/285/277 301/310/301 299/308/299 
f 299/308/299 275/283/275 277/285/277 
f 278/286/278 302/311/302 300/309/300 
f 300/309/300 276/284/276 278/286/278 
f 279/287/279 303/312/303 301/310/301 
f 301/310/301 277/285/277 279/287/279 
f 280/288/280 304/313/304 302/311/302 
f 302/311/302 278/286/278 280/288/280 
f 281/289/281 305/314/305 303/312/303 
f 303/312/303 279/287/279 281/289/281 
f 282/290/282 306/315/306 304/313/304 
f 304/313/304 280/288/280 282/290/282 
f 283/291/283 307/316/307 305/314/305 
f 305/314/305 281/289/281 283/291/283 
f 284/292/284 308/317/308 306/315/306 
f 306/315/306 282/290/282 284/292/284 
f 285/293/285 309/318/309 307/316/307 
f 307/316/307 283/291/283 285/293/285 
f 286/294/286 310/319/310 308/320/308 
f 308/320/308 284/295/284 286/294/286 
f 287/296/287 311/321/311 309/318/309 
f 309/318/309 285/293/285 287/296/287 
f 288/297/288 312/322/312 310/319/310 
f 310/319/310 286/294/286 288/297/288 
f 258/266/258 313/323/313 311/321/311 
f 311/321/311 287/296/287 258/266/258 
f 262/270/262 314/324/314 312/322/312 
f 312/322/312 288/297/288 262/270/262 
f 257/265/257 315/325/315 313/323/313 
f 313/323/313 258/266/258 257/265/257 
f 260/268/260 259/267/259 316/326/316 
f 316/326/316 297/306/297 260/268/260 
f 262/270/262 261/269/261 317/327/317 
f 317/327/317 314/324/314 262/270/262 
f 263/271/263 318/328/318 315/325/315 
f 315/325/315 257/265/257 263/271/263 
f 259/267/259 264/272/264 319/329/319 
f 319/329/319 316/326/316 259/267/259 
f 261/269/261 265/273/265 320/330/320 
f 320/330/320 317/327/317 261/269/261 
f 266/274/266 290/299/290 318/328/318 
f 318/328/318 263/271/263 266/274/266 
f 264/272/264 267/275/267 292/301/292 
f 292/301/292 319/329/319 264/272/264 
f 265/273/265 268/276/268 294/303/294 
f 294/303/294 320/330/320 265/273/265 
f 300/309/300 321/331/321 322/332/322 
f 322/332/322 298/307/298 300/309/300 
f 301/310/301 323/333/323 324/334/324 
f 324/334/324 299/308/299 301/310/301 
f 302/311/302 325/335/325 321/331/321 
f 321/331/321 300/309/300 302/311/302 
f 303/312/303 326/336/326 323/333/323 
f 323/333/323 301/310/301 303/312/303 
f 304/313/304 327/337/327 325/335/325 
f 325/335/325 302/311/302 304/313/304 
f 305/314/305 328/338/328 326/336/326 
f 326/336/326 303/312/303 305/314/305 
f 306/315/306 329/339/329 327/337/327 
f 327/337/327 304/313/304 306/315/306 
f 307/316/307 330/340/330 328/338/328 
f 328/338/328 305/314/305 307/316/307 
f 308/317/308 331/341/331 329/339/329 
f 329/339/329 306/315/306 308/317/308 
f 309/318/309 332/342/332 330/340/330 
f 330/340/330 307/316/307 309/318/309 
f 310/319/310 333/343/333 331/344/331 
f 331/344/331 308/320/308 310/319/310 
f 311/321/311 334/345/334 332/342/332 
f 332/342/332 309/318/309 311/321/311 
f 312/322/312 335/346/335 333/343/333 
f 333/343/333 310/319/310 312/322/312 
f 313/323/313 336/347/336 334/345/334 
f 334/345/334 311/321/311 313/323/313 
f 314/324/314 337/348/337 335/346/335 
f 335/346/335 312/322/312 314/324/314 
f 315/325/315 338/349/338 336/347/336 
f 336/347/336 313/323/313 315/325/315 
f 297/306/297 316/326/316 339/350/339 
f 339/350/339 340/351/340 297/306/297 
f 314/324/314 317/327/317 341/352/341 
f 341/352/341 337/348/337 314/324/314 
f 318/328/318 342/353/342 338/349/338 
f 338/349/338 315/325/315 318/328/318 
f 316/326/316 319/329/319 343/354/343 
f 343/354/343 339/350/339 316/326/316 
f 317/327/317 320/330/320 344/355/344 
f 344/355/344 341/352/341 317/327/317 
f 290/299/290 345/356/345 342/353/342 
f 342/353/342 318/328/318 290/299/290 
f 319/329/319 292/301/292 346/357/346 
f 346/357/346 343/354/343 319/329/319 
f 320/330/320 294/303/294 347/358/347 
f 347/358/347 344/355/344 320/330/320 
f 289/298/289 348/359/348 345/356/345 
f 345/356/345 290/299/290 289/298/289 
f 292/301/292 291/300/291 349/360/349 
f 349/360/349 346/357/346 292/301/292 
f 294/303/294 293/302/293 350/361/350 
f 350/361/350 347/358/347 294/303/294 
f 295/304/295 351/362/351 348/359/348 
f 348/359/348 289/298/289 295/304/295 
f 291/300/291 296/305/296 352/363/352 
f 352/363/352 349/360/349 291/300/291 
f 293/302/293 297/306/297 340/351/340 
f 340/351/340 350/361/350 293/302/293 
f 298/307/298 322/332/322 351/362/351 
f 351/362/351 295/304/295 298/307/298 
f 299/308/299 324/334/324 352/363/352 
f 352/363/352 296/305/296 299/308/299 
f 329/339/329 353/364/353 354/365/354 
f 354/365/354 327/337/327 329/339/329 
f 330/340/330 355/366/355 356/367/356 
f 356/367/356 328/338/328 330/340/330 
f 331/341/331 357/368/357 353/364/353 
f 353/364/353 329/339/329 331/341/331 
f 332/342/332 358/369/358 355/366/355 
f 355/366/355 330/340/330 332/342/332 
f 333/343/333 359/370/359 357/371/357 
f 357/371/357 331/344/331 333/343/333 
f 334/345/334 360/372/360 358/369/358 
f 358/369/358 332/342/332 334/345/334 
f 335/346/335 361/373/361 359/370/359 
f 359/370/359 333/343/333 335/346/335 
f 336/347/336 362/374/362 360/372/360 
f 360/372/360 334/345/334 336/347/336 
f 337/348/337 363/375/363 361/373/361 
f 361/373/361 335/346/335 337/348/337 
f 338/349/338 364/376/364 362/374/362 
f 362/374/362 336/347/336 338/349/338 
f 340/351/340 339/350/339 365/377/365 
f 365/377/365 366/378/366 340/351/340 
f 337/348/337 341/352/341 367/379/367 
f 367/379/367 363/375/363 337/348/337 
f 342/353/342 368/380/368 364/376/364 
f 364/376/364 338/349/338 342/353/342 
f 339/350/339 343/354/343 369/381/369 
f 369/381/369 365/377/365 339/350/339 
f 341/352/341 344/355/344 370/382/370 
f 370/382/370 367/379/367 341/352/341 
f 345/356/345 371/383/371 368/380/368 
f 368/380/368 342/353/342 345/356/345 
f 343/354/343 346/357/346 372/384/372 
f 372/384/372 369/381/369 343/354/343 
f 344/355/344 347/358/347 373/385/373 
f 373/385/373 370/382/370 344/355/344 
f 348/359/348 374/386/374 371/383/371 
f 371/383/371 345/356/345 348/359/348 
f 346/357/346 349/360/349 375/387/375 
f 375/387/375 372/384/372 346/357/346 
f 347/358/347 350/361/350 376/388/376 
f 376/388/376 373/385/373 347/358/347 
f 351/362/351 377/389/377 374/386/374 
f 374/386/374 348/359/348 351/362/351 
f 349/360/349 352/363/352 378/390/378 
f 378/390/378 375/387/375 349/360/349 
f 350/361/350 340/351/340 366/378/366 
f 366/378/366 376/388/376 350/361/350 
f 322/332/322 379/391/379 377/389/377 
f 377/389/377 351/362/351 322/332/322 
f 324/334/324 380/392/380 378/390/378 
f 378/390/378 352/363/352 324/334/324 
f 321/331/321 381/393/381 379/391/379 
f 379/391/379 322/332/322 321/331/321 
f 323/333/323 382/394/382 380/392/380 
f 380/392/380 324/334/324 323/333/323 
f 325/335/325 383/395/383 381/393/381 
f 381/393/381 321/331/321 325/335/325 
f 326/336/326 384/396/384 382/394/382 
f 382/394/382 323/333/323 326/336/326 
f 327/337/327 354/365/354 383/395/383 
f 383/395/383 325/335/325 327/337/327 
f 328/338/328 356/367/356 384/396/384 
f 384/396/384 326/336/326 328/338/328 
f 361/373/361 385/397/385 386/398/386 
f 386/398/386 359/370/359 361/373/361 
f 362/374/362 387/399/387 388/400/388 
f 388/400/388 360/372/360 362/374/362 
f 363/375/363 389/401/389 385/397/385 
f 385/397/385 361/373/361 363/375/363 
f 364/376/364 390/402/390 387/399/387 
f 387/399/387 362/374/362 364/376/364 
f 366/378/366 365/377/365 391/403/391 
f 391/403/391 392/404/392 366/378/366 
f 363/375/363 367/379/367 393/405/393 
f 393/405/393 389/401/389 363/375/363 
f 368/380/368 394/406/394 390/402/390 
f 390/402/390 364/376/364 368/380/368 
f 365/377/365 369/381/369 395/407/395 
f 395/407/395 391/403/391 365/377/365 
f 367/379/367 370/382/370 396/408/396 
f 396/408/396 393/405/393 367/379/367 
f 371/383/371 397/409/397 394/406/394 
f 394/406/394 368/380/368 371/383/371 
f 369/381/369 372/384/372 398/410/398 
f 398/410/398 395/407/395 369/381/369 
f 370/382/370 373/385/373 399/411/399 
f 399/411/399 396/408/396 370/382/370 
f 374/386/374 400/412/400 397/409/397 
f 397/409/397 371/383/371 374/386/374 
f 372/384/372 375/387/375 401/413/401 
f 401/413/401 398/410/398 372/384/372 
f 373/385/373 376/388/376 402/414/402 
f 402/414/402 399/411/399 373/385/373 
f 377/389/377 403/415/403 400/412/400 
f 400/412/400 374/386/374 377/389/377 
f 375/387/375 378/390/378 404/416/404 
f 404/416/404 401/413/401 375/387/375 
f 376/388/376 366/378/366 392/404/392 
f 392/404/392 402/414/402 376/388/376 
f 379/391/379 405/417/405 403/415/403 
f 403/415/403 377/389/377 379/391/379 
f 380/392/380 406/418/406 404/416/404 
f 404/416/404 378/390/378 380/392/380 
f 381/393/381 407/419/407 405/417/405 
f 405/417/405 379/391/379 381/393/381 
f 382/394/382 408/420/408 406/418/406 
f 406/418/406 380/392/380 382/394/382 
f 383/395/383 409/421/409 407/419/407 
f 407/419/407 381/393/381 383/395/383 
f 384/396/384 410/422/410 408/420/408 
f 408/420/408 382/394/382 384/396/384 
f 354/365/354 411/423/411 409/421/409 
f 409/421/409 383/395/383 354/365/354 
f 356/367/356 412/424/412 410/422/410 
f 410/422/410 384/396/384 356/367/356 
f 353/364/353 413/425/413 411/423/411 
f 411/423/411 354/365/354 353/364/353 
f 355/366/355 414/426/414 412/424/412 
f 412/424/412 356/367/356 355/366/355 
f 357/368/357 415/427/415 413/425/413 
f 413/425/413 353/364/353 357/368/357 
f 358/369/358 416/428/416 414/426/414 
f 414/426/414 355/366/355 358/369/358 
f 359/370/359 386/398/386 415/429/415 
f 415/429/415 357/371/357 359/370/359 
f 360/372/360 388/400/388 416/428/416 
f 416/428/416 358/369/358 360/372/360 
f 391/403/391 395/407/395 417/430/417 
f 417/430/417 418/431/418 391/403/391 
f 393/405/393 396/408/396 419/432/419 
f 419/432/419 420/433/420 393/405/393 
f 397/409/397 421/434/421 422/435/422 
f 422/435/422 394/406/394 397/409/397 
f 395/407/395 398/410/398 423/436/423 
f 423/436/423 417/430/417 395/407/395 
f 396/408/396 399/411/399 424/437/424 
f 424/437/424 419/432/419 396/408/396 
f 400/412/400 425/438/425 421/434/421 
f 421/434/421 397/409/397 400/412/400 
f 398/410/398 401/413/401 426/439/426 
f 426/439/426 423/436/423 398/410/398 
f 399/411/399 402/414/402 427/440/427 
f 427/440/427 424/437/424 399/411/399 
f 403/415/403 428/441/428 425/438/425 
f 425/438/425 400/412/400 403/415/403 
f 401/413/401 404/416/404 429/442/429 
f 429/442/429 426/439/426 401/413/401 
f 402/414/402 392/404/392 430/443/430 
f 430/443/430 427/440/427 402/414/402 
f 405/417/405 431/444/431 428/441/428 
f 428/441/428 403/415/403 405/417/405 
f 406/418/406 432/445/432 429/442/429 
f 429/442/429 404/416/404 406/418/406 
f 407/419/407 433/446/433 431/444/431 
f 431/444/431 405/417/405 407/419/407 
f 408/420/408 434/447/434 432/445/432 
f 432/445/432 406/418/406 408/420/408 
f 409/421/409 435/448/435 433/446/433 
f 433/446/433 407/419/407 409/421/409 
f 410/422/410 436/449/436 434/447/434 
f 434/447/434 408/420/408 410/422/410 
f 411/423/411 437/450/437 435/448/435 
f 435/448/435 409/421/409 411/423/411 
f 412/424/412 438/451/438 436/449/436 
f 436/449/436 410/422/410 412/424/412 
f 413/425/413 439/452/439 437/450/437 
f 437/450/437 411/423/411 413/425/413 
f 414/426/414 440/453/440 438/451/438 
f 438/451/438 412/424/412 414/426/414 
f 415/427/415 441/454/441 439/452/439 
f 439/452/439 413/425/413 415/427/415 
f 416/428/416 442/455/442 440/453/440 
f 440/453/440 414/426/414 416/428/416 
f 386/398/386 443/456/443 441/457/441 
f 441/457/441 415/429/415 386/398/386 
f 388/400/388 444/458/444 442/455/442 
f 442/455/442 416/428/416 388/400/388 
f 385/397/385 445/459/445 443/456/443 
f 443/456/443 386/398/386 385/397/385 
f 387/399/387 446/460/446 444/458/444 
f 444/458/444 388/400/388 387/399/387 
f 389/401/389 447/461/447 445/459/445 
f 445/459/445 385/397/385 389/401/389 
f 390/402/390 448/462/448 446/460/446 
f 446/460/446 387/399/387 390/402/390 
f 392/404/392 391/403/391 418/431/418 
f 418/431/418 430/443/430 392/404/392 
f 389/401/389 393/405/393 420/433/420 
f 420/433/420 447/461/447 389/401/389 
f 394/406/394 422/435/422 448/462/448 
f 448/462/448 390/402/390 394/406/394 
f 429/463/429 449/464/449 450/465/450 
f 450/465/450 426/466/426 429/463/429 
f 430/467/430 451/468/451 452/469/452 
f 452/469/452 427/470/427 430/467/430 
f 431/471/431 453/472/453 454/473/454 
f 454/473/454 428/474/428 431/471/431 
f 432/475/432 455/476/455 449/464/449 
f 449/464/449 429/463/429 432/475/432 
f 433/477/433 456/478/456 453/472/453 
f 453/472/453 431/471/431 433/477/433 
f 434/479/434 457/480/457 455/476/455 
f 455/476/455 432/475/432 434/479/434 
f 435/481/435 458/482/458 456/478/456 
f 456/478/456 433/477/433 435/481/435 
f 436/483/436 459/484/459 457/480/457 
f 457/480/457 434/479/434 436/483/436 
f 437/485/437 460/486/460 458/482/458 
f 458/482/458 435/481/435 437/485/437 
f 438/487/438 461/488/461 459/484/459 
f 459/484/459 436/483/436 438/487/438 
f 439/489/439 462/490/462 460/486/460 
f 460/486/460 437/485/437 439/489/439 
f 440/491/440 463/492/463 461/488/461 
f 461/488/461 438/487/438 440/491/440 
f 441/493/441 464/494/464 462/490/462 
f 462/490/462 439/489/439 441/493/441 
f 442/495/442 465/496/465 463/492/463 
f 463/492/463 440/491/440 442/495/442 
f 443/497/443 466/498/466 464/499/464 
f 464/499/464 441/500/441 443/497/443 
f 444/501/444 467/502/467 465/496/465 
f 465/496/465 442/495/442 444/501/444 
f 445/503/445 468/504/468 466/498/466 
f 466/498/466 443/497/443 445/503/445 
f 446/505/446 469/506/469 467/502/467 
f 467/502/467 444/501/444 446/505/446 
f 447/507/447 470/508/470 468/504/468 
f 468/504/468 445/503/445 447/507/447 
f 448/509/448 471/510/471 469/506/469 
f 469/506/469 446/505/446 448/509/448 
f 418/511/418 472/512/472 451/468/451 
f 451/468/451 430/467/430 418/511/418 
f 420/513/420 473/514/473 470/508/470 
f 470/508/470 447/507/447 420/513/420 
f 422/515/422 474/516/474 471/510/471 
f 471/510/471 448/509/448 422/515/422 
f 417/517/417 475/518/475 472/512/472 
f 472/512/472 418/511/418 417/517/417 
f 419/519/419 476/520/476 473/514/473 
f 473/514/473 420/513/420 419/519/419 
f 421/521/421 477/522/477 474/516/474 
f 474/516/474 422/515/422 421/521/421 
f 423/523/423 478/524/478 475/518/475 
f 475/518/475 417/517/417 423/523/423 
f 424/525/424 479/526/479 476/520/476 
f 476/520/476 419/519/419 424/525/424 
f 425/527/425 480/528/480 477/522/477 
f 477/522/477 421/521/421 425/527/425 
f 426/466/426 450/465/450 478/524/478 
f 478/524/478 423/523/423 426/466/426 
f 427/470/427 452/469/452 479/526/479 
f 479/526/479 424/525/424 427/470/427 
f 428/474/428 454/473/454 480/528/480 
f 480/528/480 425/527/425 428/474/428 
f 481/529/38 482/530/38 483/531/36 
f 483/531/36 484/532/36 481/529/38 
f 485/533/20 486/534/20 487/535/481 
f 487/535/481 488/536/481 485/533/20 
f 489/537/482 490/538/482 491/539/62 
f 491/539/62 492/540/62 489/537/482 
f 493/541/46 494/542/46 495/543/44 
f 495/543/44 496/544/44 493/541/46 
f 497/545/483 498/546/483 499/547/26 
f 499/547/26 500/548/26 497/545/483 
f 501/549/10 502/550/10 503/551/8 
f 503/551/8 504/552/8 501/549/10 
f 505/553/54 506/554/54 507/555/52 
f 507/555/52 508/556/52 505/553/54 
f 484/532/36 483/531/36 509/557/34 
f 509/557/34 510/558/34 484/532/36 
f 488/536/481 487/535/481 511/559/16 
f 511/559/16 512/560/16 488/536/481 
f 492/540/62 491/539/62 513/561/60 
f 513/561/60 514/562/60 492/540/62 
f 496/544/44 495/543/44 515/563/484 
f 515/563/484 516/564/484 496/544/44 
f 500/548/26 499/547/26 517/565/485 
f 517/565/485 518/566/485 500/548/26 
f 504/552/8 503/551/8 519/567/6 
f 519/567/6 520/568/6 504/552/8 
f 508/556/52 507/555/52 521/569/50 
f 521/569/50 522/570/50 508/556/52 
f 510/558/34 509/557/34 523/571/32 
f 523/571/32 524/572/32 510/558/34 
f 512/573/16 511/574/16 525/575/14 
f 525/575/14 526/576/14 512/573/16 
f 514/562/60 513/561/60 527/577/58 
f 527/577/58 528/578/58 514/562/60 
f 516/564/484 515/563/484 529/579/486 
f 529/579/486 530/580/486 516/564/484 
f 518/566/485 517/565/485 531/581/22 
f 531/581/22 532/582/22 518/566/485 
f 520/568/6 519/567/6 533/583/487 
f 533/583/487 534/584/487 520/568/6 
f 522/570/50 521/569/50 535/585/488 
f 535/585/488 536/586/488 522/570/50 
f 524/572/32 523/571/32 537/587/30 
f 537/587/30 538/588/30 524/572/32 
f 526/576/14 525/575/14 539/589/489 
f 539/589/489 540/590/489 526/576/14 
f 528/578/58 527/577/58 541/591/490 
f 541/591/490 542/592/490 528/578/58 
f 530/580/486 529/579/486 482/530/38 
f 482/530/38 481/529/38 530/580/486 
f 532/582/22 531/581/22 486/534/20 
f 486/534/20 485/533/20 532/582/22 
f 543/593/3 544/594/3 490/538/482 
f 490/538/482 489/537/482 543/593/3 
f 534/584/487 533/583/487 544/594/3 
f 544/594/3 543/593/3 534/584/487 
f 536/586/488 535/585/488 494/542/46 
f 494/542/46 493/541/46 536/586/488 
f 538/588/30 537/587/30 498/546/483 
f 498/546/483 497/545/483 538/588/30 
f 540/590/489 539/589/489 502/550/10 
f 502/550/10 501/549/10 540/590/489 
f 542/592/490 541/591/490 506/554/54 
f 506/554/54 505/553/54 542/592/490 
f 545/595/3 546/596/482 547/597/482 
f 547/597/482 548/598/3 545/595/3 
f 546/596/482 549/599/62 550/600/62 
f 550/600/62 547/597/482 546/596/482 
f 549/599/62 551/601/60 552/602/60 
f 552/602/60 550/600/62 549/599/62 
f 551/601/60 553/603/58 554/604/58 
f 554/604/58 552/602/60 551/601/60 
f 553/603/58 555/605/490 556/606/490 
f 556/606/490 554/604/58 553/603/58 
f 555/605/490 557/607/54 558/608/54 
f 558/608/54 556/606/490 555/605/490 
f 557/607/54 559/609/52 560/610/52 
f 560/610/52 558/608/54 557/607/54 
f 559/609/52 561/611/50 562/612/50 
f 562/612/50 560/610/52 559/609/52 
f 561/611/50 563/613/488 564/614/488 
f 564/614/488 562/612/50 561/611/50 
f 563/613/488 565/615/46 566/616/46 
f 566/616/46 564/614/488 563/613/488 
f 565/615/46 567/617/44 568/618/44 
f 568/618/44 566/616/46 565/615/46 
f 567/617/44 569/619/484 570/620/484 
f 570/620/484 568/618/44 567/617/44 
f 569/619/484 571/621/486 572/622/486 
f 572/622/486 570/620/484 569/619/484 
f 571/621/486 573/623/38 574/624/38 
f 574/624/38 572/622/486 571/621/486 
f 573/623/38 575/625/36 576/626/36 
f 576/626/36 574/624/38 573/623/38 
f 575/625/36 577/627/34 578/628/34 
f 578/628/34 576/626/36 575/625/36 
f 577/627/34 579/629/32 580/630/32 
f 580/630/32 578/628/34 577/627/34 
f 579/629/32 581/631/30 582/632/30 
f 582/632/30 580/630/32 579/629/32 
f 581/631/30 583/633/483 584/634/483 
f 584/634/483 582/632/30 581/631/30 
f 583/633/483 585/635/26 586/636/26 
f 586/636/26 584/634/483 583/633/483 
f 585/635/26 587/637/485 588/638/485 
f 588/638/485 586/636/26 585/635/26 
f 587/637/485 589/639/22 590/640/22 
f 590/640/22 588/638/485 587/637/485 
f 589/639/22 591/641/20 592/642/20 
f 592/642/20 590/640/22 589/639/22 
f 591/641/20 593/643/481 594/644/481 
f 594/644/481 592/642/20 591/641/20 
f 593/643/481 595/645/16 596/646/16 
f 596/646/16 594/644/481 593/643/481 
f 595/647/16 597/648/14 598/649/14 
f 598/649/14 596/560/16 595/647/16 
f 597/648/14 599/650/489 600/651/489 
f 600/651/489 598/649/14 597/648/14 
f 599/650/489 601/652/10 602/653/10 
f 602/653/10 600/651/489 599/650/489 
f 601/652/10 603/654/8 604/655/8 
f 604/655/8 602/653/10 601/652/10 
f 603/654/8 605/656/6 606/657/6 
f 606/657/6 604/655/8 603/654/8 
f 605/656/6 607/658/487 608/659/487 
f 608/659/487 606/657/6 605/656/6 
f 607/658/487 545/595/3 548/598/3 
f 548/598/3 608/659/487 607/658/487 
f 64/660/491 62/661/491 491/662/491 
f 491/662/491 490/663/491 64/660/491 
f 10/664/491 8/665/491 503/666/491 
f 503/666/491 502/667/491 10/664/491 
f 36/668/491 34/669/491 509/670/491 
f 509/670/491 483/671/491 36/668/491 
f 62/661/491 60/672/491 513/673/491 
f 513/673/491 491/662/491 62/661/491 
f 8/665/491 6/674/491 519/675/491 
f 519/675/491 503/666/491 8/665/491 
f 34/669/491 32/676/491 523/677/491 
f 523/677/491 509/670/491 34/669/491 
f 60/672/491 58/678/491 527/679/491 
f 527/679/491 513/673/491 60/672/491 
f 6/674/491 4/680/491 533/681/491 
f 533/681/491 519/675/491 6/674/491 
f 32/676/491 30/682/491 537/683/491 
f 537/683/491 523/677/491 32/676/491 
f 58/678/491 56/684/491 541/685/491 
f 541/685/491 527/679/491 58/678/491 
f 4/680/491 3/686/491 544/687/491 
f 544/687/491 533/681/491 4/680/491 
f 30/682/491 28/688/491 498/689/491 
f 498/689/491 537/683/491 30/682/491 
f 56/684/491 54/690/491 506/691/491 
f 506/691/491 541/685/491 56/684/491 
f 28/688/491 26/692/491 499/693/491 
f 499/693/491 498/689/491 28/688/491 
f 54/690/491 52/694/491 507/695/491 
f 507/695/491 506/691/491 54/690/491 
f 26/692/491 24/696/491 517/697/491 
f 517/697/491 499/693/491 26/692/491 
f 52/694/491 50/698/491 521/699/491 
f 521/699/491 507/695/491 52/694/491 
f 24/696/491 22/700/491 531/701/491 
f 531/701/491 517/697/491 24/696/491 
f 50/698/491 48/702/491 535/703/491 
f 535/703/491 521/699/491 50/698/491 
f 22/700/491 20/704/491 486/705/491 
f 486/705/491 531/701/491 22/700/491 
f 48/702/491 46/706/491 494/707/491 
f 494/707/491 535/703/491 48/702/491 
f 20/704/491 18/708/491 487/709/491 
f 487/709/491 486/705/491 20/704/491 
f 46/706/491 44/710/491 495/711/491 
f 495/711/491 494/707/491 46/706/491 
f 18/708/491 16/712/491 511/713/491 
f 511/713/491 487/709/491 18/708/491 
f 44/710/491 42/714/491 515/715/491 
f 515/715/491 495/711/491 44/710/491 
f 16/716/491 14/717/491 525/718/491 
f 525/718/491 511/719/491 16/716/491 
f 42/714/491 40/720/491 529/721/491 
f 529/721/491 515/715/491 42/714/491 
f 14/717/491 12/722/491 539/723/491 
f 539/723/491 525/718/491 14/717/491 
f 40/720/491 38/724/491 482/725/491 
f 482/725/491 529/721/491 40/720/491 
f 3/686/491 64/660/491 490/663/491 
f 490/663/491 544/687/491 3/686/491 
f 12/722/491 10/664/491 502/667/491 
f 502/667/491 539/723/491 12/722/491 
f 38/724/491 36/668/491 483/671/491 
f 483/671/491 482/725/491 38/724/491 
f 542/726/492 528/727/493 609/728/494 
f 609/728/494 610/729/495 542/726/492 
f 481/730/496 530/731/497 611/732/498 
f 611/732/498 612/733/499 481/730/496 
f 485/734/500 532/735/501 613/736/502 
f 613/736/502 614/737/503 485/734/500 
f 489/738/504 543/739/505 615/740/506 
f 615/740/506 616/741/507 489/738/504 
f 543/739/505 534/742/508 617/743/509 
f 617/743/509 615/740/506 543/739/505 
f 493/744/510 536/745/511 618/746/512 
f 618/746/512 619/747/513 493/744/510 
f 497/748/514 538/749/515 620/750/516 
f 620/750/516 621/751/517 497/748/514 
f 501/752/518 540/753/519 622/754/520 
f 622/754/520 623/755/521 501/752/518 
f 505/756/522 542/726/492 610/729/495 
f 610/729/495 624/757/523 505/756/522 
f 484/758/524 481/730/496 612/733/499 
f 612/733/499 625/759/525 484/758/524 
f 488/760/526 485/734/500 614/737/503 
f 614/737/503 626/761/527 488/760/526 
f 492/762/528 489/738/504 616/741/507 
f 616/741/507 627/763/529 492/762/528 
f 496/764/530 493/744/510 619/747/513 
f 619/747/513 628/765/531 496/764/530 
f 500/766/532 497/748/514 621/751/517 
f 621/751/517 629/767/533 500/766/532 
f 504/768/534 501/769/518 623/770/521 
f 623/770/521 630/771/535 504/768/534 
f 508/772/536 505/756/522 624/757/523 
f 624/757/523 631/773/537 508/772/536 
f 510/774/538 484/758/524 625/759/525 
f 625/759/525 632/775/539 510/774/538 
f 512/776/540 488/760/526 626/761/527 
f 626/761/527 633/777/541 512/776/540 
f 514/778/542 492/762/528 627/763/529 
f 627/763/529 634/779/543 514/778/542 
f 516/780/544 496/764/530 628/765/531 
f 628/765/531 635/781/545 516/780/544 
f 518/782/546 500/766/532 629/767/533 
f 629/767/533 636/783/547 518/782/546 
f 520/784/548 504/768/534 630/771/535 
f 630/771/535 637/785/549 520/784/548 
f 522/786/550 508/772/536 631/773/537 
f 631/773/537 638/787/551 522/786/550 
f 524/788/552 510/774/538 632/775/539 
f 632/775/539 639/789/553 524/788/552 
f 526/790/554 512/776/540 633/777/541 
f 633/777/541 640/791/555 526/790/554 
f 528/727/493 514/778/542 634/779/543 
f 634/779/543 609/728/494 528/727/493 
f 530/731/497 516/780/544 635/781/545 
f 635/781/545 611/732/498 530/731/497 
f 532/735/501 518/782/546 636/783/547 
f 636/783/547 613/736/502 532/735/501 
f 534/742/508 520/784/548 637/785/549 
f 637/785/549 617/743/509 534/742/508 
f 536/745/511 522/786/550 638/787/551 
f 638/787/551 618/746/512 536/745/511 
f 538/749/515 524/788/552 639/789/553 
f 639/789/553 620/750/516 538/749/515 
f 540/753/519 526/790/554 640/791/555 
f 640/791/555 622/754/520 540/753/519 
f 622/754/520 640/791/555 597/792/556 
f 597/792/556 599/793/557 622/754/520 
f 620/750/516 639/789/553 579/794/558 
f 579/794/558 581/795/559 620/750/516 
f 618/746/512 638/787/551 561/796/560 
f 561/796/560 563/797/561 618/746/512 
f 617/743/509 637/785/549 605/798/562 
f 605/798/562 607/799/563 617/743/509 
f 613/736/502 636/783/547 587/800/564 
f 587/800/564 589/801/565 613/736/502 
f 611/732/498 635/781/545 569/802/566 
f 569/802/566 571/803/567 611/732/498 
f 609/728/494 634/779/543 551/804/568 
f 551/804/568 553/805/569 609/728/494 
f 640/791/555 633/777/541 595/806/570 
f 595/806/570 597/792/556 640/791/555 
f 639/789/553 632/775/539 577/807/571 
f 577/807/571 579/794/558 639/789/553 
f 638/787/551 631/773/537 559/808/572 
f 559/808/572 561/796/560 638/787/551 
f 637/785/549 630/771/535 603/809/573 
f 603/809/573 605/798/562 637/785/549 
f 636/783/547 629/767/533 585/810/574 
f 585/810/574 587/800/564 636/783/547 
f 635/781/545 628/765/531 567/811/575 
f 567/811/575 569/802/566 635/781/545 
f 634/779/543 627/763/529 549/812/576 
f 549/812/576 551/804/568 634/779/543 
f 633/777/541 626/761/527 593/813/577 
f 593/813/577 595/806/570 633/777/541 
f 632/775/539 625/759/525 575/814/578 
f 575/814/578 577/807/571 632/775/539 
f 631/773/537 624/757/523 557/815/579 
f 557/815/579 559/808/572 631/773/537 
f 630/771/535 623/770/521 601/816/580 
f 601/816/580 603/809/573 630/771/535 
f 629/767/533 621/751/517 583/817/581 
f 583/817/581 585/810/574 629/767/533 
f 628/765/531 619/747/513 565/818/582 
f 565/818/582 567/811/575 628/765/531 
f 627/763/529 616/741/507 546/819/583 
f 546/819/583 549/812/576 627/763/529 
f 626/761/527 614/737/503 591/820/584 
f 591/820/584 593/813/577 626/761/527 
f 625/759/525 612/733/499 573/821/585 
f 573/821/585 575/814/578 625/759/525 
f 624/757/523 610/729/495 555/822/586 
f 555/822/586 557/815/579 624/757/523 
f 623/755/521 622/754/520 599/793/557 
f 599/793/557 601/823/580 623/755/521 
f 621/751/517 620/750/516 581/795/559 
f 581/795/559 583/817/581 621/751/517 
f 619/747/513 618/746/512 563/797/561 
f 563/797/561 565/818/582 619/747/513 
f 615/740/506 617/743/509 607/799/563 
f 607/799/563 545/824/587 615/740/506 
f 616/741/507 615/740/506 545/824/587 
f 545/824/587 546/819/583 616/741/507 
f 614/737/503 613/736/502 589/801/565 
f 589/801/565 591/820/584 614/737/503 
f 612/733/499 611/732/498 571/803/567 
f 571/803/567 573/821/585 612/733/499 
f 610/729/495 609/728/494 553/805/569 
f 553/805/569 555/822/586 610/729/495 
f 641/825/588 642/826/589 643/827/590 
f 643/827/590 644/828/591 641/825/588 
f 645/829/592 646/830/593 647/831/594 
f 647/831/594 648/832/595 645/829/592 
f 649/833/596 650/834/597 651/835/598 
f 651/835/598 652/836/599 649/833/596 
f 653/837/600 654/838/601 655/839/602 
f 655/839/602 656/840/603 653/837/600 
f 657/841/604 658/842/605 654/838/601 
f 654/838/601 653/837/600 657/841/604 
f 659/843/606 660/844/607 661/845/608 
f 661/845/608 662/846/609 659/843/606 
f 663/847/610 664/848/611 665/849/612 
f 665/849/612 666/850/613 663/847/610 
f 667/851/614 668/852/615 669/853/616 
f 669/853/616 670/854/617 667/851/614 
f 644/828/591 643/827/590 671/855/618 
f 671/855/618 672/856/619 644/828/591 
f 648/832/595 647/831/594 673/857/620 
f 673/857/620 674/858/621 648/832/595 
f 652/836/599 651/835/598 675/859/622 
f 675/859/622 676/860/623 652/836/599 
f 656/840/603 655/839/602 677/861/624 
f 677/861/624 678/862/625 656/840/603 
f 662/846/609 661/845/608 679/863/626 
f 679/863/626 680/864/627 662/846/609 
f 666/850/613 665/849/612 681/865/628 
f 681/865/628 682/866/629 666/850/613 
f 670/867/617 669/868/616 683/869/630 
f 683/869/630 684/870/631 670/867/617 
f 672/856/619 671/855/618 685/871/632 
f 685/871/632 686/872/633 672/856/619 
f 674/858/621 673/857/620 687/873/634 
f 687/873/634 688/874/635 674/858/621 
f 676/860/623 675/859/622 689/875/636 
f 689/875/636 690/876/637 676/860/623 
f 678/862/625 677/861/624 691/877/638 
f 691/877/638 692/878/639 678/862/625 
f 680/864/627 679/863/626 693/879/640 
f 693/879/640 694/880/641 680/864/627 
f 682/866/629 681/865/628 695/881/642 
f 695/881/642 696/882/643 682/866/629 
f 684/870/631 683/869/630 697/883/644 
f 697/883/644 698/884/645 684/870/631 
f 686/872/633 685/871/632 699/885/646 
f 699/885/646 700/886/647 686/872/633 
f 688/874/635 687/873/634 701/887/648 
f 701/887/648 702/888/649 688/874/635 
f 690/876/637 689/875/636 703/889/650 
f 703/889/650 704/890/651 690/876/637 
f 692/878/639 691/877/638 642/826/589 
f 642/826/589 641/825/588 692/878/639 
f 694/880/641 693/879/640 646/830/593 
f 646/830/593 645/829/592 694/880/641 
f 696/882/643 695/881/642 650/834/597 
f 650/834/597 649/833/596 696/882/643 
f 698/884/645 697/883/644 658/842/605 
f 658/842/605 657/841/604 698/884/645 
f 700/886/647 699/885/646 660/844/607 
f 660/844/607 659/843/606 700/886/647 
f 702/888/649 701/887/648 664/848/611 
f 664/848/611 663/847/610 702/888/649 
f 704/890/651 703/889/650 668/852/615 
f 668/852/615 667/851/614 704/890/651 
f 705/891/652 704/890/651 667/851/614 
f 667/851/614 706/892/653 705/891/652 
f 707/893/654 702/888/649 663/847/610 
f 663/847/610 708/894/655 707/893/654 
f 709/895/656 700/886/647 659/843/606 
f 659/843/606 710/896/657 709/895/656 
f 711/897/658 698/884/645 657/841/604 
f 657/841/604 712/898/659 711/897/658 
f 713/899/660 696/882/643 649/833/596 
f 649/833/596 714/900/661 713/899/660 
f 715/901/662 694/880/641 645/829/592 
f 645/829/592 716/902/663 715/901/662 
f 717/903/664 692/878/639 641/825/588 
f 641/825/588 718/904/665 717/903/664 
f 719/905/666 690/876/637 704/890/651 
f 704/890/651 705/891/652 719/905/666 
f 720/906/667 688/874/635 702/888/649 
f 702/888/649 707/893/654 720/906/667 
f 721/907/668 686/872/633 700/886/647 
f 700/886/647 709/895/656 721/907/668 
f 722/908/669 684/870/631 698/884/645 
f 698/884/645 711/897/658 722/908/669 
f 723/909/670 682/866/629 696/882/643 
f 696/882/643 713/899/660 723/909/670 
f 724/910/671 680/864/627 694/880/641 
f 694/880/641 715/901/662 724/910/671 
f 725/911/672 678/862/625 692/878/639 
f 692/878/639 717/903/664 725/911/672 
f 726/912/673 676/860/623 690/876/637 
f 690/876/637 719/905/666 726/912/673 
f 727/913/674 674/858/621 688/874/635 
f 688/874/635 720/906/667 727/913/674 
f 728/914/675 672/856/619 686/872/633 
f 686/872/633 721/907/668 728/914/675 
f 729/915/676 670/867/617 684/870/631 
f 684/870/631 722/908/669 729/915/676 
f 730/916/677 666/850/613 682/866/629 
f 682/866/629 723/909/670 730/916/677 
f 731/917/678 662/846/609 680/864/627 
f 680/864/627 724/910/671 731/917/678 
f 732/918/679 656/840/603 678/862/625 
f 678/862/625 725/911/672 732/918/679 
f 733/919/680 652/836/599 676/860/623 
f 676/860/623 726/912/673 733/919/680 
f 734/920/681 648/832/595 674/858/621 
f 674/858/621 727/913/674 734/920/681 
f 735/921/682 644/828/591 672/856/619 
f 672/856/619 728/914/675 735/921/682 
f 706/892/653 667/851/614 670/854/617 
f 670/854/617 729/922/676 706/892/653 
f 708/894/655 663/847/610 666/850/613 
f 666/850/613 730/916/677 708/894/655 
f 710/896/657 659/843/606 662/846/609 
f 662/846/609 731/917/678 710/896/657 
f 712/898/659 657/841/604 653/837/600 
f 653/837/600 736/923/683 712/898/659 
f 736/923/683 653/837/600 656/840/603 
f 656/840/603 732/918/679 736/923/683 
f 714/900/661 649/833/596 652/836/599 
f 652/836/599 733/919/680 714/900/661 
f 716/902/663 645/829/592 648/832/595 
f 648/832/595 734/920/681 716/902/663 
f 718/904/665 641/825/588 644/828/591 
f 644/828/591 735/921/682 718/904/665 
f 646/924/491 693/925/684 516/926/684 
f 516/926/684 530/927/491 646/924/491 
f 679/928/685 661/929/491 493/930/491 
f 493/930/491 496/931/685 679/928/685 
f 728/932/686 721/933/687 559/934/687 
f 559/934/687 557/935/686 728/932/686 
f 647/936/688 646/924/491 530/927/491 
f 530/927/491 481/937/688 647/936/688 
f 693/925/684 679/928/685 496/931/685 
f 496/931/685 516/926/684 693/925/684 
f 721/933/687 709/938/689 561/939/689 
f 561/939/689 559/934/687 721/933/687 
f 673/940/688 647/936/688 481/937/688 
f 481/937/688 484/941/688 673/940/688 
f 664/942/688 701/943/491 524/944/491 
f 524/944/491 538/945/688 664/942/688 
f 709/938/689 710/946/687 563/947/687 
f 563/947/687 561/939/689 709/938/689 
f 701/943/491 687/948/491 510/949/491 
f 510/949/491 524/944/491 701/943/491 
f 665/950/491 664/942/688 538/945/688 
f 538/945/688 497/951/491 665/950/491 
f 710/946/687 731/952/686 565/953/686 
f 565/953/686 563/947/687 710/946/687 
f 681/954/491 665/950/491 497/951/491 
f 497/951/491 500/955/491 681/954/491 
f 651/956/690 650/957/691 532/958/691 
f 532/958/691 485/959/690 651/956/690 
f 731/952/686 724/960/692 567/961/692 
f 567/961/692 565/953/686 731/952/686 
f 650/957/691 695/962/691 518/963/691 
f 518/963/691 532/958/691 650/957/691 
f 675/964/693 651/956/690 485/959/690 
f 485/959/690 488/965/693 675/964/693 
f 724/960/692 715/966/687 569/967/687 
f 569/967/687 567/961/692 724/960/692 
f 703/968/491 689/969/690 512/970/690 
f 512/970/690 526/971/491 703/968/491 
f 689/969/690 675/964/693 488/965/693 
f 488/965/693 512/970/690 689/969/690 
f 715/966/687 716/972/687 571/973/687 
f 571/973/687 569/967/687 715/966/687 
f 669/974/491 668/975/491 540/976/491 
f 540/976/491 501/977/491 669/974/491 
f 716/972/687 734/978/694 573/979/694 
f 573/979/694 571/973/687 716/972/687 
f 683/980/491 669/981/491 501/982/491 
f 501/982/491 504/983/491 683/980/491 
f 734/978/694 727/984/694 575/985/694 
f 575/985/694 573/979/694 734/978/694 
f 727/984/694 720/986/695 577/987/695 
f 577/987/695 575/985/694 727/984/694 
f 655/988/685 654/989/491 543/990/491 
f 543/990/491 489/991/685 655/988/685 
f 720/986/695 707/992/686 579/993/686 
f 579/993/686 577/987/695 720/986/695 
f 642/994/688 691/995/491 514/996/491 
f 514/996/491 528/997/688 642/994/688 
f 707/992/686 708/998/686 581/999/686 
f 581/999/686 579/993/686 707/992/686 
f 643/1000/696 642/994/688 528/997/688 
f 528/997/688 542/1001/696 643/1000/696 
f 708/998/686 730/1002/686 583/1003/686 
f 583/1003/686 581/999/686 708/998/686 
f 671/1004/690 643/1000/696 542/1001/696 
f 542/1001/696 505/1005/690 671/1004/690 
f 730/1002/686 723/1006/697 585/1007/697 
f 585/1007/697 583/1003/686 730/1002/686 
f 685/1008/691 671/1004/690 505/1005/690 
f 505/1005/690 508/1009/691 685/1008/691 
f 723/1006/697 713/1010/698 587/1011/698 
f 587/1011/698 585/1007/697 723/1006/697 
f 687/948/491 673/940/688 484/941/688 
f 484/941/688 510/949/491 687/948/491 
f 713/1010/698 714/1012/686 589/1013/686 
f 589/1013/686 587/1011/698 713/1010/698 
f 695/962/691 681/954/491 500/955/491 
f 500/955/491 518/963/691 695/962/691 
f 714/1012/686 733/1014/699 591/1015/699 
f 591/1015/699 589/1013/686 714/1012/686 
f 668/975/491 703/968/491 526/971/491 
f 526/971/491 540/976/491 668/975/491 
f 733/1014/699 726/1016/689 593/1017/689 
f 593/1017/689 591/1015/699 733/1014/699 
f 697/1018/685 683/980/491 504/983/491 
f 504/983/491 520/1019/685 697/1018/685 
f 726/1016/689 719/1020/699 595/1021/699 
f 595/1021/699 593/1017/689 726/1016/689 
f 658/1022/491 697/1018/685 520/1019/685 
f 520/1019/685 534/1023/491 658/1022/491 
f 719/1020/699 705/1024/686 597/1025/686 
f 597/1025/686 595/1021/699 719/1020/699 
f 654/989/491 658/1022/491 534/1023/491 
f 534/1023/491 543/990/491 654/989/491 
f 705/1024/686 706/1026/700 599/1027/700 
f 599/1027/700 597/1025/686 705/1024/686 
f 736/1028/701 732/1029/702 546/1030/702 
f 546/1030/702 545/1031/701 736/1028/701 
f 677/1032/685 655/988/685 489/991/685 
f 489/991/685 492/1033/685 677/1032/685 
f 706/1026/700 729/1034/697 601/1035/697 
f 601/1035/697 599/1027/700 706/1026/700 
f 732/1029/702 725/1036/702 549/1037/702 
f 549/1037/702 546/1030/702 732/1029/702 
f 691/995/491 677/1032/685 492/1033/685 
f 492/1033/685 514/996/491 691/995/491 
f 729/1038/697 722/1039/697 603/1040/697 
f 603/1040/697 601/1041/697 729/1038/697 
f 725/1036/702 717/1042/687 551/1043/687 
f 551/1043/687 549/1037/702 725/1036/702 
f 699/1044/691 685/1008/691 508/1009/691 
f 508/1009/691 522/1045/691 699/1044/691 
f 722/1039/697 711/1046/686 605/1047/686 
f 605/1047/686 603/1040/697 722/1039/697 
f 717/1042/687 718/1048/687 553/1049/687 
f 553/1049/687 551/1043/687 717/1042/687 
f 660/1050/491 699/1044/691 522/1045/691 
f 522/1045/691 536/1051/491 660/1050/491 
f 711/1046/686 712/1052/686 607/1053/686 
f 607/1053/686 605/1047/686 711/1046/686 
f 718/1048/687 735/1054/703 555/1055/703 
f 555/1055/703 553/1049/687 718/1048/687 
f 661/929/491 660/1050/491 536/1051/491 
f 536/1051/491 493/930/491 661/929/491 
f 712/1052/686 736/1028/701 545/1031/701 
f 545/1031/701 607/1053/686 712/1052/686 
f 735/1054/703 728/932/686 557/935/686 
f 557/935/686 555/1055/703 735/1054/703 
f 737/1056/704 738/1057/705 739/1058/706 
f 739/1058/706 740/1059/707 737/1056/704 
f 741/1060/708 742/1061/709 743/1062/710 
f 743/1062/710 744/1063/711 741/1060/708 
f 745/1064/712 746/1065/713 747/1066/714 
f 747/1066/714 748/1067/715 745/1064/712 
f 749/1068/716 750/1069/717 751/1070/718 
f 751/1070/718 752/1071/719 749/1068/716 
f 753/1072/720 754/1073/721 755/1074/722 
f 755/1074/722 756/1075/723 753/1072/720 
f 757/1076/724 758/1077/725 759/1078/726 
f 759/1078/726 760/1079/727 757/1076/724 
f 757/1080/728 760/1081/729 751/1070/718 
f 751/1070/718 761/1082/730 757/1080/728 
f 757/1083/731 761/1084/732 739/1058/706 
f 739/1058/706 758/1085/733 757/1083/731 
f 762/1086/734 763/1087/735 764/1088/736 
f 764/1088/736 765/1089/737 762/1086/734 
f 762/1086/738 765/1089/739 741/1060/708 
f 741/1060/708 766/1090/740 762/1086/738 
f 762/1086/741 766/1090/742 752/1071/719 
f 752/1071/719 763/1091/743 762/1086/741 
f 767/1092/744 768/1093/745 745/1064/712 
f 745/1064/712 769/1094/746 767/1092/744 
f 767/1095/747 769/1096/748 740/1059/707 
f 740/1059/707 770/1097/749 767/1095/747 
f 767/1098/750 770/1099/751 750/1069/717 
f 750/1069/717 768/1100/752 767/1098/750 
f 771/1101/753 772/1102/754 746/1065/713 
f 746/1065/713 773/1103/755 771/1101/753 
f 771/1101/756 773/1104/757 749/1068/716 
f 749/1068/716 774/1105/758 771/1101/756 
f 771/1101/759 774/1105/760 744/1063/711 
f 744/1063/711 772/1102/761 771/1101/759 
f 775/1106/762 776/1107/763 756/1075/723 
f 756/1075/723 777/1108/764 775/1106/762 
f 775/1109/765 777/1110/766 778/1111/767 
f 778/1111/767 779/1112/768 775/1109/765 
f 775/1113/769 779/1114/770 738/1057/705 
f 738/1057/705 776/1115/771 775/1113/769 
f 780/1116/772 781/1117/773 755/1074/722 
f 755/1074/722 782/1118/774 780/1116/772 
f 780/1116/775 782/1118/776 742/1061/709 
f 742/1061/709 783/1119/777 780/1116/775 
f 780/1116/778 783/1119/779 784/1120/780 
f 784/1120/780 781/1121/781 780/1116/778 
f 785/1122/782 786/1123/783 753/1072/720 
f 753/1072/720 787/1124/784 785/1122/782 
f 785/1125/785 787/1126/786 737/1056/704 
f 737/1056/704 788/1127/787 785/1125/785 
f 785/1128/788 788/1129/789 748/1067/715 
f 748/1067/715 786/1130/790 785/1128/788 
f 789/1131/791 790/1132/792 754/1073/721 
f 754/1073/721 791/1133/793 789/1131/791 
f 789/1131/794 791/1134/795 747/1066/714 
f 747/1066/714 792/1135/796 789/1131/794 
f 789/1131/797 792/1135/798 743/1062/710 
f 743/1062/710 790/1132/799 789/1131/797 
f 763/1087/735 760/1079/727 759/1078/726 
f 759/1078/726 764/1088/736 763/1087/735 
f 752/1071/719 751/1070/718 760/1081/729 
f 760/1081/729 763/1091/743 752/1071/719 
f 773/1104/757 768/1100/752 750/1069/717 
f 750/1069/717 749/1068/716 773/1104/757 
f 746/1065/713 745/1064/712 768/1093/745 
f 768/1093/745 773/1103/755 746/1065/713 
f 774/1105/760 766/1090/740 741/1060/708 
f 741/1060/708 744/1063/711 774/1105/760 
f 749/1068/716 752/1071/719 766/1090/742 
f 766/1090/742 774/1105/758 749/1068/716 
f 770/1099/751 761/1082/730 751/1070/718 
f 751/1070/718 750/1069/717 770/1099/751 
f 740/1059/707 739/1058/706 761/1084/732 
f 761/1084/732 770/1097/749 740/1059/707 
f 781/1117/773 777/1108/764 756/1075/723 
f 756/1075/723 755/1074/722 781/1117/773 
f 784/1120/780 778/1111/767 777/1110/766 
f 777/1110/766 781/1121/781 784/1120/780 
f 758/1077/725 779/1112/768 778/1111/767 
f 778/1111/767 759/1078/726 758/1077/725 
f 739/1058/706 738/1057/705 779/1114/770 
f 779/1114/770 758/1085/733 739/1058/706 
f 765/1089/739 783/1119/777 742/1061/709 
f 742/1061/709 741/1060/708 765/1089/739 
f 764/1088/736 784/1120/780 783/1119/779 
f 783/1119/779 765/1089/737 764/1088/736 
f 791/1134/795 786/1130/790 748/1067/715 
f 748/1067/715 747/1066/714 791/1134/795 
f 754/1073/721 753/1072/720 786/1123/783 
f 786/1123/783 791/1133/793 754/1073/721 
f 769/1096/748 788/1127/787 737/1056/704 
f 737/1056/704 740/1059/707 769/1096/748 
f 745/1064/712 748/1067/715 788/1129/789 
f 788/1129/789 769/1094/746 745/1064/712 
f 772/1102/754 792/1135/796 747/1066/714 
f 747/1066/714 746/1065/713 772/1102/754 
f 744/1063/711 743/1062/710 792/1135/798 
f 792/1135/798 772/1102/761 744/1063/711 
f 790/1132/792 782/1118/774 755/1074/722 
f 755/1074/722 754/1073/721 790/1132/792 
f 743/1062/710 742/1061/709 782/1118/776 
f 782/1118/776 790/1132/799 743/1062/710 
f 787/1126/786 776/1115/771 738/1057/705 
f 738/1057/705 737/1056/704 787/1126/786 
f 753/1072/720 756/1075/723 776/1107/763 
f 776/1107/763 787/1124/784 753/1072/720 
f 784/1120/780 764/1088/736 759/1078/726 
f 759/1078/726 778/1111/767 784/1120/780 
f 793/1136/800 794/1137/801 795/1138/802 
f 795/1138/802 796/1139/803 793/1136/800 
f 797/1140/804 798/1141/805 799/1142/491 
f 800/1143/806 801/1144/807 802/1145/808 
f 802/1145/808 803/1146/809 800/1143/806 
f 804/1147/810 805/1148/811 806/1149/812 
f 806/1149/812 807/1150/813 804/1147/810 
f 808/1151/814 809/1152/815 810/1153/816 
f 810/1153/816 801/1144/807 808/1151/814 
f 811/1154/817 812/1155/818 813/1156/819 
f 813/1156/819 814/1157/820 811/1154/817 
f 815/1158/821 816/1159/822 817/1160/823 
f 817/1160/823 818/1161/824 815/1158/821 
f 819/1162/825 820/1163/826 808/1151/814 
f 808/1151/814 821/1164/827 819/1162/825 
f 822/1165/828 823/1166/829 799/1142/491 
f 824/1167/830 812/1155/818 811/1154/817 
f 811/1154/817 825/1168/831 824/1167/830 
f 817/1160/823 826/1169/832 827/1170/833 
f 827/1170/833 818/1161/824 817/1160/823 
f 804/1147/810 828/1171/834 829/1172/835 
f 829/1172/835 805/1148/811 804/1147/810 
f 824/1167/830 830/1173/836 831/1174/837 
f 831/1174/837 812/1155/818 824/1167/830 
f 810/1153/816 809/1152/815 828/1171/834 
f 828/1171/834 804/1147/810 810/1153/816 
f 832/1175/838 833/1176/839 816/1159/822 
f 816/1159/822 815/1158/821 832/1175/838 
f 834/1177/840 835/1178/841 836/1179/842 
f 836/1179/842 819/1162/825 834/1177/840 
f 837/1180/843 838/1181/844 829/1172/835 
f 829/1172/835 828/1171/834 837/1180/843 
f 820/1163/826 839/1182/845 840/1183/846 
f 840/1183/846 841/1184/847 820/1163/826 
f 831/1174/837 842/1185/848 835/1178/841 
f 835/1178/841 834/1177/840 831/1174/837 
f 843/1186/849 822/1165/828 799/1142/491 
f 830/1173/836 844/1187/850 842/1185/848 
f 842/1185/848 831/1174/837 830/1173/836 
f 841/1184/847 837/1180/843 828/1171/834 
f 828/1171/834 809/1152/815 841/1184/847 
f 836/1179/842 839/1182/845 820/1163/826 
f 820/1163/826 819/1162/825 836/1179/842 
f 840/1183/846 845/1188/851 846/1189/852 
f 846/1189/852 847/1190/853 840/1183/846 
f 835/1178/841 848/1191/854 849/1192/855 
f 849/1192/855 836/1179/842 835/1178/841 
f 837/1180/843 847/1190/853 850/1193/856 
f 850/1193/856 838/1181/844 837/1180/843 
f 851/1194/857 845/1188/851 840/1183/846 
f 840/1183/846 839/1182/845 851/1194/857 
f 852/1195/858 843/1186/849 799/1142/491 
f 844/1187/850 853/1196/859 854/1197/860 
f 854/1197/860 842/1185/848 844/1187/850 
f 841/1184/847 840/1183/846 847/1190/853 
f 847/1190/853 837/1180/843 841/1184/847 
f 836/1179/842 849/1192/855 851/1194/857 
f 851/1194/857 839/1182/845 836/1179/842 
f 855/1198/861 856/1199/862 848/1191/854 
f 848/1191/854 854/1197/860 855/1198/861 
f 848/1191/854 856/1199/862 857/1200/863 
f 857/1200/863 849/1192/855 848/1191/854 
f 847/1190/853 846/1189/852 858/1201/864 
f 858/1201/864 850/1193/856 847/1190/853 
f 851/1194/857 859/1202/865 860/1203/866 
f 860/1203/866 845/1188/851 851/1194/857 
f 861/1204/867 852/1195/858 799/1142/491 
f 853/1196/859 862/1205/868 855/1198/861 
f 855/1198/861 854/1197/860 853/1196/859 
f 813/1156/819 821/1164/827 800/1143/806 
f 800/1143/806 814/1157/820 813/1156/819 
f 849/1192/855 857/1200/863 859/1202/865 
f 859/1202/865 851/1194/857 849/1192/855 
f 855/1198/861 832/1175/838 815/1158/821 
f 815/1158/821 856/1199/862 855/1198/861 
f 815/1158/821 818/1161/824 857/1200/863 
f 857/1200/863 856/1199/862 815/1158/821 
f 846/1189/852 863/1206/869 864/1207/870 
f 864/1207/870 858/1201/864 846/1189/852 
f 859/1202/865 827/1170/833 865/1208/871 
f 865/1208/871 860/1203/866 859/1202/865 
f 866/1209/872 861/1204/867 799/1142/491 
f 862/1205/868 867/1210/873 832/1175/838 
f 832/1175/838 855/1198/861 862/1205/868 
f 860/1203/866 863/1206/869 846/1189/852 
f 846/1189/852 845/1188/851 860/1203/866 
f 857/1200/863 818/1161/824 827/1170/833 
f 827/1170/833 859/1202/865 857/1200/863 
f 868/1211/874 869/1212/875 870/1213/876 
f 870/1213/876 871/1214/877 868/1211/874 
f 871/1214/877 870/1213/876 872/1215/878 
f 872/1215/878 873/1216/879 871/1214/877 
f 874/1217/880 875/1218/881 864/1207/870 
f 864/1207/870 863/1206/869 874/1217/880 
f 827/1170/833 826/1169/832 876/1219/882 
f 876/1219/882 865/1208/871 827/1170/833 
f 877/1220/883 866/1209/872 799/1142/491 
f 867/1210/873 878/1221/884 833/1176/839 
f 833/1176/839 832/1175/838 867/1210/873 
f 860/1203/866 865/1208/871 874/1217/880 
f 874/1217/880 863/1206/869 860/1203/866 
f 795/1138/802 879/1222/885 880/1223/886 
f 880/1223/886 881/1224/887 795/1138/802 
f 833/1225/839 882/1226/888 883/1227/889 
f 883/1227/889 816/1228/822 833/1225/839 
f 816/1228/822 883/1227/889 884/1229/890 
f 884/1229/890 817/1230/823 816/1228/822 
f 874/1217/880 885/1231/891 886/1232/892 
f 886/1232/892 875/1218/881 874/1217/880 
f 826/1233/832 887/1234/893 888/1235/894 
f 888/1235/894 876/1236/882 826/1233/832 
f 889/1237/895 877/1220/883 799/1142/491 
f 883/1227/889 890/1238/896 891/1239/897 
f 891/1239/897 884/1229/890 883/1227/889 
f 885/1240/891 892/1241/898 893/1242/899 
f 893/1242/899 886/1243/892 885/1240/891 
f 887/1234/893 894/1244/900 895/1245/901 
f 895/1245/901 888/1235/894 887/1234/893 
f 882/1226/888 896/1246/902 890/1238/896 
f 890/1238/896 883/1227/889 882/1226/888 
f 897/1247/903 882/1226/888 833/1225/839 
f 833/1225/839 878/1248/884 897/1247/903 
f 865/1208/871 876/1219/882 885/1231/891 
f 885/1231/891 874/1217/880 865/1208/871 
f 817/1230/823 884/1229/890 887/1234/893 
f 887/1234/893 826/1233/832 817/1230/823 
f 898/1249/904 889/1237/895 799/1142/491 
f 897/1247/903 899/1250/905 896/1246/902 
f 896/1246/902 882/1226/888 897/1247/903 
f 876/1236/882 888/1235/894 892/1241/898 
f 892/1241/898 885/1240/891 876/1236/882 
f 884/1229/890 891/1239/897 894/1244/900 
f 894/1244/900 887/1234/893 884/1229/890 
f 896/1246/902 900/1251/906 901/1252/907 
f 901/1252/907 890/1238/896 896/1246/902 
f 890/1238/896 901/1252/907 902/1253/908 
f 902/1253/908 891/1239/897 890/1238/896 
f 892/1241/898 903/1254/909 904/1255/910 
f 904/1255/910 893/1242/899 892/1241/898 
f 894/1244/900 905/1256/911 906/1257/912 
f 906/1257/912 895/1245/901 894/1244/900 
f 907/1258/913 898/1249/904 799/1142/491 
f 899/1250/905 908/1259/914 900/1251/906 
f 900/1251/906 896/1246/902 899/1250/905 
f 888/1235/894 895/1245/901 903/1254/909 
f 903/1254/909 892/1241/898 888/1235/894 
f 891/1239/897 902/1253/908 905/1256/911 
f 905/1256/911 894/1244/900 891/1239/897 
f 900/1251/906 909/1260/915 910/1261/916 
f 910/1261/916 901/1252/907 900/1251/906 
f 901/1252/907 910/1261/916 911/1262/917 
f 911/1262/917 902/1253/908 901/1252/907 
f 903/1254/909 912/1263/918 913/1264/919 
f 913/1264/919 904/1255/910 903/1254/909 
f 905/1256/911 914/1265/920 915/1266/921 
f 915/1266/921 906/1257/912 905/1256/911 
f 916/1267/922 907/1258/913 799/1142/491 
f 908/1259/914 917/1268/923 909/1260/915 
f 909/1260/915 900/1251/906 908/1259/914 
f 895/1245/901 906/1257/912 912/1263/918 
f 912/1263/918 903/1254/909 895/1245/901 
f 902/1253/908 911/1262/917 914/1265/920 
f 914/1265/920 905/1256/911 902/1253/908 
f 909/1260/915 918/1269/924 919/1270/925 
f 919/1270/925 910/1261/916 909/1260/915 
f 910/1261/916 919/1270/925 920/1271/926 
f 920/1271/926 911/1262/917 910/1261/916 
f 912/1263/918 921/1272/927 922/1273/928 
f 922/1273/928 913/1264/919 912/1263/918 
f 914/1265/920 923/1274/929 924/1275/930 
f 924/1275/930 915/1266/921 914/1265/920 
f 916/1267/922 799/1142/491 925/1276/931 
f 926/1277/932 925/1276/931 799/1142/491 
f 906/1257/912 915/1266/921 921/1272/927 
f 921/1272/927 912/1263/918 906/1257/912 
f 911/1262/917 920/1271/926 923/1274/929 
f 923/1274/929 914/1265/920 911/1262/917 
f 918/1269/924 927/1278/933 928/1279/934 
f 928/1279/934 919/1270/925 918/1269/924 
f 919/1270/925 928/1279/934 929/1280/935 
f 929/1280/935 920/1271/926 919/1270/925 
f 921/1272/927 930/1281/936 931/1282/937 
f 931/1282/937 922/1273/928 921/1272/927 
f 923/1274/929 932/1283/938 933/1284/939 
f 933/1284/939 924/1275/930 923/1274/929 
f 934/1285/940 918/1269/924 909/1260/915 
f 909/1260/915 917/1268/923 934/1285/940 
f 934/1285/940 935/1286/941 927/1278/933 
f 927/1278/933 918/1269/924 934/1285/940 
f 915/1266/921 924/1275/930 930/1281/936 
f 930/1281/936 921/1272/927 915/1266/921 
f 920/1271/926 929/1280/935 932/1283/938 
f 932/1283/938 923/1274/929 920/1271/926 
f 927/1278/933 936/1287/942 937/1288/943 
f 937/1288/943 928/1279/934 927/1278/933 
f 928/1279/934 937/1288/943 938/1289/944 
f 938/1289/944 929/1280/935 928/1279/934 
f 930/1281/936 939/1290/945 940/1291/946 
f 940/1291/946 931/1282/937 930/1281/936 
f 932/1283/938 941/1292/947 942/1293/948 
f 942/1293/948 933/1284/939 932/1283/938 
f 943/1294/949 926/1277/932 799/1142/491 
f 935/1286/941 944/1295/950 936/1287/942 
f 936/1287/942 927/1278/933 935/1286/941 
f 924/1275/930 933/1284/939 939/1290/945 
f 939/1290/945 930/1281/936 924/1275/930 
f 929/1280/935 938/1289/944 941/1292/947 
f 941/1292/947 932/1283/938 929/1280/935 
f 936/1287/942 881/1224/887 880/1223/886 
f 880/1223/886 937/1288/943 936/1287/942 
f 937/1288/943 880/1223/886 868/1211/874 
f 868/1211/874 938/1289/944 937/1288/943 
f 939/1290/945 945/1296/951 946/1297/952 
f 946/1297/952 940/1291/946 939/1290/945 
f 941/1292/947 871/1214/877 873/1216/879 
f 873/1216/879 942/1293/948 941/1292/947 
f 947/1298/953 943/1294/949 799/1142/491 
f 944/1295/950 948/1299/954 881/1224/887 
f 881/1224/887 936/1287/942 944/1295/950 
f 933/1284/939 942/1293/948 945/1296/951 
f 945/1296/951 939/1290/945 933/1284/939 
f 938/1289/944 868/1211/874 871/1214/877 
f 871/1214/877 941/1292/947 938/1289/944 
f 880/1223/886 879/1222/885 869/1212/875 
f 869/1212/875 868/1211/874 880/1223/886 
f 820/1163/826 841/1184/847 809/1152/815 
f 809/1152/815 808/1151/814 820/1163/826 
f 945/1296/951 949/1300/955 950/1301/956 
f 950/1301/956 946/1297/952 945/1296/951 
f 834/1177/840 819/1162/825 821/1164/827 
f 821/1164/827 813/1156/819 834/1177/840 
f 947/1298/953 799/1142/491 951/1302/957 
f 796/1139/803 795/1138/802 881/1224/887 
f 881/1224/887 948/1299/954 796/1139/803 
f 942/1293/948 873/1216/879 949/1300/955 
f 949/1300/955 945/1296/951 942/1293/948 
f 812/1155/818 831/1174/837 834/1177/840 
f 834/1177/840 813/1156/819 812/1155/818 
f 794/1137/801 952/1303/958 879/1222/885 
f 879/1222/885 795/1138/802 794/1137/801 
f 952/1303/958 803/1146/809 869/1212/875 
f 869/1212/875 879/1222/885 952/1303/958 
f 949/1300/955 953/1304/959 954/1305/960 
f 954/1305/960 950/1301/956 949/1300/955 
f 870/1213/876 802/1145/808 955/1306/961 
f 955/1306/961 872/1215/878 870/1213/876 
f 798/1141/805 951/1302/957 799/1142/491 
f 811/1154/817 814/1157/820 952/1303/958 
f 952/1303/958 794/1137/801 811/1154/817 
f 807/1150/813 806/1149/812 954/1305/960 
f 954/1305/960 953/1304/959 807/1150/813 
f 956/1307/962 825/1168/831 793/1136/800 
f 793/1136/800 957/1308/963 956/1307/962 
f 800/1143/806 821/1164/827 808/1151/814 
f 808/1151/814 801/1144/807 800/1143/806 
f 858/1309/686 958/1310/686 850/1311/686 
f 872/1215/878 953/1304/959 949/1300/955 
f 949/1300/955 873/1216/879 872/1215/878 
f 803/1146/809 802/1145/808 870/1213/876 
f 870/1213/876 869/1212/875 803/1146/809 
f 797/1140/804 799/1142/491 823/1166/829 
f 955/1306/961 807/1150/813 953/1304/959 
f 953/1304/959 872/1215/878 955/1306/961 
f 814/1157/820 800/1143/806 803/1146/809 
f 803/1146/809 952/1303/958 814/1157/820 
f 810/1153/816 804/1147/810 807/1150/813 
f 807/1150/813 955/1306/961 810/1153/816 
f 801/1144/807 810/1153/816 955/1306/961 
f 955/1306/961 802/1145/808 801/1144/807 
f 823/1166/829 956/1312/962 957/1313/963 
f 957/1313/963 797/1140/804 823/1166/829 
f 959/1314/964 844/1187/850 830/1173/836 
f 830/1173/836 960/1315/965 959/1314/964 
f 852/1195/858 959/1316/964 960/1317/965 
f 960/1317/965 843/1186/849 852/1195/858 
f 961/1318/966 878/1221/884 867/1210/873 
f 867/1210/873 962/1319/967 961/1318/966 
f 889/1237/895 961/1320/966 962/1321/967 
f 962/1321/967 877/1220/883 889/1237/895 
f 963/1322/968 917/1268/923 908/1259/914 
f 908/1259/914 964/1323/969 963/1322/968 
f 925/1276/931 963/1324/968 964/1325/969 
f 964/1325/969 916/1267/922 925/1276/931 
f 965/1326/970 948/1299/954 944/1295/950 
f 944/1295/950 966/1327/971 965/1326/970 
f 951/1302/957 965/1328/970 966/1329/971 
f 966/1329/971 947/1298/953 951/1302/957 
f 797/1140/804 957/1313/963 967/1330/972 
f 967/1330/972 798/1141/805 797/1140/804 
f 957/1308/963 793/1136/800 796/1139/803 
f 796/1139/803 967/1331/972 957/1308/963 
f 964/1323/969 908/1259/914 899/1250/905 
f 899/1250/905 968/1332/973 964/1323/969 
f 916/1267/922 964/1325/969 968/1333/973 
f 968/1333/973 907/1258/913 916/1267/922 
f 966/1327/971 944/1295/950 935/1286/941 
f 935/1286/941 969/1334/974 966/1327/971 
f 947/1298/953 966/1329/971 969/1335/974 
f 969/1335/974 943/1294/949 947/1298/953 
f 960/1315/965 830/1173/836 824/1167/830 
f 824/1167/830 970/1336/975 960/1315/965 
f 843/1186/849 960/1317/965 970/1337/975 
f 970/1337/975 822/1165/828 843/1186/849 
f 962/1319/967 867/1210/873 862/1205/868 
f 862/1205/868 971/1338/976 962/1319/967 
f 877/1220/883 962/1321/967 971/1339/976 
f 971/1339/976 866/1209/872 877/1220/883 
f 968/1332/973 899/1250/905 897/1247/903 
f 897/1247/903 972/1340/977 968/1332/973 
f 907/1258/913 968/1333/973 972/1341/977 
f 972/1341/977 898/1249/904 907/1258/913 
f 969/1334/974 935/1286/941 934/1285/940 
f 934/1285/940 973/1342/978 969/1334/974 
f 943/1294/949 969/1335/974 973/1343/978 
f 973/1343/978 926/1277/932 943/1294/949 
f 971/1338/976 862/1205/868 853/1196/859 
f 853/1196/859 974/1344/979 971/1338/976 
f 866/1209/872 971/1339/976 974/1345/979 
f 974/1345/979 861/1204/867 866/1209/872 
f 970/1336/975 824/1167/830 825/1168/831 
f 825/1168/831 956/1307/962 970/1336/975 
f 822/1165/828 970/1337/975 956/1312/962 
f 956/1312/962 823/1166/829 822/1165/828 
f 972/1340/977 897/1247/903 878/1248/884 
f 878/1248/884 961/1346/966 972/1340/977 
f 898/1249/904 972/1341/977 961/1320/966 
f 961/1320/966 889/1237/895 898/1249/904 
f 973/1342/978 934/1285/940 917/1268/923 
f 917/1268/923 963/1322/968 973/1342/978 
f 926/1277/932 973/1343/978 963/1324/968 
f 963/1324/968 925/1276/931 926/1277/932 
f 967/1331/972 796/1139/803 948/1299/954 
f 948/1299/954 965/1326/970 967/1331/972 
f 798/1141/805 967/1330/972 965/1328/970 
f 965/1328/970 951/1302/957 798/1141/805 
f 974/1344/979 853/1196/859 844/1187/850 
f 844/1187/850 959/1314/964 974/1344/979 
f 861/1204/867 974/1345/979 959/1316/964 
f 959/1316/964 852/1195/858 861/1204/867 
f 825/1168/831 811/1154/817 794/1137/801 
f 794/1137/801 793/1136/800 825/1168/831 
f 864/1347/686 875/1348/686 958/1310/686 
f 922/1349/686 958/1310/686 913/1350/686 
f 946/1351/686 958/1310/686 940/1352/686 
f 893/1353/686 958/1310/686 886/1354/686 
f 886/1354/686 958/1310/686 875/1348/686 
f 806/1355/686 958/1310/686 954/1356/686 
f 850/1311/686 958/1310/686 838/1357/686 
f 805/1358/686 958/1310/686 806/1355/686 
f 864/1347/686 958/1310/686 858/1309/686 
f 940/1352/686 958/1310/686 931/1359/686 
f 838/1357/686 958/1310/686 829/1360/686 
f 950/1361/686 958/1310/686 946/1351/686 
f 829/1360/686 958/1310/686 805/1358/686 
f 913/1350/686 958/1310/686 904/1362/686 
f 904/1362/686 958/1310/686 893/1353/686 
f 954/1356/686 958/1310/686 950/1361/686 
f 931/1359/686 958/1310/686 922/1349/686 
f 842/1185/848 854/1197/860 848/1191/854 
f 848/1191/854 835/1178/841 842/1185/848 
f 975/1136/800 976/1137/801 977/1138/802 
f 977/1138/802 978/1139/803 975/1136/800 
f 979/1140/804 980/1141/805 981/1142/491 
f 982/1143/806 983/1144/807 984/1145/808 
f 984/1145/808 985/1146/809 982/1143/806 
f 986/1147/810 987/1148/811 988/1149/812 
f 988/1149/812 989/1150/813 986/1147/810 
f 990/1151/814 991/1152/815 992/1153/816 
f 992/1153/816 983/1144/807 990/1151/814 
f 993/1154/817 994/1155/818 995/1156/819 
f 995/1156/819 996/1157/820 993/1154/817 
f 997/1158/821 998/1159/822 999/1160/823 
f 999/1160/823 1000/1161/824 997/1158/821 
f 1001/1162/825 1002/1163/826 990/1151/814 
f 990/1151/814 1003/1164/827 1001/1162/825 
f 1004/1165/828 1005/1166/829 981/1142/491 
f 1006/1167/830 994/1155/818 993/1154/817 
f 993/1154/817 1007/1168/831 1006/1167/830 
f 999/1160/823 1008/1169/832 1009/1170/833 
f 1009/1170/833 1000/1161/824 999/1160/823 
f 986/1147/810 1010/1171/834 1011/1172/835 
f 1011/1172/835 987/1148/811 986/1147/810 
f 1006/1167/830 1012/1173/836 1013/1174/837 
f 1013/1174/837 994/1155/818 1006/1167/830 
f 992/1153/816 991/1152/815 1010/1171/834 
f 1010/1171/834 986/1147/810 992/1153/816 
f 1014/1175/838 1015/1176/839 998/1159/822 
f 998/1159/822 997/1158/821 1014/1175/838 
f 1016/1177/840 1017/1178/841 1018/1179/842 
f 1018/1179/842 1001/1162/825 1016/1177/840 
f 1019/1180/843 1020/1181/844 1011/1172/835 
f 1011/1172/835 1010/1171/834 1019/1180/843 
f 1002/1163/826 1021/1182/845 1022/1183/846 
f 1022/1183/846 1023/1184/847 1002/1163/826 
f 1013/1174/837 1024/1185/848 1017/1178/841 
f 1017/1178/841 1016/1177/840 1013/1174/837 
f 1025/1186/849 1004/1165/828 981/1142/491 
f 1012/1173/836 1026/1187/850 1024/1185/848 
f 1024/1185/848 1013/1174/837 1012/1173/836 
f 1023/1184/847 1019/1180/843 1010/1171/834 
f 1010/1171/834 991/1152/815 1023/1184/847 
f 1018/1179/842 1021/1182/845 1002/1163/826 
f 1002/1163/826 1001/1162/825 1018/1179/842 
f 1022/1183/846 1027/1188/851 1028/1189/852 
f 1028/1189/852 1029/1190/853 1022/1183/846 
f 1017/1178/841 1030/1191/854 1031/1192/855 
f 1031/1192/855 1018/1179/842 1017/1178/841 
f 1019/1180/843 1029/1190/853 1032/1193/856 
f 1032/1193/856 1020/1181/844 1019/1180/843 
f 1033/1194/857 1027/1188/851 1022/1183/846 
f 1022/1183/846 1021/1182/845 1033/1194/857 
f 1034/1195/858 1025/1186/849 981/1142/491 
f 1026/1187/850 1035/1196/859 1036/1197/860 
f 1036/1197/860 1024/1185/848 1026/1187/850 
f 1023/1184/847 1022/1183/846 1029/1190/853 
f 1029/1190/853 1019/1180/843 1023/1184/847 
f 1018/1179/842 1031/1192/855 1033/1194/857 
f 1033/1194/857 1021/1182/845 1018/1179/842 
f 1037/1198/861 1038/1199/862 1030/1191/854 
f 1030/1191/854 1036/1197/860 1037/1198/861 
f 1030/1191/854 1038/1199/862 1039/1200/863 
f 1039/1200/863 1031/1192/855 1030/1191/854 
f 1029/1190/853 1028/1189/852 1040/1201/864 
f 1040/1201/864 1032/1193/856 1029/1190/853 
f 1033/1194/857 1041/1202/865 1042/1203/866 
f 1042/1203/866 1027/1188/851 1033/1194/857 
f 1043/1204/867 1034/1195/858 981/1142/491 
f 1035/1196/859 1044/1205/868 1037/1198/861 
f 1037/1198/861 1036/1197/860 1035/1196/859 
f 995/1156/819 1003/1164/827 982/1143/806 
f 982/1143/806 996/1157/820 995/1156/819 
f 1031/1192/855 1039/1200/863 1041/1202/865 
f 1041/1202/865 1033/1194/857 1031/1192/855 
f 1037/1198/861 1014/1175/838 997/1158/821 
f 997/1158/821 1038/1199/862 1037/1198/861 
f 997/1158/821 1000/1161/824 1039/1200/863 
f 1039/1200/863 1038/1199/862 997/1158/821 
f 1028/1189/852 1045/1206/869 1046/1207/870 
f 1046/1207/870 1040/1201/864 1028/1189/852 
f 1041/1202/865 1009/1170/833 1047/1208/871 
f 1047/1208/871 1042/1203/866 1041/1202/865 
f 1048/1209/872 1043/1204/867 981/1142/491 
f 1044/1205/868 1049/1210/873 1014/1175/838 
f 1014/1175/838 1037/1198/861 1044/1205/868 
f 1042/1203/866 1045/1206/869 1028/1189/852 
f 1028/1189/852 1027/1188/851 1042/1203/866 
f 1039/1200/863 1000/1161/824 1009/1170/833 
f 1009/1170/833 1041/1202/865 1039/1200/863 
f 1050/1211/874 1051/1212/875 1052/1213/876 
f 1052/1213/876 1053/1214/877 1050/1211/874 
f 1053/1214/877 1052/1213/876 1054/1215/878 
f 1054/1215/878 1055/1216/879 1053/1214/877 
f 1056/1217/880 1057/1218/881 1046/1207/870 
f 1046/1207/870 1045/1206/869 1056/1217/880 
f 1009/1170/833 1008/1169/832 1058/1219/882 
f 1058/1219/882 1047/1208/871 1009/1170/833 
f 1059/1220/883 1048/1209/872 981/1142/491 
f 1049/1210/873 1060/1221/884 1015/1176/839 
f 1015/1176/839 1014/1175/838 1049/1210/873 
f 1042/1203/866 1047/1208/871 1056/1217/880 
f 1056/1217/880 1045/1206/869 1042/1203/866 
f 977/1138/802 1061/1222/885 1062/1223/886 
f 1062/1223/886 1063/1224/887 977/1138/802 
f 1015/1225/839 1064/1226/888 1065/1227/889 
f 1065/1227/889 998/1228/822 1015/1225/839 
f 998/1228/822 1065/1227/889 1066/1229/890 
f 1066/1229/890 999/1230/823 998/1228/822 
f 1056/1217/880 1067/1231/891 1068/1232/892 
f 1068/1232/892 1057/1218/881 1056/1217/880 
f 1008/1233/832 1069/1234/893 1070/1235/894 
f 1070/1235/894 1058/1236/882 1008/1233/832 
f 1071/1237/895 1059/1220/883 981/1142/491 
f 1065/1227/889 1072/1238/896 1073/1239/897 
f 1073/1239/897 1066/1229/890 1065/1227/889 
f 1067/1240/891 1074/1241/898 1075/1242/899 
f 1075/1242/899 1068/1243/892 1067/1240/891 
f 1069/1234/893 1076/1244/900 1077/1245/901 
f 1077/1245/901 1070/1235/894 1069/1234/893 
f 1064/1226/888 1078/1246/902 1072/1238/896 
f 1072/1238/896 1065/1227/889 1064/1226/888 
f 1079/1247/903 1064/1226/888 1015/1225/839 
f 1015/1225/839 1060/1248/884 1079/1247/903 
f 1047/1208/871 1058/1219/882 1067/1231/891 
f 1067/1231/891 1056/1217/880 1047/1208/871 
f 999/1230/823 1066/1229/890 1069/1234/893 
f 1069/1234/893 1008/1233/832 999/1230/823 
f 1080/1249/904 1071/1237/895 981/1142/491 
f 1079/1247/903 1081/1250/905 1078/1246/902 
f 1078/1246/902 1064/1226/888 1079/1247/903 
f 1058/1236/882 1070/1235/894 1074/1241/898 
f 1074/1241/898 1067/1240/891 1058/1236/882 
f 1066/1229/890 1073/1239/897 1076/1244/900 
f 1076/1244/900 1069/1234/893 1066/1229/890 
f 1078/1246/902 1082/1251/906 1083/1252/907 
f 1083/1252/907 1072/1238/896 1078/1246/902 
f 1072/1238/896 1083/1252/907 1084/1253/908 
f 1084/1253/908 1073/1239/897 1072/1238/896 
f 1074/1241/898 1085/1254/909 1086/1255/910 
f 1086/1255/910 1075/1242/899 1074/1241/898 
f 1076/1244/900 1087/1256/911 1088/1257/912 
f 1088/1257/912 1077/1245/901 1076/1244/900 
f 1089/1258/913 1080/1249/904 981/1142/491 
f 1081/1250/905 1090/1259/914 1082/1251/906 
f 1082/1251/906 1078/1246/902 1081/1250/905 
f 1070/1235/894 1077/1245/901 1085/1254/909 
f 1085/1254/909 1074/1241/898 1070/1235/894 
f 1073/1239/897 1084/1253/908 1087/1256/911 
f 1087/1256/911 1076/1244/900 1073/1239/897 
f 1082/1251/906 1091/1260/915 1092/1261/916 
f 1092/1261/916 1083/1252/907 1082/1251/906 
f 1083/1252/907 1092/1261/916 1093/1262/917 
f 1093/1262/917 1084/1253/908 1083/1252/907 
f 1085/1254/909 1094/1263/918 1095/1264/919 
f 1095/1264/919 1086/1255/910 1085/1254/909 
f 1087/1256/911 1096/1265/920 1097/1266/921 
f 1097/1266/921 1088/1257/912 1087/1256/911 
f 1098/1267/922 1089/1258/913 981/1142/491 
f 1090/1259/914 1099/1268/923 1091/1260/915 
f 1091/1260/915 1082/1251/906 1090/1259/914 
f 1077/1245/901 1088/1257/912 1094/1263/918 
f 1094/1263/918 1085/1254/909 1077/1245/901 
f 1084/1253/908 1093/1262/917 1096/1265/920 
f 1096/1265/920 1087/1256/911 1084/1253/908 
f 1091/1260/915 1100/1269/924 1101/1270/925 
f 1101/1270/925 1092/1261/916 1091/1260/915 
f 1092/1261/916 1101/1270/925 1102/1271/926 
f 1102/1271/926 1093/1262/917 1092/1261/916 
f 1094/1263/918 1103/1272/927 1104/1273/928 
f 1104/1273/928 1095/1264/919 1094/1263/918 
f 1096/1265/920 1105/1274/929 1106/1275/930 
f 1106/1275/930 1097/1266/921 1096/1265/920 
f 1098/1267/922 981/1142/491 1107/1276/931 
f 1108/1277/932 1107/1276/931 981/1142/491 
f 1088/1257/912 1097/1266/921 1103/1272/927 
f 1103/1272/927 1094/1263/918 1088/1257/912 
f 1093/1262/917 1102/1271/926 1105/1274/929 
f 1105/1274/929 1096/1265/920 1093/1262/917 
f 1100/1269/924 1109/1278/933 1110/1279/934 
f 1110/1279/934 1101/1270/925 1100/1269/924 
f 1101/1270/925 1110/1279/934 1111/1280/935 
f 1111/1280/935 1102/1271/926 1101/1270/925 
f 1103/1272/927 1112/1281/936 1113/1282/937 
f 1113/1282/937 1104/1273/928 1103/1272/927 
f 1105/1274/929 1114/1283/938 1115/1284/939 
f 1115/1284/939 1106/1275/930 1105/1274/929 
f 1116/1285/940 1100/1269/924 1091/1260/915 
f 1091/1260/915 1099/1268/923 1116/1285/940 
f 1116/1285/940 1117/1286/941 1109/1278/933 
f 1109/1278/933 1100/1269/924 1116/1285/940 
f 1097/1266/921 1106/1275/930 1112/1281/936 
f 1112/1281/936 1103/1272/927 1097/1266/921 
f 1102/1271/926 1111/1280/935 1114/1283/938 
f 1114/1283/938 1105/1274/929 1102/1271/926 
f 1109/1278/933 1118/1287/942 1119/1288/943 
f 1119/1288/943 1110/1279/934 1109/1278/933 
f 1110/1279/934 1119/1288/943 1120/1289/944 
f 1120/1289/944 1111/1280/935 1110/1279/934 
f 1112/1281/936 1121/1290/945 1122/1291/946 
f 1122/1291/946 1113/1282/937 1112/1281/936 
f 1114/1283/938 1123/1292/947 1124/1293/948 
f 1124/1293/948 1115/1284/939 1114/1283/938 
f 1125/1294/949 1108/1277/932 981/1142/491 
f 1117/1286/941 1126/1295/950 1118/1287/942 
f 1118/1287/942 1109/1278/933 1117/1286/941 
f 1106/1275/930 1115/1284/939 1121/1290/945 
f 1121/1290/945 1112/1281/936 1106/1275/930 
f 1111/1280/935 1120/1289/944 1123/1292/947 
f 1123/1292/947 1114/1283/938 1111/1280/935 
f 1118/1287/942 1063/1224/887 1062/1223/886 
f 1062/1223/886 1119/1288/943 1118/1287/942 
f 1119/1288/943 1062/1223/886 1050/1211/874 
f 1050/1211/874 1120/1289/944 1119/1288/943 
f 1121/1290/945 1127/1296/951 1128/1297/952 
f 1128/1297/952 1122/1291/946 1121/1290/945 
f 1123/1292/947 1053/1214/877 1055/1216/879 
f 1055/1216/879 1124/1293/948 1123/1292/947 
f 1129/1298/953 1125/1294/949 981/1142/491 
f 1126/1295/950 1130/1299/954 1063/1224/887 
f 1063/1224/887 1118/1287/942 1126/1295/950 
f 1115/1284/939 1124/1293/948 1127/1296/951 
f 1127/1296/951 1121/1290/945 1115/1284/939 
f 1120/1289/944 1050/1211/874 1053/1214/877 
f 1053/1214/877 1123/1292/947 1120/1289/944 
f 1062/1223/886 1061/1222/885 1051/1212/875 
f 1051/1212/875 1050/1211/874 1062/1223/886 
f 1002/1163/826 1023/1184/847 991/1152/815 
f 991/1152/815 990/1151/814 1002/1163/826 
f 1127/1296/951 1131/1300/955 1132/1301/956 
f 1132/1301/956 1128/1297/952 1127/1296/951 
f 1016/1177/840 1001/1162/825 1003/1164/827 
f 1003/1164/827 995/1156/819 1016/1177/840 
f 1129/1298/953 981/1142/491 1133/1302/957 
f 978/1139/803 977/1138/802 1063/1224/887 
f 1063/1224/887 1130/1299/954 978/1139/803 
f 1124/1293/948 1055/1216/879 1131/1300/955 
f 1131/1300/955 1127/1296/951 1124/1293/948 
f 994/1155/818 1013/1174/837 1016/1177/840 
f 1016/1177/840 995/1156/819 994/1155/818 
f 976/1137/801 1134/1303/958 1061/1222/885 
f 1061/1222/885 977/1138/802 976/1137/801 
f 1134/1303/958 985/1146/809 1051/1212/875 
f 1051/1212/875 1061/1222/885 1134/1303/958 
f 1131/1300/955 1135/1304/959 1136/1305/960 
f 1136/1305/960 1132/1301/956 1131/1300/955 
f 1052/1213/876 984/1145/808 1137/1306/961 
f 1137/1306/961 1054/1215/878 1052/1213/876 
f 980/1141/805 1133/1302/957 981/1142/491 
f 993/1154/817 996/1157/820 1134/1303/958 
f 1134/1303/958 976/1137/801 993/1154/817 
f 989/1150/813 988/1149/812 1136/1305/960 
f 1136/1305/960 1135/1304/959 989/1150/813 
f 1005/1307/962 1007/1168/831 975/1136/800 
f 975/1136/800 1138/1308/963 1005/1307/962 
f 982/1143/806 1003/1164/827 990/1151/814 
f 990/1151/814 983/1144/807 982/1143/806 
f 1040/1309/686 1139/1310/686 1032/1311/686 
f 1054/1215/878 1135/1304/959 1131/1300/955 
f 1131/1300/955 1055/1216/879 1054/1215/878 
f 985/1146/809 984/1145/808 1052/1213/876 
f 1052/1213/876 1051/1212/875 985/1146/809 
f 979/1140/804 981/1142/491 1005/1166/829 
f 1137/1306/961 989/1150/813 1135/1304/959 
f 1135/1304/959 1054/1215/878 1137/1306/961 
f 996/1157/820 982/1143/806 985/1146/809 
f 985/1146/809 1134/1303/958 996/1157/820 
f 992/1153/816 986/1147/810 989/1150/813 
f 989/1150/813 1137/1306/961 992/1153/816 
f 983/1144/807 992/1153/816 1137/1306/961 
f 1137/1306/961 984/1145/808 983/1144/807 
f 1005/1166/829 1005/1312/962 1138/1313/963 
f 1138/1313/963 979/1140/804 1005/1166/829 
f 1140/1314/964 1026/1187/850 1012/1173/836 
f 1012/1173/836 1141/1315/965 1140/1314/964 
f 1034/1195/858 1140/1316/964 1141/1317/965 
f 1141/1317/965 1025/1186/849 1034/1195/858 
f 1142/1318/966 1060/1221/884 1049/1210/873 
f 1049/1210/873 1059/1319/967 1142/1318/966 
f 1071/1237/895 1142/1320/966 1059/1321/967 
f 1059/1321/967 1059/1220/883 1071/1237/895 
f 1143/1322/968 1099/1268/923 1090/1259/914 
f 1090/1259/914 1098/1323/969 1143/1322/968 
f 1107/1276/931 1143/1324/968 1098/1325/969 
f 1098/1325/969 1098/1267/922 1107/1276/931 
f 1144/1326/970 1130/1299/954 1126/1295/950 
f 1126/1295/950 1145/1327/971 1144/1326/970 
f 1133/1302/957 1144/1328/970 1145/1329/971 
f 1145/1329/971 1129/1298/953 1133/1302/957 
f 979/1140/804 1138/1313/963 980/1330/972 
f 980/1330/972 980/1141/805 979/1140/804 
f 1138/1308/963 975/1136/800 978/1139/803 
f 978/1139/803 980/1331/972 1138/1308/963 
f 1098/1323/969 1090/1259/914 1081/1250/905 
f 1081/1250/905 1146/1332/973 1098/1323/969 
f 1098/1267/922 1098/1325/969 1146/1333/973 
f 1146/1333/973 1089/1258/913 1098/1267/922 
f 1145/1327/971 1126/1295/950 1117/1286/941 
f 1117/1286/941 1147/1334/974 1145/1327/971 
f 1129/1298/953 1145/1329/971 1147/1335/974 
f 1147/1335/974 1125/1294/949 1129/1298/953 
f 1141/1315/965 1012/1173/836 1006/1167/830 
f 1006/1167/830 1148/1336/975 1141/1315/965 
f 1025/1186/849 1141/1317/965 1148/1337/975 
f 1148/1337/975 1004/1165/828 1025/1186/849 
f 1059/1319/967 1049/1210/873 1044/1205/868 
f 1044/1205/868 1149/1338/976 1059/1319/967 
f 1059/1220/883 1059/1321/967 1149/1339/976 
f 1149/1339/976 1048/1209/872 1059/1220/883 
f 1146/1332/973 1081/1250/905 1079/1247/903 
f 1079/1247/903 1150/1340/977 1146/1332/973 
f 1089/1258/913 1146/1333/973 1150/1341/977 
f 1150/1341/977 1080/1249/904 1089/1258/913 
f 1147/1334/974 1117/1286/941 1116/1285/940 
f 1116/1285/940 1151/1342/978 1147/1334/974 
f 1125/1294/949 1147/1335/974 1151/1343/978 
f 1151/1343/978 1108/1277/932 1125/1294/949 
f 1149/1338/976 1044/1205/868 1035/1196/859 
f 1035/1196/859 1152/1344/979 1149/1338/976 
f 1048/1209/872 1149/1339/976 1152/1345/979 
f 1152/1345/979 1043/1204/867 1048/1209/872 
f 1148/1336/975 1006/1167/830 1007/1168/831 
f 1007/1168/831 1005/1307/962 1148/1336/975 
f 1004/1165/828 1148/1337/975 1005/1312/962 
f 1005/1312/962 1005/1166/829 1004/1165/828 
f 1150/1340/977 1079/1247/903 1060/1248/884 
f 1060/1248/884 1142/1346/966 1150/1340/977 
f 1080/1249/904 1150/1341/977 1142/1320/966 
f 1142/1320/966 1071/1237/895 1080/1249/904 
f 1151/1342/978 1116/1285/940 1099/1268/923 
f 1099/1268/923 1143/1322/968 1151/1342/978 
f 1108/1277/932 1151/1343/978 1143/1324/968 
f 1143/1324/968 1107/1276/931 1108/1277/932 
f 980/1331/972 978/1139/803 1130/1299/954 
f 1130/1299/954 1144/1326/970 980/1331/972 
f 980/1141/805 980/1330/972 1144/1328/970 
f 1144/1328/970 1133/1302/957 980/1141/805 
f 1152/1344/979 1035/1196/859 1026/1187/850 
f 1026/1187/850 1140/1314/964 1152/1344/979 
f 1043/1204/867 1152/1345/979 1140/1316/964 
f 1140/1316/964 1034/1195/858 1043/1204/867 
f 1007/1168/831 993/1154/817 976/1137/801 
f 976/1137/801 975/1136/800 1007/1168/831 
f 1046/1347/686 1057/1348/686 1139/1310/686 
f 1104/1349/686 1139/1310/686 1095/1350/686 
f 1128/1351/686 1139/1310/686 1122/1352/686 
f 1075/1353/686 1139/1310/686 1068/1354/686 
f 1068/1354/686 1139/1310/686 1057/1348/686 
f 988/1355/686 1139/1310/686 1136/1356/686 
f 1032/1311/686 1139/1310/686 1020/1357/686 
f 987/1358/686 1139/1310/686 988/1355/686 
f 1046/1347/686 1139/1310/686 1040/1309/686 
f 1122/1352/686 1139/1310/686 1113/1359/686 
f 1020/1357/686 1139/1310/686 1011/1360/686 
f 1132/1361/686 1139/1310/686 1128/1351/686 
f 1011/1360/686 1139/1310/686 987/1358/686 
f 1095/1350/686 1139/1310/686 1086/1362/686 
f 1086/1362/686 1139/1310/686 1075/1353/686 
f 1136/1356/686 1139/1310/686 1132/1361/686 
f 1113/1359/686 1139/1310/686 1104/1349/686 
f 1024/1185/848 1036/1197/860 1030/1191/854 
f 1030/1191/854 1017/1178/841 1024/1185/848 
f 1153/1136/800 1154/1137/801 1155/1138/802 
f 1155/1138/802 1156/1139/803 1153/1136/800 
f 1157/1140/804 1158/1141/805 1159/1142/491 
f 1160/1143/806 1161/1144/807 1162/1145/808 
f 1162/1145/808 1163/1146/809 1160/1143/806 
f 1164/1147/810 1165/1148/811 1166/1149/812 
f 1166/1149/812 1167/1150/813 1164/1147/810 
f 1168/1151/814 1169/1152/815 1170/1153/816 
f 1170/1153/816 1161/1144/807 1168/1151/814 
f 1171/1154/817 1172/1155/818 1173/1156/819 
f 1173/1156/819 1174/1157/820 1171/1154/817 
f 1175/1158/821 1176/1159/822 1177/1160/823 
f 1177/1160/823 1178/1161/824 1175/1158/821 
f 1179/1162/825 1180/1163/826 1168/1151/814 
f 1168/1151/814 1181/1164/827 1179/1162/825 
f 1182/1165/828 1183/1166/829 1159/1142/491 
f 1184/1167/830 1172/1155/818 1171/1154/817 
f 1171/1154/817 1185/1168/831 1184/1167/830 
f 1177/1160/823 1186/1169/832 1187/1170/833 
f 1187/1170/833 1178/1161/824 1177/1160/823 
f 1164/1147/810 1188/1171/834 1189/1172/835 
f 1189/1172/835 1165/1148/811 1164/1147/810 
f 1184/1167/830 1190/1173/836 1191/1174/837 
f 1191/1174/837 1172/1155/818 1184/1167/830 
f 1170/1153/816 1169/1152/815 1188/1171/834 
f 1188/1171/834 1164/1147/810 1170/1153/816 
f 1192/1175/838 1193/1176/839 1176/1159/822 
f 1176/1159/822 1175/1158/821 1192/1175/838 
f 1194/1177/840 1195/1178/841 1196/1179/842 
f 1196/1179/842 1179/1162/825 1194/1177/840 
f 1197/1180/843 1198/1181/844 1189/1172/835 
f 1189/1172/835 1188/1171/834 1197/1180/843 
f 1180/1163/826 1199/1182/845 1200/1183/846 
f 1200/1183/846 1201/1184/847 1180/1163/826 
f 1191/1174/837 1202/1185/848 1195/1178/841 
f 1195/1178/841 1194/1177/840 1191/1174/837 
f 1203/1186/849 1182/1165/828 1159/1142/491 
f 1190/1173/836 1204/1187/980 1202/1185/848 
f 1202/1185/848 1191/1174/837 1190/1173/836 
f 1201/1184/847 1197/1180/843 1188/1171/834 
f 1188/1171/834 1169/1152/815 1201/1184/847 
f 1196/1179/842 1199/1182/845 1180/1163/826 
f 1180/1163/826 1179/1162/825 1196/1179/842 
f 1200/1183/846 1205/1188/851 1206/1189/852 
f 1206/1189/852 1207/1190/853 1200/1183/846 
f 1195/1178/841 1208/1191/854 1209/1192/855 
f 1209/1192/855 1196/1179/842 1195/1178/841 
f 1197/1180/843 1207/1190/853 1210/1193/856 
f 1210/1193/856 1198/1181/844 1197/1180/843 
f 1211/1194/857 1205/1188/851 1200/1183/846 
f 1200/1183/846 1199/1182/845 1211/1194/857 
f 1212/1195/858 1203/1186/849 1159/1142/491 
f 1204/1187/980 1213/1196/859 1214/1197/860 
f 1214/1197/860 1202/1185/848 1204/1187/980 
f 1201/1184/847 1200/1183/846 1207/1190/853 
f 1207/1190/853 1197/1180/843 1201/1184/847 
f 1196/1179/842 1209/1192/855 1211/1194/857 
f 1211/1194/857 1199/1182/845 1196/1179/842 
f 1215/1198/861 1216/1199/862 1208/1191/854 
f 1208/1191/854 1214/1197/860 1215/1198/861 
f 1208/1191/854 1216/1199/862 1217/1200/863 
f 1217/1200/863 1209/1192/855 1208/1191/854 
f 1207/1190/853 1206/1189/852 1218/1201/864 
f 1218/1201/864 1210/1193/856 1207/1190/853 
f 1211/1194/857 1219/1202/865 1220/1203/866 
f 1220/1203/866 1205/1188/851 1211/1194/857 
f 1221/1204/867 1212/1195/858 1159/1142/491 
f 1213/1196/859 1222/1205/981 1215/1198/861 
f 1215/1198/861 1214/1197/860 1213/1196/859 
f 1173/1156/819 1181/1164/827 1160/1143/806 
f 1160/1143/806 1174/1157/820 1173/1156/819 
f 1209/1192/855 1217/1200/863 1219/1202/865 
f 1219/1202/865 1211/1194/857 1209/1192/855 
f 1215/1198/861 1192/1175/838 1175/1158/821 
f 1175/1158/821 1216/1199/862 1215/1198/861 
f 1175/1158/821 1178/1161/824 1217/1200/863 
f 1217/1200/863 1216/1199/862 1175/1158/821 
f 1206/1189/852 1223/1206/869 1224/1207/870 
f 1224/1207/870 1218/1201/864 1206/1189/852 
f 1219/1202/865 1187/1170/833 1225/1208/871 
f 1225/1208/871 1220/1203/866 1219/1202/865 
f 1226/1209/872 1221/1204/867 1159/1142/491 
f 1222/1205/981 1227/1210/873 1192/1175/838 
f 1192/1175/838 1215/1198/861 1222/1205/981 
f 1220/1203/866 1223/1206/869 1206/1189/852 
f 1206/1189/852 1205/1188/851 1220/1203/866 
f 1217/1200/863 1178/1161/824 1187/1170/833 
f 1187/1170/833 1219/1202/865 1217/1200/863 
f 1228/1211/874 1229/1212/875 1230/1213/876 
f 1230/1213/876 1231/1214/877 1228/1211/874 
f 1231/1214/877 1230/1213/876 1232/1215/878 
f 1232/1215/878 1233/1216/879 1231/1214/877 
f 1234/1217/880 1235/1218/881 1224/1207/870 
f 1224/1207/870 1223/1206/869 1234/1217/880 
f 1187/1170/833 1186/1169/832 1236/1219/882 
f 1236/1219/882 1225/1208/871 1187/1170/833 
f 1237/1220/883 1226/1209/872 1159/1142/491 
f 1227/1210/873 1238/1221/884 1193/1176/839 
f 1193/1176/839 1192/1175/838 1227/1210/873 
f 1220/1203/866 1225/1208/871 1234/1217/880 
f 1234/1217/880 1223/1206/869 1220/1203/866 
f 1155/1138/802 1239/1222/885 1240/1223/886 
f 1240/1223/886 1241/1224/887 1155/1138/802 
f 1193/1225/839 1242/1226/888 1243/1227/889 
f 1243/1227/889 1176/1228/822 1193/1225/839 
f 1176/1228/822 1243/1227/889 1244/1229/890 
f 1244/1229/890 1177/1230/823 1176/1228/822 
f 1234/1217/880 1245/1231/891 1246/1232/892 
f 1246/1232/892 1235/1218/881 1234/1217/880 
f 1186/1233/832 1247/1234/893 1248/1235/894 
f 1248/1235/894 1236/1236/882 1186/1233/832 
f 1249/1237/895 1237/1220/883 1159/1142/491 
f 1243/1227/889 1250/1238/896 1251/1239/897 
f 1251/1239/897 1244/1229/890 1243/1227/889 
f 1245/1240/891 1252/1241/898 1253/1242/899 
f 1253/1242/899 1246/1243/892 1245/1240/891 
f 1247/1234/893 1254/1244/900 1255/1245/901 
f 1255/1245/901 1248/1235/894 1247/1234/893 
f 1242/1226/888 1256/1246/902 1250/1238/896 
f 1250/1238/896 1243/1227/889 1242/1226/888 
f 1257/1247/903 1242/1226/888 1193/1225/839 
f 1193/1225/839 1238/1248/884 1257/1247/903 
f 1225/1208/871 1236/1219/882 1245/1231/891 
f 1245/1231/891 1234/1217/880 1225/1208/871 
f 1177/1230/823 1244/1229/890 1247/1234/893 
f 1247/1234/893 1186/1233/832 1177/1230/823 
f 1258/1249/904 1249/1237/895 1159/1142/491 
f 1257/1247/903 1259/1250/905 1256/1246/902 
f 1256/1246/902 1242/1226/888 1257/1247/903 
f 1236/1236/882 1248/1235/894 1252/1241/898 
f 1252/1241/898 1245/1240/891 1236/1236/882 
f 1244/1229/890 1251/1239/897 1254/1244/900 
f 1254/1244/900 1247/1234/893 1244/1229/890 
f 1256/1246/902 1260/1251/906 1261/1252/907 
f 1261/1252/907 1250/1238/896 1256/1246/902 
f 1250/1238/896 1261/1252/907 1262/1253/908 
f 1262/1253/908 1251/1239/897 1250/1238/896 
f 1252/1241/898 1263/1254/909 1264/1255/910 
f 1264/1255/910 1253/1242/899 1252/1241/898 
f 1254/1244/900 1265/1256/911 1266/1257/912 
f 1266/1257/912 1255/1245/901 1254/1244/900 
f 1267/1258/913 1258/1249/904 1159/1142/491 
f 1259/1250/905 1268/1259/914 1260/1251/906 
f 1260/1251/906 1256/1246/902 1259/1250/905 
f 1248/1235/894 1255/1245/901 1263/1254/909 
f 1263/1254/909 1252/1241/898 1248/1235/894 
f 1251/1239/897 1262/1253/908 1265/1256/911 
f 1265/1256/911 1254/1244/900 1251/1239/897 
f 1260/1251/906 1269/1260/915 1270/1261/916 
f 1270/1261/916 1261/1252/907 1260/1251/906 
f 1261/1252/907 1270/1261/916 1271/1262/917 
f 1271/1262/917 1262/1253/908 1261/1252/907 
f 1263/1254/909 1272/1263/918 1273/1264/919 
f 1273/1264/919 1264/1255/910 1263/1254/909 
f 1265/1256/911 1274/1265/982 1275/1266/921 
f 1275/1266/921 1266/1257/912 1265/1256/911 
f 1276/1267/922 1267/1258/913 1159/1142/491 
f 1268/1259/914 1277/1268/923 1269/1260/915 
f 1269/1260/915 1260/1251/906 1268/1259/914 
f 1255/1245/901 1266/1257/912 1272/1263/918 
f 1272/1263/918 1263/1254/909 1255/1245/901 
f 1262/1253/908 1271/1262/917 1274/1265/982 
f 1274/1265/982 1265/1256/911 1262/1253/908 
f 1269/1260/915 1278/1269/924 1279/1270/925 
f 1279/1270/925 1270/1261/916 1269/1260/915 
f 1270/1261/916 1279/1270/925 1280/1271/926 
f 1280/1271/926 1271/1262/917 1270/1261/916 
f 1272/1263/918 1281/1272/927 1282/1273/928 
f 1282/1273/928 1273/1264/919 1272/1263/918 
f 1274/1265/982 1283/1274/929 1284/1275/930 
f 1284/1275/930 1275/1266/921 1274/1265/982 
f 1276/1267/922 1159/1142/491 1285/1276/931 
f 1286/1277/932 1285/1276/931 1159/1142/491 
f 1266/1257/912 1275/1266/921 1281/1272/927 
f 1281/1272/927 1272/1263/918 1266/1257/912 
f 1271/1262/917 1280/1271/926 1283/1274/929 
f 1283/1274/929 1274/1265/982 1271/1262/917 
f 1278/1269/924 1287/1278/933 1288/1279/934 
f 1288/1279/934 1279/1270/925 1278/1269/924 
f 1279/1270/925 1288/1279/934 1289/1280/983 
f 1289/1280/983 1280/1271/926 1279/1270/925 
f 1281/1272/927 1290/1281/936 1291/1282/937 
f 1291/1282/937 1282/1273/928 1281/1272/927 
f 1283/1274/929 1292/1283/938 1293/1284/939 
f 1293/1284/939 1284/1275/930 1283/1274/929 
f 1294/1285/940 1278/1269/924 1269/1260/915 
f 1269/1260/915 1277/1268/923 1294/1285/940 
f 1294/1285/940 1295/1286/941 1287/1278/933 
f 1287/1278/933 1278/1269/924 1294/1285/940 
f 1275/1266/921 1284/1275/930 1290/1281/936 
f 1290/1281/936 1281/1272/927 1275/1266/921 
f 1280/1271/926 1289/1280/983 1292/1283/938 
f 1292/1283/938 1283/1274/929 1280/1271/926 
f 1287/1278/933 1296/1287/942 1297/1288/943 
f 1297/1288/943 1288/1279/934 1287/1278/933 
f 1288/1279/934 1297/1288/943 1298/1289/944 
f 1298/1289/944 1289/1280/983 1288/1279/934 
f 1290/1281/936 1299/1290/945 1300/1291/946 
f 1300/1291/946 1291/1282/937 1290/1281/936 
f 1292/1283/938 1301/1292/947 1302/1293/948 
f 1302/1293/948 1293/1284/939 1292/1283/938 
f 1303/1294/949 1286/1277/932 1159/1142/491 
f 1295/1286/941 1304/1295/950 1296/1287/942 
f 1296/1287/942 1287/1278/933 1295/1286/941 
f 1284/1275/930 1293/1284/939 1299/1290/945 
f 1299/1290/945 1290/1281/936 1284/1275/930 
f 1289/1280/983 1298/1289/944 1301/1292/947 
f 1301/1292/947 1292/1283/938 1289/1280/983 
f 1296/1287/942 1241/1224/887 1240/1223/886 
f 1240/1223/886 1297/1288/943 1296/1287/942 
f 1297/1288/943 1240/1223/886 1228/1211/874 
f 1228/1211/874 1298/1289/944 1297/1288/943 
f 1299/1290/945 1305/1296/951 1306/1297/952 
f 1306/1297/952 1300/1291/946 1299/1290/945 
f 1301/1292/947 1231/1214/877 1233/1216/879 
f 1233/1216/879 1302/1293/948 1301/1292/947 
f 1307/1298/953 1303/1294/949 1159/1142/491 
f 1304/1295/950 1308/1299/954 1241/1224/887 
f 1241/1224/887 1296/1287/942 1304/1295/950 
f 1293/1284/939 1302/1293/948 1305/1296/951 
f 1305/1296/951 1299/1290/945 1293/1284/939 
f 1298/1289/944 1228/1211/874 1231/1214/877 
f 1231/1214/877 1301/1292/947 1298/1289/944 
f 1240/1223/886 1239/1222/885 1229/1212/875 
f 1229/1212/875 1228/1211/874 1240/1223/886 
f 1180/1163/826 1201/1184/847 1169/1152/815 
f 1169/1152/815 1168/1151/814 1180/1163/826 
f 1305/1296/951 1309/1300/955 1310/1301/956 
f 1310/1301/956 1306/1297/952 1305/1296/951 
f 1194/1177/840 1179/1162/825 1181/1164/827 
f 1181/1164/827 1173/1156/819 1194/1177/840 
f 1307/1298/953 1159/1142/491 1311/1302/957 
f 1156/1139/803 1155/1138/802 1241/1224/887 
f 1241/1224/887 1308/1299/954 1156/1139/803 
f 1302/1293/948 1233/1216/879 1309/1300/955 
f 1309/1300/955 1305/1296/951 1302/1293/948 
f 1172/1155/818 1191/1174/837 1194/1177/840 
f 1194/1177/840 1173/1156/819 1172/1155/818 
f 1154/1137/801 1312/1303/958 1239/1222/885 
f 1239/1222/885 1155/1138/802 1154/1137/801 
f 1312/1303/958 1163/1146/809 1229/1212/875 
f 1229/1212/875 1239/1222/885 1312/1303/958 
f 1309/1300/955 1313/1304/959 1314/1305/960 
f 1314/1305/960 1310/1301/956 1309/1300/955 
f 1230/1213/876 1162/1145/808 1315/1306/961 
f 1315/1306/961 1232/1215/878 1230/1213/876 
f 1158/1141/805 1311/1302/957 1159/1142/491 
f 1171/1154/817 1174/1157/820 1312/1303/958 
f 1312/1303/958 1154/1137/801 1171/1154/817 
f 1167/1150/813 1166/1149/812 1314/1305/960 
f 1314/1305/960 1313/1304/959 1167/1150/813 
f 1183/1307/962 1185/1168/831 1153/1136/800 
f 1153/1136/800 1316/1308/963 1183/1307/962 
f 1160/1143/806 1181/1164/827 1168/1151/814 
f 1168/1151/814 1161/1144/807 1160/1143/806 
f 1218/1309/686 1317/1310/686 1210/1311/686 
f 1232/1215/878 1313/1304/959 1309/1300/955 
f 1309/1300/955 1233/1216/879 1232/1215/878 
f 1163/1146/809 1162/1145/808 1230/1213/876 
f 1230/1213/876 1229/1212/875 1163/1146/809 
f 1157/1140/804 1159/1142/491 1183/1166/829 
f 1315/1306/961 1167/1150/813 1313/1304/959 
f 1313/1304/959 1232/1215/878 1315/1306/961 
f 1174/1157/820 1160/1143/806 1163/1146/809 
f 1163/1146/809 1312/1303/958 1174/1157/820 
f 1170/1153/816 1164/1147/810 1167/1150/813 
f 1167/1150/813 1315/1306/961 1170/1153/816 
f 1161/1144/807 1170/1153/816 1315/1306/961 
f 1315/1306/961 1162/1145/808 1161/1144/807 
f 1183/1166/829 1183/1312/962 1316/1313/963 
f 1316/1313/963 1157/1140/804 1183/1166/829 
f 1318/1314/964 1204/1187/980 1190/1173/836 
f 1190/1173/836 1203/1315/965 1318/1314/964 
f 1212/1195/858 1318/1316/964 1203/1317/965 
f 1203/1317/965 1203/1186/849 1212/1195/858 
f 1319/1318/984 1238/1221/884 1227/1210/873 
f 1227/1210/873 1237/1319/967 1319/1318/984 
f 1249/1237/895 1319/1320/984 1237/1321/967 
f 1237/1321/967 1237/1220/883 1249/1237/895 
f 1320/1322/968 1277/1268/923 1268/1259/914 
f 1268/1259/914 1321/1323/969 1320/1322/968 
f 1285/1276/931 1320/1324/968 1321/1325/969 
f 1321/1325/969 1276/1267/922 1285/1276/931 
f 1322/1326/970 1308/1299/954 1304/1295/950 
f 1304/1295/950 1323/1327/971 1322/1326/970 
f 1311/1302/957 1322/1328/970 1323/1329/971 
f 1323/1329/971 1307/1298/953 1311/1302/957 
f 1157/1140/804 1316/1313/963 1158/1330/972 
f 1158/1330/972 1158/1141/805 1157/1140/804 
f 1316/1308/963 1153/1136/800 1156/1139/803 
f 1156/1139/803 1158/1331/972 1316/1308/963 
f 1321/1323/969 1268/1259/914 1259/1250/905 
f 1259/1250/905 1324/1332/973 1321/1323/969 
f 1276/1267/922 1321/1325/969 1324/1333/973 
f 1324/1333/973 1267/1258/913 1276/1267/922 
f 1323/1327/971 1304/1295/950 1295/1286/941 
f 1295/1286/941 1325/1334/974 1323/1327/971 
f 1307/1298/953 1323/1329/971 1325/1335/974 
f 1325/1335/974 1303/1294/949 1307/1298/953 
f 1203/1315/965 1190/1173/836 1184/1167/830 
f 1184/1167/830 1326/1336/985 1203/1315/965 
f 1203/1186/849 1203/1317/965 1326/1337/985 
f 1326/1337/985 1182/1165/828 1203/1186/849 
f 1237/1319/967 1227/1210/873 1222/1205/981 
f 1222/1205/981 1327/1338/986 1237/1319/967 
f 1237/1220/883 1237/1321/967 1327/1339/986 
f 1327/1339/986 1226/1209/872 1237/1220/883 
f 1324/1332/973 1259/1250/905 1257/1247/903 
f 1257/1247/903 1328/1340/977 1324/1332/973 
f 1267/1258/913 1324/1333/973 1328/1341/977 
f 1328/1341/977 1258/1249/904 1267/1258/913 
f 1325/1334/974 1295/1286/941 1294/1285/940 
f 1294/1285/940 1329/1342/987 1325/1334/974 
f 1303/1294/949 1325/1335/974 1329/1343/987 
f 1329/1343/987 1286/1277/932 1303/1294/949 
f 1327/1338/986 1222/1205/981 1213/1196/859 
f 1213/1196/859 1330/1344/979 1327/1338/986 
f 1226/1209/872 1327/1339/986 1330/1345/979 
f 1330/1345/979 1221/1204/867 1226/1209/872 
f 1326/1336/985 1184/1167/830 1185/1168/831 
f 1185/1168/831 1183/1307/962 1326/1336/985 
f 1182/1165/828 1326/1337/985 1183/1312/962 
f 1183/1312/962 1183/1166/829 1182/1165/828 
f 1328/1340/977 1257/1247/903 1238/1248/884 
f 1238/1248/884 1319/1346/984 1328/1340/977 
f 1258/1249/904 1328/1341/977 1319/1320/984 
f 1319/1320/984 1249/1237/895 1258/1249/904 
f 1329/1342/987 1294/1285/940 1277/1268/923 
f 1277/1268/923 1320/1322/968 1329/1342/987 
f 1286/1277/932 1329/1343/987 1320/1324/968 
f 1320/1324/968 1285/1276/931 1286/1277/932 
f 1158/1331/972 1156/1139/803 1308/1299/954 
f 1308/1299/954 1322/1326/970 1158/1331/972 
f 1158/1141/805 1158/1330/972 1322/1328/970 
f 1322/1328/970 1311/1302/957 1158/1141/805 
f 1330/1344/979 1213/1196/859 1204/1187/980 
f 1204/1187/980 1318/1314/964 1330/1344/979 
f 1221/1204/867 1330/1345/979 1318/1316/964 
f 1318/1316/964 1212/1195/858 1221/1204/867 
f 1185/1168/831 1171/1154/817 1154/1137/801 
f 1154/1137/801 1153/1136/800 1185/1168/831 
f 1224/1347/686 1235/1348/686 1317/1310/686 
f 1282/1349/686 1317/1310/686 1273/1350/686 
f 1306/1351/686 1317/1310/686 1300/1352/686 
f 1253/1353/686 1317/1310/686 1246/1354/686 
f 1246/1354/686 1317/1310/686 1235/1348/686 
f 1166/1355/686 1317/1310/686 1314/1356/686 
f 1210/1311/686 1317/1310/686 1198/1357/686 
f 1165/1358/686 1317/1310/686 1166/1355/686 
f 1224/1347/686 1317/1310/686 1218/1309/686 
f 1300/1352/686 1317/1310/686 1291/1359/686 
f 1198/1357/686 1317/1310/686 1189/1360/686 
f 1310/1361/686 1317/1310/686 1306/1351/686 
f 1189/1360/686 1317/1310/686 1165/1358/686 
f 1273/1350/686 1317/1310/686 1264/1362/686 
f 1264/1362/686 1317/1310/686 1253/1353/686 
f 1314/1356/686 1317/1310/686 1310/1361/686 
f 1291/1359/686 1317/1310/686 1282/1349/686 
f 1202/1185/848 1214/1197/860 1208/1191/854 
f 1208/1191/854 1195/1178/841 1202/1185/848 
f 1331/1136/800 1332/1137/801 1333/1138/802 
f 1333/1138/802 1334/1139/803 1331/1136/800 
f 1335/1140/804 1336/1141/805 1337/1142/491 
f 1338/1143/806 1339/1144/807 1340/1145/808 
f 1340/1145/808 1341/1146/809 1338/1143/806 
f 1342/1147/810 1343/1148/811 1344/1149/812 
f 1344/1149/812 1345/1150/813 1342/1147/810 
f 1346/1151/814 1347/1152/815 1348/1153/816 
f 1348/1153/816 1339/1144/807 1346/1151/814 
f 1349/1154/817 1350/1155/818 1351/1156/819 
f 1351/1156/819 1352/1157/820 1349/1154/817 
f 1353/1158/821 1354/1159/988 1355/1160/823 
f 1355/1160/823 1356/1161/824 1353/1158/821 
f 1357/1162/825 1358/1163/826 1346/1151/814 
f 1346/1151/814 1359/1164/827 1357/1162/825 
f 1360/1165/828 1361/1166/829 1337/1142/491 
f 1362/1167/830 1350/1155/818 1349/1154/817 
f 1349/1154/817 1363/1168/831 1362/1167/830 
f 1355/1160/823 1364/1169/832 1365/1170/833 
f 1365/1170/833 1356/1161/824 1355/1160/823 
f 1342/1147/810 1366/1171/834 1367/1172/835 
f 1367/1172/835 1343/1148/811 1342/1147/810 
f 1362/1167/830 1368/1173/836 1369/1174/837 
f 1369/1174/837 1350/1155/818 1362/1167/830 
f 1348/1153/816 1347/1152/815 1366/1171/834 
f 1366/1171/834 1342/1147/810 1348/1153/816 
f 1370/1175/838 1371/1176/839 1354/1159/988 
f 1354/1159/988 1353/1158/821 1370/1175/838 
f 1372/1177/840 1373/1178/841 1374/1179/842 
f 1374/1179/842 1357/1162/825 1372/1177/840 
f 1375/1180/843 1376/1181/844 1367/1172/835 
f 1367/1172/835 1366/1171/834 1375/1180/843 
f 1358/1163/826 1377/1182/845 1378/1183/846 
f 1378/1183/846 1379/1184/847 1358/1163/826 
f 1369/1174/837 1380/1185/848 1373/1178/841 
f 1373/1178/841 1372/1177/840 1369/1174/837 
f 1381/1186/849 1360/1165/828 1337/1142/491 
f 1368/1173/836 1382/1187/980 1380/1185/848 
f 1380/1185/848 1369/1174/837 1368/1173/836 
f 1379/1184/847 1375/1180/843 1366/1171/834 
f 1366/1171/834 1347/1152/815 1379/1184/847 
f 1374/1179/842 1377/1182/845 1358/1163/826 
f 1358/1163/826 1357/1162/825 1374/1179/842 
f 1378/1183/846 1383/1188/851 1384/1189/852 
f 1384/1189/852 1385/1190/853 1378/1183/846 
f 1373/1178/841 1386/1191/854 1387/1192/855 
f 1387/1192/855 1374/1179/842 1373/1178/841 
f 1375/1180/843 1385/1190/853 1388/1193/856 
f 1388/1193/856 1376/1181/844 1375/1180/843 
f 1389/1194/857 1383/1188/851 1378/1183/846 
f 1378/1183/846 1377/1182/845 1389/1194/857 
f 1390/1195/858 1381/1186/849 1337/1142/491 
f 1382/1187/980 1391/1196/859 1392/1197/860 
f 1392/1197/860 1380/1185/848 1382/1187/980 
f 1379/1184/847 1378/1183/846 1385/1190/853 
f 1385/1190/853 1375/1180/843 1379/1184/847 
f 1374/1179/842 1387/1192/855 1389/1194/857 
f 1389/1194/857 1377/1182/845 1374/1179/842 
f 1393/1198/861 1394/1199/862 1386/1191/854 
f 1386/1191/854 1392/1197/860 1393/1198/861 
f 1386/1191/854 1394/1199/862 1395/1200/863 
f 1395/1200/863 1387/1192/855 1386/1191/854 
f 1385/1190/853 1384/1189/852 1396/1201/864 
f 1396/1201/864 1388/1193/856 1385/1190/853 
f 1389/1194/857 1397/1202/865 1398/1203/866 
f 1398/1203/866 1383/1188/851 1389/1194/857 
f 1399/1204/867 1390/1195/858 1337/1142/491 
f 1391/1196/859 1400/1205/981 1393/1198/861 
f 1393/1198/861 1392/1197/860 1391/1196/859 
f 1351/1156/819 1359/1164/827 1338/1143/806 
f 1338/1143/806 1352/1157/820 1351/1156/819 
f 1387/1192/855 1395/1200/863 1397/1202/865 
f 1397/1202/865 1389/1194/857 1387/1192/855 
f 1393/1198/861 1370/1175/838 1353/1158/821 
f 1353/1158/821 1394/1199/862 1393/1198/861 
f 1353/1158/821 1356/1161/824 1395/1200/863 
f 1395/1200/863 1394/1199/862 1353/1158/821 
f 1384/1189/852 1401/1206/869 1402/1207/870 
f 1402/1207/870 1396/1201/864 1384/1189/852 
f 1397/1202/865 1365/1170/833 1403/1208/871 
f 1403/1208/871 1398/1203/866 1397/1202/865 
f 1404/1209/872 1399/1204/867 1337/1142/491 
f 1400/1205/981 1405/1210/873 1370/1175/838 
f 1370/1175/838 1393/1198/861 1400/1205/981 
f 1398/1203/866 1401/1206/869 1384/1189/852 
f 1384/1189/852 1383/1188/851 1398/1203/866 
f 1395/1200/863 1356/1161/824 1365/1170/833 
f 1365/1170/833 1397/1202/865 1395/1200/863 
f 1406/1211/874 1407/1212/875 1408/1213/876 
f 1408/1213/876 1409/1214/877 1406/1211/874 
f 1409/1214/877 1408/1213/876 1410/1215/878 
f 1410/1215/878 1411/1216/879 1409/1214/877 
f 1412/1217/880 1413/1218/881 1402/1207/870 
f 1402/1207/870 1401/1206/869 1412/1217/880 
f 1365/1170/833 1364/1169/832 1414/1219/882 
f 1414/1219/882 1403/1208/871 1365/1170/833 
f 1415/1220/883 1404/1209/872 1337/1142/491 
f 1405/1210/873 1416/1221/884 1371/1176/839 
f 1371/1176/839 1370/1175/838 1405/1210/873 
f 1398/1203/866 1403/1208/871 1412/1217/880 
f 1412/1217/880 1401/1206/869 1398/1203/866 
f 1333/1138/802 1417/1222/885 1418/1223/886 
f 1418/1223/886 1419/1224/989 1333/1138/802 
f 1371/1225/839 1420/1226/888 1421/1227/889 
f 1421/1227/889 1354/1228/988 1371/1225/839 
f 1354/1228/988 1421/1227/889 1422/1229/890 
f 1422/1229/890 1355/1230/823 1354/1228/988 
f 1412/1217/880 1423/1231/891 1424/1232/892 
f 1424/1232/892 1413/1218/881 1412/1217/880 
f 1364/1233/832 1425/1234/893 1426/1235/894 
f 1426/1235/894 1414/1236/882 1364/1233/832 
f 1427/1237/895 1415/1220/883 1337/1142/491 
f 1421/1227/889 1428/1238/896 1429/1239/897 
f 1429/1239/897 1422/1229/890 1421/1227/889 
f 1423/1240/891 1430/1241/898 1431/1242/899 
f 1431/1242/899 1424/1243/892 1423/1240/891 
f 1425/1234/893 1432/1244/900 1433/1245/901 
f 1433/1245/901 1426/1235/894 1425/1234/893 
f 1420/1226/888 1434/1246/902 1428/1238/896 
f 1428/1238/896 1421/1227/889 1420/1226/888 
f 1435/1247/903 1420/1226/888 1371/1225/839 
f 1371/1225/839 1416/1248/884 1435/1247/903 
f 1403/1208/871 1414/1219/882 1423/1231/891 
f 1423/1231/891 1412/1217/880 1403/1208/871 
f 1355/1230/823 1422/1229/890 1425/1234/893 
f 1425/1234/893 1364/1233/832 1355/1230/823 
f 1436/1249/904 1427/1237/895 1337/1142/491 
f 1435/1247/903 1437/1250/905 1434/1246/902 
f 1434/1246/902 1420/1226/888 1435/1247/903 
f 1414/1236/882 1426/1235/894 1430/1241/898 
f 1430/1241/898 1423/1240/891 1414/1236/882 
f 1422/1229/890 1429/1239/897 1432/1244/900 
f 1432/1244/900 1425/1234/893 1422/1229/890 
f 1434/1246/902 1438/1251/906 1439/1252/907 
f 1439/1252/907 1428/1238/896 1434/1246/902 
f 1428/1238/896 1439/1252/907 1440/1253/908 
f 1440/1253/908 1429/1239/897 1428/1238/896 
f 1430/1241/898 1441/1254/909 1442/1255/910 
f 1442/1255/910 1431/1242/899 1430/1241/898 
f 1432/1244/900 1443/1256/911 1444/1257/912 
f 1444/1257/912 1433/1245/901 1432/1244/900 
f 1445/1258/913 1436/1249/904 1337/1142/491 
f 1437/1250/905 1446/1259/914 1438/1251/906 
f 1438/1251/906 1434/1246/902 1437/1250/905 
f 1426/1235/894 1433/1245/901 1441/1254/909 
f 1441/1254/909 1430/1241/898 1426/1235/894 
f 1429/1239/897 1440/1253/908 1443/1256/911 
f 1443/1256/911 1432/1244/900 1429/1239/897 
f 1438/1251/906 1447/1260/915 1448/1261/916 
f 1448/1261/916 1439/1252/907 1438/1251/906 
f 1439/1252/907 1448/1261/916 1449/1262/917 
f 1449/1262/917 1440/1253/908 1439/1252/907 
f 1441/1254/909 1450/1263/918 1451/1264/919 
f 1451/1264/919 1442/1255/910 1441/1254/909 
f 1443/1256/911 1452/1265/982 1453/1266/921 
f 1453/1266/921 1444/1257/912 1443/1256/911 
f 1454/1267/922 1445/1258/913 1337/1142/491 
f 1446/1259/914 1455/1268/923 1447/1260/915 
f 1447/1260/915 1438/1251/906 1446/1259/914 
f 1433/1245/901 1444/1257/912 1450/1263/918 
f 1450/1263/918 1441/1254/909 1433/1245/901 
f 1440/1253/908 1449/1262/917 1452/1265/982 
f 1452/1265/982 1443/1256/911 1440/1253/908 
f 1447/1260/915 1456/1269/924 1457/1270/925 
f 1457/1270/925 1448/1261/916 1447/1260/915 
f 1448/1261/916 1457/1270/925 1458/1271/926 
f 1458/1271/926 1449/1262/917 1448/1261/916 
f 1450/1263/918 1459/1272/927 1460/1273/928 
f 1460/1273/928 1451/1264/919 1450/1263/918 
f 1452/1265/982 1461/1274/929 1462/1275/930 
f 1462/1275/930 1453/1266/921 1452/1265/982 
f 1454/1267/922 1337/1142/491 1463/1276/931 
f 1464/1277/932 1463/1276/931 1337/1142/491 
f 1444/1257/912 1453/1266/921 1459/1272/927 
f 1459/1272/927 1450/1263/918 1444/1257/912 
f 1449/1262/917 1458/1271/926 1461/1274/929 
f 1461/1274/929 1452/1265/982 1449/1262/917 
f 1456/1269/924 1465/1278/933 1466/1279/934 
f 1466/1279/934 1457/1270/925 1456/1269/924 
f 1457/1270/925 1466/1279/934 1467/1280/983 
f 1467/1280/983 1458/1271/926 1457/1270/925 
f 1459/1272/927 1468/1281/936 1469/1282/937 
f 1469/1282/937 1460/1273/928 1459/1272/927 
f 1461/1274/929 1470/1283/938 1471/1284/939 
f 1471/1284/939 1462/1275/930 1461/1274/929 
f 1472/1285/940 1456/1269/924 1447/1260/915 
f 1447/1260/915 1455/1268/923 1472/1285/940 
f 1472/1285/940 1473/1286/941 1465/1278/933 
f 1465/1278/933 1456/1269/924 1472/1285/940 
f 1453/1266/921 1462/1275/930 1468/1281/936 
f 1468/1281/936 1459/1272/927 1453/1266/921 
f 1458/1271/926 1467/1280/983 1470/1283/938 
f 1470/1283/938 1461/1274/929 1458/1271/926 
f 1465/1278/933 1474/1287/942 1475/1288/943 
f 1475/1288/943 1466/1279/934 1465/1278/933 
f 1466/1279/934 1475/1288/943 1476/1289/944 
f 1476/1289/944 1467/1280/983 1466/1279/934 
f 1468/1281/936 1477/1290/945 1478/1291/946 
f 1478/1291/946 1469/1282/937 1468/1281/936 
f 1470/1283/938 1479/1292/947 1480/1293/948 
f 1480/1293/948 1471/1284/939 1470/1283/938 
f 1481/1294/949 1464/1277/932 1337/1142/491 
f 1473/1286/941 1482/1295/950 1474/1287/942 
f 1474/1287/942 1465/1278/933 1473/1286/941 
f 1462/1275/930 1471/1284/939 1477/1290/945 
f 1477/1290/945 1468/1281/936 1462/1275/930 
f 1467/1280/983 1476/1289/944 1479/1292/947 
f 1479/1292/947 1470/1283/938 1467/1280/983 
f 1474/1287/942 1419/1224/989 1418/1223/886 
f 1418/1223/886 1475/1288/943 1474/1287/942 
f 1475/1288/943 1418/1223/886 1406/1211/874 
f 1406/1211/874 1476/1289/944 1475/1288/943 
f 1477/1290/945 1483/1296/951 1484/1297/952 
f 1484/1297/952 1478/1291/946 1477/1290/945 
f 1479/1292/947 1409/1214/877 1411/1216/879 
f 1411/1216/879 1480/1293/948 1479/1292/947 
f 1485/1298/953 1481/1294/949 1337/1142/491 
f 1482/1295/950 1486/1299/954 1419/1224/989 
f 1419/1224/989 1474/1287/942 1482/1295/950 
f 1471/1284/939 1480/1293/948 1483/1296/951 
f 1483/1296/951 1477/1290/945 1471/1284/939 
f 1476/1289/944 1406/1211/874 1409/1214/877 
f 1409/1214/877 1479/1292/947 1476/1289/944 
f 1418/1223/886 1417/1222/885 1407/1212/875 
f 1407/1212/875 1406/1211/874 1418/1223/886 
f 1358/1163/826 1379/1184/847 1347/1152/815 
f 1347/1152/815 1346/1151/814 1358/1163/826 
f 1483/1296/951 1487/1300/955 1488/1301/956 
f 1488/1301/956 1484/1297/952 1483/1296/951 
f 1372/1177/840 1357/1162/825 1359/1164/827 
f 1359/1164/827 1351/1156/819 1372/1177/840 
f 1485/1298/953 1337/1142/491 1489/1302/957 
f 1334/1139/803 1333/1138/802 1419/1224/989 
f 1419/1224/989 1486/1299/954 1334/1139/803 
f 1480/1293/948 1411/1216/879 1487/1300/955 
f 1487/1300/955 1483/1296/951 1480/1293/948 
f 1350/1155/818 1369/1174/837 1372/1177/840 
f 1372/1177/840 1351/1156/819 1350/1155/818 
f 1332/1137/801 1490/1303/958 1417/1222/885 
f 1417/1222/885 1333/1138/802 1332/1137/801 
f 1490/1303/958 1341/1146/809 1407/1212/875 
f 1407/1212/875 1417/1222/885 1490/1303/958 
f 1487/1300/955 1491/1304/959 1492/1305/960 
f 1492/1305/960 1488/1301/956 1487/1300/955 
f 1408/1213/876 1340/1145/808 1493/1306/961 
f 1493/1306/961 1410/1215/878 1408/1213/876 
f 1336/1141/805 1489/1302/957 1337/1142/491 
f 1349/1154/817 1352/1157/820 1490/1303/958 
f 1490/1303/958 1332/1137/801 1349/1154/817 
f 1345/1150/813 1344/1149/812 1492/1305/960 
f 1492/1305/960 1491/1304/959 1345/1150/813 
f 1494/1307/962 1363/1168/831 1331/1136/800 
f 1331/1136/800 1495/1308/963 1494/1307/962 
f 1338/1143/806 1359/1164/827 1346/1151/814 
f 1346/1151/814 1339/1144/807 1338/1143/806 
f 1396/1309/686 1496/1310/686 1388/1311/686 
f 1410/1215/878 1491/1304/959 1487/1300/955 
f 1487/1300/955 1411/1216/879 1410/1215/878 
f 1341/1146/809 1340/1145/808 1408/1213/876 
f 1408/1213/876 1407/1212/875 1341/1146/809 
f 1335/1140/804 1337/1142/491 1361/1166/829 
f 1493/1306/961 1345/1150/813 1491/1304/959 
f 1491/1304/959 1410/1215/878 1493/1306/961 
f 1352/1157/820 1338/1143/806 1341/1146/809 
f 1341/1146/809 1490/1303/958 1352/1157/820 
f 1348/1153/816 1342/1147/810 1345/1150/813 
f 1345/1150/813 1493/1306/961 1348/1153/816 
f 1339/1144/807 1348/1153/816 1493/1306/961 
f 1493/1306/961 1340/1145/808 1339/1144/807 
f 1361/1166/829 1494/1312/962 1495/1313/963 
f 1495/1313/963 1335/1140/804 1361/1166/829 
f 1497/1314/964 1382/1187/980 1368/1173/836 
f 1368/1173/836 1381/1315/965 1497/1314/964 
f 1390/1195/858 1497/1316/964 1381/1317/965 
f 1381/1317/965 1381/1186/849 1390/1195/858 
f 1498/1318/984 1416/1221/884 1405/1210/873 
f 1405/1210/873 1499/1319/967 1498/1318/984 
f 1427/1237/895 1498/1320/984 1499/1321/967 
f 1499/1321/967 1415/1220/883 1427/1237/895 
f 1500/1322/968 1455/1268/923 1446/1259/914 
f 1446/1259/914 1501/1323/969 1500/1322/968 
f 1463/1276/931 1500/1324/968 1501/1325/969 
f 1501/1325/969 1454/1267/922 1463/1276/931 
f 1502/1326/970 1486/1299/954 1482/1295/950 
f 1482/1295/950 1503/1327/971 1502/1326/970 
f 1489/1302/957 1502/1328/970 1503/1329/971 
f 1503/1329/971 1485/1298/953 1489/1302/957 
f 1335/1140/804 1495/1313/963 1504/1330/972 
f 1504/1330/972 1336/1141/805 1335/1140/804 
f 1495/1308/963 1331/1136/800 1334/1139/803 
f 1334/1139/803 1504/1331/972 1495/1308/963 
f 1501/1323/969 1446/1259/914 1437/1250/905 
f 1437/1250/905 1505/1332/973 1501/1323/969 
f 1454/1267/922 1501/1325/969 1505/1333/973 
f 1505/1333/973 1445/1258/913 1454/1267/922 
f 1503/1327/971 1482/1295/950 1473/1286/941 
f 1473/1286/941 1506/1334/974 1503/1327/971 
f 1485/1298/953 1503/1329/971 1506/1335/974 
f 1506/1335/974 1481/1294/949 1485/1298/953 
f 1381/1315/965 1368/1173/836 1362/1167/830 
f 1362/1167/830 1507/1336/985 1381/1315/965 
f 1381/1186/849 1381/1317/965 1507/1337/985 
f 1507/1337/985 1360/1165/828 1381/1186/849 
f 1499/1319/967 1405/1210/873 1400/1205/981 
f 1400/1205/981 1404/1338/986 1499/1319/967 
f 1415/1220/883 1499/1321/967 1404/1339/986 
f 1404/1339/986 1404/1209/872 1415/1220/883 
f 1505/1332/973 1437/1250/905 1435/1247/903 
f 1435/1247/903 1508/1340/977 1505/1332/973 
f 1445/1258/913 1505/1333/973 1508/1341/977 
f 1508/1341/977 1436/1249/904 1445/1258/913 
f 1506/1334/974 1473/1286/941 1472/1285/940 
f 1472/1285/940 1509/1342/987 1506/1334/974 
f 1481/1294/949 1506/1335/974 1509/1343/987 
f 1509/1343/987 1464/1277/932 1481/1294/949 
f 1404/1338/986 1400/1205/981 1391/1196/859 
f 1391/1196/859 1510/1344/979 1404/1338/986 
f 1404/1209/872 1404/1339/986 1510/1345/979 
f 1510/1345/979 1399/1204/867 1404/1209/872 
f 1507/1336/985 1362/1167/830 1363/1168/831 
f 1363/1168/831 1494/1307/962 1507/1336/985 
f 1360/1165/828 1507/1337/985 1494/1312/962 
f 1494/1312/962 1361/1166/829 1360/1165/828 
f 1508/1340/977 1435/1247/903 1416/1248/884 
f 1416/1248/884 1498/1346/984 1508/1340/977 
f 1436/1249/904 1508/1341/977 1498/1320/984 
f 1498/1320/984 1427/1237/895 1436/1249/904 
f 1509/1342/987 1472/1285/940 1455/1268/923 
f 1455/1268/923 1500/1322/968 1509/1342/987 
f 1464/1277/932 1509/1343/987 1500/1324/968 
f 1500/1324/968 1463/1276/931 1464/1277/932 
f 1504/1331/972 1334/1139/803 1486/1299/954 
f 1486/1299/954 1502/1326/970 1504/1331/972 
f 1336/1141/805 1504/1330/972 1502/1328/970 
f 1502/1328/970 1489/1302/957 1336/1141/805 
f 1510/1344/979 1391/1196/859 1382/1187/980 
f 1382/1187/980 1497/1314/964 1510/1344/979 
f 1399/1204/867 1510/1345/979 1497/1316/964 
f 1497/1316/964 1390/1195/858 1399/1204/867 
f 1363/1168/831 1349/1154/817 1332/1137/801 
f 1332/1137/801 1331/1136/800 1363/1168/831 
f 1402/1347/686 1413/1348/686 1496/1310/686 
f 1460/1349/686 1496/1310/686 1451/1350/686 
f 1484/1351/686 1496/1310/686 1478/1352/686 
f 1431/1353/686 1496/1310/686 1424/1354/686 
f 1424/1354/686 1496/1310/686 1413/1348/686 
f 1344/1355/686 1496/1310/686 1492/1356/686 
f 1388/1311/686 1496/1310/686 1376/1357/686 
f 1343/1358/686 1496/1310/686 1344/1355/686 
f 1402/1347/686 1496/1310/686 1396/1309/686 
f 1478/1352/686 1496/1310/686 1469/1359/686 
f 1376/1357/686 1496/1310/686 1367/1360/686 
f 1488/1361/686 1496/1310/686 1484/1351/686 
f 1367/1360/686 1496/1310/686 1343/1358/686 
f 1451/1350/686 1496/1310/686 1442/1362/686 
f 1442/1362/686 1496/1310/686 1431/1353/686 
f 1492/1356/686 1496/1310/686 1488/1361/686 
f 1469/1359/686 1496/1310/686 1460/1349/686 
f 1380/1185/848 1392/1197/860 1386/1191/854 
f 1386/1191/854 1373/1178/841 1380/1185/848 
f 1511/1363/990 1512/1364/991 1513/1365/992 
f 1513/1365/992 1514/1366/993 1511/1363/990 
f 1515/1367/994 1516/1368/995 1517/1369/996 
f 1517/1369/996 1518/1370/997 1515/1367/994 
f 1519/1371/998 1520/1372/999 1521/1373/1000 
f 1521/1373/1000 1522/1374/1001 1519/1371/998 
f 1523/1375/1002 1524/1376/1003 1525/1377/1004 
f 1525/1377/1004 1526/1378/1005 1523/1375/1002 
f 1527/1379/1006 1523/1380/1002 1526/1381/1005 
f 1526/1381/1005 1528/1382/1007 1527/1379/1006 
f 1527/1379/1006 1528/1382/1007 1516/1368/995 
f 1516/1368/995 1529/1383/1008 1527/1379/1006 
f 1530/1384/1009 1531/1385/1010 1532/1386/1011 
f 1532/1386/1011 1533/1387/1012 1530/1384/1009 
f 1530/1384/1009 1533/1387/1012 1513/1365/992 
f 1513/1365/992 1534/1388/1013 1530/1384/1009 
f 1523/1389/1002 1530/1384/1009 1534/1388/1013 
f 1534/1388/1013 1524/1390/1003 1523/1389/1002 
f 1523/1380/1002 1527/1379/1006 1531/1391/1010 
f 1535/1392/1014 1536/1393/1015 1537/1394/1016 
f 1537/1394/1016 1538/1395/1017 1535/1392/1014 
f 1539/1396/1018 1540/1397/1019 1541/1398/1020 
f 1541/1398/1020 1542/1399/1021 1539/1396/1018 
f 1539/1396/1018 1542/1399/1021 1517/1369/996 
f 1517/1369/996 1543/1400/1022 1539/1396/1018 
f 1544/1401/1023 1539/1396/1018 1543/1400/1022 
f 1543/1400/1022 1545/1402/1024 1544/1401/1023 
f 1544/1403/1023 1545/1404/1024 1546/1405/1025 
f 1546/1405/1025 1547/1406/1026 1544/1403/1023 
f 1535/1392/1014 1544/1407/1023 1547/1408/1026 
f 1547/1408/1026 1536/1393/1015 1535/1392/1014 
f 1540/1397/1019 1539/1396/1018 1544/1401/1023 
f 1548/1409/1027 1549/1410/1028 1521/1373/1000 
f 1521/1373/1000 1550/1411/1029 1548/1409/1027 
f 1551/1412/1030 1548/1409/1027 1550/1411/1029 
f 1550/1411/1029 1552/1413/1031 1551/1412/1030 
f 1551/1414/1030 1552/1415/1031 1553/1416/1032 
f 1553/1416/1032 1554/1417/1033 1551/1414/1030 
f 1555/1418/1034 1551/1419/1030 1554/1420/1033 
f 1554/1420/1033 1556/1421/1035 1555/1418/1034 
f 1555/1418/1034 1556/1421/1035 1512/1364/991 
f 1512/1364/991 1557/1422/1036 1555/1418/1034 
f 1548/1409/1027 1558/1423/1037 1559/1424/1038 
f 1559/1424/1038 1549/1410/1028 1548/1409/1027 
f 1551/1419/1030 1555/1418/1034 1558/1425/1037 
f 1560/1426/1039 1561/1427/1040 1562/1428/1041 
f 1562/1428/1041 1563/1429/1042 1560/1426/1039 
f 1564/1430/1043 1560/1431/1039 1563/1432/1042 
f 1563/1432/1042 1565/1433/1044 1564/1430/1043 
f 1564/1430/1043 1565/1433/1044 1520/1372/999 
f 1520/1372/999 1566/1434/1045 1564/1430/1043 
f 1567/1435/1046 1568/1436/1047 1569/1437/1048 
f 1569/1437/1048 1570/1438/1049 1567/1435/1046 
f 1567/1435/1046 1570/1438/1049 1571/1439/1050 
f 1571/1439/1050 1572/1440/1051 1567/1435/1046 
f 1560/1441/1039 1567/1435/1046 1572/1440/1051 
f 1572/1440/1051 1561/1442/1040 1560/1441/1039 
f 1560/1431/1039 1564/1430/1043 1568/1443/1047 
f 1562/1428/1041 1546/1405/1025 1525/1377/1004 
f 1525/1377/1004 1553/1416/1032 1562/1428/1041 
f 1520/1372/999 1565/1433/1044 1550/1411/1029 
f 1550/1411/1029 1521/1373/1000 1520/1372/999 
f 1565/1433/1044 1563/1432/1042 1552/1413/1031 
f 1552/1413/1031 1550/1411/1029 1565/1433/1044 
f 1542/1399/1021 1573/1444/1052 1518/1370/997 
f 1518/1370/997 1517/1369/996 1542/1399/1021 
f 1538/1395/1017 1574/1445/1053 1575/1446/1053 
f 1575/1446/1053 1541/1447/1020 1538/1395/1017 
f 1537/1394/1016 1576/1448/1054 1574/1445/1055 
f 1574/1445/1055 1538/1395/1017 1537/1394/1016 
f 1512/1364/991 1556/1421/1035 1534/1388/1013 
f 1534/1388/1013 1513/1365/992 1512/1364/991 
f 1556/1421/1035 1554/1420/1033 1524/1390/1003 
f 1524/1390/1003 1534/1388/1013 1556/1421/1035 
f 1554/1417/1033 1553/1416/1032 1525/1377/1004 
f 1525/1377/1004 1524/1376/1003 1554/1417/1033 
f 1577/1449/1056 1529/1383/1008 1516/1368/995 
f 1516/1368/995 1515/1367/994 1577/1449/1056 
f 1578/1450/1057 1533/1387/1012 1532/1386/1011 
f 1532/1386/1011 1579/1451/1057 1578/1450/1057 
f 1514/1366/993 1513/1365/992 1533/1387/1012 
f 1533/1387/1012 1578/1450/1058 1514/1366/993 
f 1563/1429/1042 1562/1428/1041 1553/1416/1032 
f 1553/1416/1032 1552/1415/1031 1563/1429/1042 
f 1516/1368/995 1528/1382/1007 1543/1400/1022 
f 1543/1400/1022 1517/1369/996 1516/1368/995 
f 1528/1382/1007 1526/1381/1005 1545/1402/1024 
f 1545/1402/1024 1543/1400/1022 1528/1382/1007 
f 1549/1410/1028 1580/1452/1059 1522/1374/1001 
f 1522/1374/1001 1521/1373/1000 1549/1410/1028 
f 1557/1422/1036 1581/1453/1060 1582/1454/1061 
f 1582/1454/1061 1559/1455/1038 1557/1422/1036 
f 1512/1364/991 1511/1363/990 1581/1453/1062 
f 1581/1453/1062 1557/1422/1036 1512/1364/991 
f 1583/1456/1063 1566/1434/1045 1520/1372/999 
f 1520/1372/999 1519/1371/998 1583/1456/1063 
f 1584/1457/1064 1570/1438/1049 1569/1437/1048 
f 1569/1437/1048 1585/1458/1065 1584/1457/1064 
f 1586/1459/1066 1571/1439/1050 1570/1438/1049 
f 1570/1438/1049 1584/1457/1067 1586/1459/1066 
f 1537/1394/1016 1536/1393/1015 1572/1440/1051 
f 1572/1440/1051 1571/1439/1050 1537/1394/1016 
f 1536/1393/1015 1547/1408/1026 1561/1442/1040 
f 1561/1442/1040 1572/1440/1051 1536/1393/1015 
f 1547/1406/1026 1546/1405/1025 1562/1428/1041 
f 1562/1428/1041 1561/1427/1040 1547/1406/1026 
f 1576/1448/1054 1537/1394/1016 1571/1439/1050 
f 1571/1439/1050 1586/1459/1066 1576/1448/1054 
f 1585/1460/1065 1569/1461/1048 1566/1434/1045 
f 1566/1434/1045 1583/1456/1068 1585/1460/1065 
f 1568/1443/1047 1564/1430/1043 1566/1434/1045 
f 1566/1434/1045 1569/1461/1048 1568/1443/1047 
f 1567/1435/1046 1560/1441/1039 1568/1436/1047 
f 1559/1424/1038 1582/1462/1061 1580/1452/1069 
f 1580/1452/1069 1549/1410/1028 1559/1424/1038 
f 1558/1425/1037 1555/1418/1034 1557/1422/1036 
f 1557/1422/1036 1559/1455/1038 1558/1425/1037 
f 1548/1409/1027 1551/1412/1030 1558/1423/1037 
f 1541/1398/1020 1575/1463/1053 1573/1444/1053 
f 1573/1444/1053 1542/1399/1021 1541/1398/1020 
f 1540/1464/1019 1535/1392/1014 1538/1395/1017 
f 1538/1395/1017 1541/1447/1020 1540/1464/1019 
f 1535/1392/1014 1540/1464/1019 1544/1407/1023 
f 1579/1465/1057 1532/1466/1011 1529/1383/1008 
f 1529/1383/1008 1577/1449/1057 1579/1465/1057 
f 1531/1391/1010 1527/1379/1006 1529/1383/1008 
f 1529/1383/1008 1532/1466/1011 1531/1391/1010 
f 1530/1384/1009 1523/1389/1002 1531/1385/1010 
f 1587/1467/1070 1588/1468/1071 1589/1469/1072 
f 1589/1469/1072 1590/1470/1073 1587/1467/1070 
f 1591/1471/1074 1592/1472/1075 1593/1473/1076 
f 1593/1473/1076 1594/1474/1077 1591/1471/1074 
f 1595/1475/1078 1596/1476/1079 1597/1477/1080 
f 1597/1477/1080 1598/1478/1081 1595/1475/1078 
f 1599/1479/1082 1595/1475/1078 1598/1478/1081 
f 1598/1478/1081 1600/1480/1083 1599/1479/1082 
f 1601/1481/1084 1599/1479/1082 1600/1480/1083 
f 1600/1480/1083 1602/1482/1085 1601/1481/1084 
f 1603/1483/1086 1601/1481/1084 1602/1482/1085 
f 1602/1482/1085 1604/1484/1087 1603/1483/1086 
f 1605/1485/1088 1603/1483/1086 1604/1484/1087 
f 1604/1484/1087 1606/1486/1089 1605/1485/1088 
f 1607/1487/1090 1605/1485/1088 1606/1486/1089 
f 1606/1486/1089 1608/1488/1091 1607/1487/1090 
f 1609/1489/1092 1607/1487/1090 1608/1488/1091 
f 1608/1488/1091 1610/1490/1093 1609/1489/1092 
f 1611/1491/1094 1609/1489/1092 1610/1490/1093 
f 1610/1490/1093 1612/1492/1095 1611/1491/1094 
f 1613/1493/1096 1611/1491/1094 1612/1492/1095 
f 1612/1492/1095 1614/1494/1097 1613/1493/1096 
f 1615/1495/1098 1613/1493/1096 1614/1494/1097 
f 1614/1494/1097 1616/1496/1099 1615/1495/1098 
f 1617/1497/1100 1615/1495/1098 1616/1496/1099 
f 1616/1496/1099 1618/1498/1101 1617/1497/1100 
f 1619/1499/1102 1617/1497/1100 1618/1498/1101 
f 1618/1498/1101 1620/1500/1103 1619/1499/1102 
f 1621/1501/1104 1619/1499/1102 1620/1500/1103 
f 1620/1500/1103 1622/1502/1105 1621/1501/1104 
f 1623/1503/1106 1621/1501/1104 1622/1502/1105 
f 1622/1502/1105 1624/1504/1107 1623/1503/1106 
f 1625/1505/1108 1623/1503/1106 1624/1504/1107 
f 1624/1504/1107 1626/1506/1109 1625/1505/1108 
f 1627/1507/1110 1625/1505/1108 1626/1506/1109 
f 1626/1506/1109 1628/1508/1111 1627/1507/1110 
f 1629/1509/1112 1627/1507/1110 1628/1508/1111 
f 1628/1508/1111 1630/1510/1113 1629/1509/1112 
f 1631/1511/1114 1629/1509/1112 1630/1510/1113 
f 1630/1510/1113 1632/1512/1115 1631/1511/1114 
f 1633/1513/1116 1631/1511/1114 1632/1512/1115 
f 1632/1512/1115 1634/1514/1117 1633/1513/1116 
f 1635/1515/1118 1633/1513/1116 1634/1514/1117 
f 1634/1514/1117 1636/1516/1119 1635/1515/1118 
f 1637/1517/1120 1635/1515/1118 1636/1516/1119 
f 1636/1516/1119 1638/1518/1121 1637/1517/1120 
f 1639/1519/1122 1637/1517/1120 1638/1518/1121 
f 1638/1518/1121 1640/1520/1123 1639/1519/1122 
f 1641/1521/1124 1639/1519/1122 1640/1520/1123 
f 1640/1520/1123 1642/1522/1125 1641/1521/1124 
f 1643/1523/1126 1641/1524/1124 1642/1525/1125 
f 1642/1525/1125 1644/1526/1127 1643/1523/1126 
f 1645/1527/1128 1643/1523/1126 1644/1526/1127 
f 1644/1526/1127 1646/1528/1129 1645/1527/1128 
f 1647/1529/1130 1645/1527/1128 1646/1528/1129 
f 1646/1528/1129 1648/1530/1131 1647/1529/1130 
f 1649/1531/1132 1647/1529/1130 1648/1530/1131 
f 1648/1530/1131 1650/1532/1133 1649/1531/1132 
f 1651/1533/1134 1649/1531/1132 1650/1532/1133 
f 1650/1532/1133 1652/1534/1135 1651/1533/1134 
f 1653/1535/1136 1651/1533/1134 1652/1534/1135 
f 1652/1534/1135 1654/1536/1137 1653/1535/1136 
f 1596/1476/1079 1655/1537/1138 1656/1538/1139 
f 1656/1538/1139 1597/1477/1080 1596/1476/1079 
f 1657/1539/1140 1653/1535/1136 1654/1536/1137 
f 1654/1536/1137 1658/1540/1141 1657/1539/1140 
f 1659/1541/1142 1660/1542/1143 1661/1543/1144 
f 1661/1543/1144 1662/1544/1145 1659/1541/1142 
f 1662/1544/1145 1661/1543/1144 1663/1545/1146 
f 1663/1545/1146 1664/1546/1147 1662/1544/1145 
f 1664/1546/1147 1663/1545/1146 1665/1547/1148 
f 1665/1547/1148 1666/1548/1149 1664/1546/1147 
f 1666/1548/1149 1665/1547/1148 1667/1549/1150 
f 1667/1549/1150 1668/1550/1151 1666/1548/1149 
f 1668/1550/1151 1667/1549/1150 1669/1551/1152 
f 1669/1551/1152 1670/1552/1153 1668/1550/1151 
f 1670/1552/1153 1669/1551/1152 1671/1553/1154 
f 1671/1553/1154 1672/1554/1155 1670/1552/1153 
f 1672/1554/1155 1671/1553/1154 1673/1555/1156 
f 1673/1555/1156 1674/1556/1157 1672/1554/1155 
f 1674/1556/1157 1673/1555/1156 1675/1557/1158 
f 1675/1557/1158 1676/1558/1159 1674/1556/1157 
f 1676/1558/1159 1675/1557/1158 1677/1559/1160 
f 1677/1559/1160 1678/1560/1161 1676/1558/1159 
f 1678/1560/1161 1677/1559/1160 1679/1561/1162 
f 1679/1561/1162 1680/1562/1163 1678/1560/1161 
f 1680/1562/1163 1679/1561/1162 1681/1563/1164 
f 1681/1563/1164 1682/1564/1165 1680/1562/1163 
f 1682/1564/1165 1681/1563/1164 1683/1565/1166 
f 1683/1565/1166 1684/1566/1167 1682/1564/1165 
f 1684/1566/1167 1683/1565/1166 1685/1567/1168 
f 1685/1567/1168 1686/1568/1169 1684/1566/1167 
f 1686/1568/1169 1685/1567/1168 1687/1569/1170 
f 1687/1569/1170 1688/1570/1171 1686/1568/1169 
f 1688/1570/1171 1687/1569/1170 1689/1571/1172 
f 1689/1571/1172 1690/1572/1173 1688/1570/1171 
f 1690/1572/1173 1689/1571/1172 1691/1573/1174 
f 1691/1573/1174 1692/1574/1175 1690/1572/1173 
f 1692/1574/1175 1691/1573/1174 1693/1575/1176 
f 1693/1575/1176 1694/1576/1177 1692/1574/1175 
f 1694/1576/1177 1693/1575/1176 1695/1577/1178 
f 1695/1577/1178 1696/1578/1179 1694/1576/1177 
f 1696/1578/1179 1695/1577/1178 1697/1579/1180 
f 1697/1579/1180 1698/1580/1181 1696/1578/1179 
f 1698/1580/1181 1697/1579/1180 1699/1581/1182 
f 1699/1581/1182 1700/1582/1183 1698/1580/1181 
f 1700/1582/1183 1699/1581/1182 1701/1583/1184 
f 1701/1583/1184 1702/1584/1185 1700/1582/1183 
f 1702/1584/1185 1701/1583/1184 1703/1585/1186 
f 1703/1585/1186 1704/1586/1187 1702/1584/1185 
f 1704/1587/1187 1703/1588/1186 1705/1589/1188 
f 1705/1589/1188 1706/1590/1189 1704/1587/1187 
f 1706/1590/1189 1705/1589/1188 1707/1591/1190 
f 1707/1591/1190 1708/1592/1191 1706/1590/1189 
f 1708/1592/1191 1707/1591/1190 1709/1593/1192 
f 1709/1593/1192 1710/1594/1193 1708/1592/1191 
f 1710/1594/1193 1709/1593/1192 1711/1595/1194 
f 1711/1595/1194 1712/1596/1195 1710/1594/1193 
f 1712/1596/1195 1711/1595/1194 1588/1468/1071 
f 1588/1468/1071 1587/1467/1070 1712/1596/1195 
f 1713/1597/1196 1714/1598/1197 1660/1542/1143 
f 1660/1542/1143 1659/1541/1142 1713/1597/1196 
f 1715/1599/1198 1716/1600/1199 1717/1601/1200 
f 1717/1601/1200 1718/1602/1201 1715/1599/1198 
f 1590/1470/1073 1589/1469/1072 1719/1603/1202 
f 1719/1603/1202 1720/1604/1203 1590/1470/1073 
f 1721/1605/1204 1722/1606/1205 1723/1607/1206 
f 1723/1607/1206 1724/1608/1207 1721/1605/1204 
f 1725/1609/1208 1726/1610/1209 1727/1611/1210 
f 1727/1611/1210 1728/1612/1211 1725/1609/1208 
f 1729/1613/1212 1730/1614/1213 1731/1615/1214 
f 1732/1616/1215 1733/1617/1216 1722/1606/1205 
f 1722/1606/1205 1721/1605/1204 1732/1616/1215 
f 1734/1618/1217 1735/1619/1218 1736/1620/1219 
f 1736/1620/1219 1737/1621/1220 1734/1618/1217 
f 1729/1613/1212 1738/1622/1221 1739/1623/1222 
f 1740/1624/1223 1741/1625/1224 1742/1626/1225 
f 1742/1626/1225 1743/1627/1226 1740/1624/1223 
f 1744/1628/1227 1745/1629/1228 1746/1630/1229 
f 1746/1630/1229 1747/1631/1230 1744/1628/1227 
f 1748/1632/1231 1749/1633/1232 1750/1634/1233 
f 1750/1634/1233 1751/1635/1234 1748/1632/1231 
f 1729/1613/1212 1752/1636/1235 1753/1637/1236 
f 1754/1638/1237 1755/1639/1238 1756/1640/1239 
f 1756/1640/1239 1757/1641/1240 1754/1638/1237 
f 1758/1642/1241 1759/1643/1242 1735/1619/1218 
f 1735/1619/1218 1734/1618/1217 1758/1642/1241 
f 1760/1644/3 1724/1608/1207 1723/1607/1206 
f 1723/1607/1206 1761/1645/1243 1760/1644/3 
f 1762/1646/1244 1763/1647/1245 1759/1643/1242 
f 1759/1643/1242 1758/1642/1241 1762/1646/1244 
f 1728/1612/1211 1727/1611/1210 1741/1625/1224 
f 1741/1625/1224 1740/1624/1223 1728/1612/1211 
f 1757/1641/1240 1756/1640/1239 1764/1648/1246 
f 1764/1648/1246 1765/1649/1247 1757/1641/1240 
f 1737/1621/1220 1736/1620/1219 1766/1650/1248 
f 1766/1650/1248 1767/1651/1249 1737/1621/1220 
f 1729/1613/1212 1768/1652/1250 1769/1653/1251 
f 1765/1649/1247 1764/1648/1246 1770/1654/1252 
f 1770/1654/1252 1771/1655/1253 1765/1649/1247 
f 1767/1651/1249 1766/1650/1248 1772/1656/1254 
f 1772/1656/1254 1773/1657/1255 1767/1651/1249 
f 1771/1655/1253 1770/1654/1252 1774/1658/1256 
f 1774/1658/1256 1775/1659/1257 1771/1655/1253 
f 1773/1657/1255 1772/1656/1254 1776/1660/1258 
f 1776/1660/1258 1777/1661/1259 1773/1657/1255 
f 1729/1613/1212 1778/1662/1260 1738/1622/1221 
f 1775/1659/1257 1774/1658/1256 1779/1663/1261 
f 1779/1663/1261 1780/1664/1262 1775/1659/1257 
f 1777/1661/1259 1776/1660/1258 1781/1665/1263 
f 1781/1665/1263 1782/1666/1264 1777/1661/1259 
f 1783/1667/1265 1784/1668/1266 1785/1669/1267 
f 1785/1669/1267 1786/1670/34 1783/1667/1265 
f 1782/1666/1264 1781/1665/1263 1787/1671/1268 
f 1787/1671/1268 1788/1672/1269 1782/1666/1264 
f 1729/1613/1212 1789/1673/1270 1790/1674/1271 
f 1780/1664/1262 1779/1663/1261 1791/1675/1272 
f 1791/1675/1272 1792/1676/1273 1780/1664/1262 
f 1788/1672/1269 1787/1671/1268 1733/1617/1216 
f 1733/1617/1216 1732/1616/1215 1788/1672/1269 
f 1793/1677/1274 1794/1678/1275 1795/1679/1276 
f 1795/1679/1276 1796/1680/1277 1793/1677/1274 
f 1747/1681/1230 1797/1682/1278 1798/1683/1279 
f 1798/1683/1279 1744/1684/1227 1747/1681/1230 
f 1729/1613/1212 1799/1685/1280 1800/1686/1281 
f 1801/1687/1282 1802/1688/1283 1749/1633/1232 
f 1749/1633/1232 1748/1632/1231 1801/1687/1282 
f 1803/1689/1284 1804/1690/1285 1805/1691/1286 
f 1805/1691/1286 1806/1692/1287 1803/1689/1284 
f 1591/1471/1074 1807/1693/1288 1808/1694/1289 
f 1808/1694/1289 1592/1472/1075 1591/1471/1074 
f 1720/1604/1203 1719/1603/1202 1809/1695/1290 
f 1809/1695/1290 1810/1696/1291 1720/1604/1203 
f 1811/1697/1292 1812/1698/1143 1813/1699/1144 
f 1813/1699/1144 1814/1700/1293 1811/1697/1292 
f 1815/1701/1294 1816/1702/1295 1817/1703/1296 
f 1817/1703/1296 1818/1704/1297 1815/1701/1294 
f 1818/1704/1297 1817/1703/1296 1819/1705/1298 
f 1819/1705/1298 1820/1706/1299 1818/1704/1297 
f 1820/1706/1299 1819/1705/1298 1821/1707/1300 
f 1821/1707/1300 1822/1708/1301 1820/1706/1299 
f 1822/1708/1301 1821/1707/1300 1823/1709/1302 
f 1823/1709/1302 1824/1710/1303 1822/1708/1301 
f 1824/1711/1303 1823/1712/1302 1825/1713/1304 
f 1825/1713/1304 1826/1714/1305 1824/1711/1303 
f 1826/1714/1305 1825/1713/1304 1827/1715/1306 
f 1827/1715/1306 1828/1716/1307 1826/1714/1305 
f 1828/1716/1307 1827/1715/1306 1829/1717/1308 
f 1829/1717/1308 1830/1718/1309 1828/1716/1307 
f 1830/1718/1309 1829/1717/1308 1831/1719/1310 
f 1831/1719/1310 1832/1720/1311 1830/1718/1309 
f 1832/1720/1311 1831/1719/1310 1833/1721/1312 
f 1833/1721/1312 1834/1722/1313 1832/1720/1311 
f 1834/1722/1313 1833/1721/1312 1835/1723/1314 
f 1835/1723/1314 1836/1724/1315 1834/1722/1313 
f 1836/1724/1315 1835/1723/1314 1837/1725/1316 
f 1837/1725/1316 1838/1726/1317 1836/1724/1315 
f 1838/1726/1317 1837/1725/1316 1839/1727/1318 
f 1839/1727/1318 1840/1728/1319 1838/1726/1317 
f 1840/1728/1319 1839/1727/1318 1841/1729/1320 
f 1841/1729/1320 1842/1730/1321 1840/1728/1319 
f 1842/1730/1321 1841/1729/1320 1843/1731/1322 
f 1843/1731/1322 1844/1732/1323 1842/1730/1321 
f 1844/1732/1323 1843/1731/1322 1845/1733/1324 
f 1845/1733/1324 1846/1734/1325 1844/1732/1323 
f 1846/1734/1325 1845/1733/1324 1847/1735/1326 
f 1847/1735/1326 1848/1736/1327 1846/1734/1325 
f 1848/1736/1327 1847/1735/1326 1849/1737/1328 
f 1849/1737/1328 1850/1738/1329 1848/1736/1327 
f 1850/1738/1329 1849/1737/1328 1851/1739/1330 
f 1851/1739/1330 1852/1740/1331 1850/1738/1329 
f 1852/1740/1331 1851/1739/1330 1853/1741/1332 
f 1853/1741/1332 1854/1742/1333 1852/1740/1331 
f 1854/1742/1333 1853/1741/1332 1855/1743/1334 
f 1855/1743/1334 1856/1744/1335 1854/1742/1333 
f 1856/1744/1335 1855/1743/1334 1857/1745/1336 
f 1857/1745/1336 1858/1746/1337 1856/1744/1335 
f 1858/1746/1337 1857/1745/1336 1859/1747/1338 
f 1859/1747/1338 1860/1748/1339 1858/1746/1337 
f 1860/1748/1339 1859/1747/1338 1861/1749/1340 
f 1861/1749/1340 1862/1750/1341 1860/1748/1339 
f 1862/1750/1341 1861/1749/1340 1863/1751/1342 
f 1863/1751/1342 1864/1752/1343 1862/1750/1341 
f 1864/1752/1343 1863/1751/1342 1865/1753/1344 
f 1865/1753/1344 1866/1754/1345 1864/1752/1343 
f 1866/1754/1345 1865/1753/1344 1867/1755/1346 
f 1867/1755/1346 1868/1756/1347 1866/1754/1345 
f 1868/1756/1347 1867/1755/1346 1808/1694/1289 
f 1808/1694/1289 1807/1693/1288 1868/1756/1347 
f 1718/1602/1201 1717/1601/1200 1816/1702/1295 
f 1816/1702/1295 1815/1701/1294 1718/1602/1201 
f 1869/1757/1348 1870/1758/1349 1871/1759/1350 
f 1871/1759/1350 1872/1760/1351 1869/1757/1348 
f 1873/1761/1352 1874/1762/1140 1875/1763/1353 
f 1875/1763/1353 1876/1764/1354 1873/1761/1352 
f 1877/1765/1355 1878/1766/1356 1879/1767/1357 
f 1879/1767/1357 1880/1768/1288 1877/1765/1355 
f 1881/1769/1358 1882/1770/1082 1883/1771/1078 
f 1883/1771/1078 1884/1772/1359 1881/1769/1358 
f 1885/1773/1360 1886/1774/1084 1882/1770/1082 
f 1882/1770/1082 1881/1769/1358 1885/1773/1360 
f 1887/1775/1361 1888/1776/1086 1886/1774/1084 
f 1886/1774/1084 1885/1773/1360 1887/1775/1361 
f 1889/1777/1362 1890/1778/1363 1888/1776/1086 
f 1888/1776/1086 1887/1775/1361 1889/1777/1362 
f 1891/1779/1364 1892/1780/1365 1890/1778/1363 
f 1890/1778/1363 1889/1777/1362 1891/1779/1364 
f 1893/1781/1366 1894/1782/1367 1892/1780/1365 
f 1892/1780/1365 1891/1779/1364 1893/1781/1366 
f 1895/1783/1368 1896/1784/1369 1894/1782/1367 
f 1894/1782/1367 1893/1781/1366 1895/1783/1368 
f 1897/1785/1370 1898/1786/1371 1896/1784/1369 
f 1896/1784/1369 1895/1783/1368 1897/1785/1370 
f 1899/1787/1372 1900/1788/1098 1898/1786/1371 
f 1898/1786/1371 1897/1785/1370 1899/1787/1372 
f 1901/1789/1373 1902/1790/1100 1900/1788/1098 
f 1900/1788/1098 1899/1787/1372 1901/1789/1373 
f 1903/1791/1374 1904/1792/1102 1902/1790/1100 
f 1902/1790/1100 1901/1789/1373 1903/1791/1374 
f 1905/1793/1375 1906/1794/1104 1904/1792/1102 
f 1904/1792/1102 1903/1791/1374 1905/1793/1375 
f 1907/1795/1376 1908/1796/1377 1906/1794/1104 
f 1906/1794/1104 1905/1793/1375 1907/1795/1376 
f 1909/1797/1378 1910/1798/1379 1911/1799/1380 
f 1911/1799/1380 1912/1800/1381 1909/1797/1378 
f 1913/1801/1382 1914/1802/1110 1915/1803/1383 
f 1915/1803/1383 1916/1804/1384 1913/1801/1382 
f 1917/1805/1385 1918/1806/1386 1919/1807/1387 
f 1919/1807/1387 1920/1808/1388 1917/1805/1385 
f 1921/1809/1389 1922/1810/1390 1923/1811/1391 
f 1923/1811/1391 1924/1812/1392 1921/1809/1389 
f 1925/1813/1393 1926/1814/1394 1922/1810/1390 
f 1922/1810/1390 1921/1809/1389 1925/1813/1393 
f 1927/1815/1395 1928/1816/1396 1926/1814/1394 
f 1926/1814/1394 1925/1813/1393 1927/1815/1395 
f 1929/1817/1397 1930/1818/1398 1928/1816/1396 
f 1928/1816/1396 1927/1815/1395 1929/1817/1397 
f 1931/1819/1399 1932/1820/1122 1930/1818/1398 
f 1930/1818/1398 1929/1817/1397 1931/1819/1399 
f 1933/1821/1400 1934/1822/1401 1932/1820/1122 
f 1932/1820/1122 1931/1819/1399 1933/1821/1400 
f 1935/1823/1402 1936/1824/1403 1934/1825/1401 
f 1934/1825/1401 1933/1826/1400 1935/1823/1402 
f 1937/1827/1404 1938/1828/1405 1936/1824/1403 
f 1936/1824/1403 1935/1823/1402 1937/1827/1404 
f 1939/1829/1406 1940/1830/1407 1938/1828/1405 
f 1938/1828/1405 1937/1827/1404 1939/1829/1406 
f 1941/1831/1408 1942/1832/1409 1940/1830/1407 
f 1940/1830/1407 1939/1829/1406 1941/1831/1408 
f 1943/1833/1410 1944/1834/1411 1942/1832/1409 
f 1942/1832/1409 1941/1831/1408 1943/1833/1410 
f 1876/1764/1354 1875/1763/1353 1944/1834/1411 
f 1944/1834/1411 1943/1833/1410 1876/1764/1354 
f 1945/1835/1412 1946/1836/1290 1947/1837/1413 
f 1947/1837/1413 1948/1838/1414 1945/1835/1412 
f 1949/1839/1415 1950/1840/1416 1951/1841/1170 
f 1951/1841/1170 1952/1842/1417 1949/1839/1415 
f 1953/1843/1418 1954/1844/1419 1955/1845/1420 
f 1955/1845/1420 1956/1846/1421 1953/1843/1418 
f 1957/1847/1422 1958/1848/1423 1959/1849/1424 
f 1959/1849/1424 1960/1850/1425 1957/1847/1422 
f 1961/1851/1426 1962/1852/1427 1963/1853/1428 
f 1963/1853/1428 1964/1854/1429 1961/1851/1426 
f 1729/1613/1212 1965/1855/1430 1966/1856/1431 
f 1967/1857/1432 1968/1858/1433 1969/1859/1182 
f 1969/1859/1182 1970/1860/1434 1967/1857/1432 
f 1971/1861/1435 1972/1862/1436 1973/1863/1437 
f 1973/1863/1437 1974/1864/1438 1971/1861/1435 
f 1975/1865/1439 1909/1797/1378 1912/1800/1381 
f 1912/1800/1381 1976/1866/1440 1975/1865/1439 
f 1977/1867/1441 1978/1868/1442 1954/1844/1419 
f 1954/1844/1419 1953/1843/1418 1977/1867/1441 
f 1979/1869/1443 1980/1870/1444 1981/1871/1445 
f 1981/1871/1445 1982/1872/1446 1979/1869/1443 
f 1983/1873/1447 1984/1874/1448 1962/1852/1427 
f 1962/1852/1427 1961/1851/1426 1983/1873/1447 
f 1970/1860/1434 1969/1859/1182 1985/1875/1449 
f 1985/1875/1449 1986/1876/1450 1970/1860/1434 
f 1974/1864/1438 1973/1863/1437 1987/1877/1150 
f 1987/1877/1150 1988/1878/1451 1974/1864/1438 
f 1989/1879/1452 1975/1865/1439 1976/1866/1440 
f 1976/1866/1440 1990/1880/1453 1989/1879/1452 
f 1991/1881/1454 1992/1882/1455 1978/1883/1442 
f 1978/1883/1442 1977/1884/1441 1991/1881/1454 
f 1993/1885/1456 1979/1869/1443 1982/1872/1446 
f 1982/1872/1446 1994/1886/1457 1993/1885/1456 
f 1995/1887/1335 1996/1888/1458 1984/1874/1448 
f 1984/1874/1448 1983/1873/1447 1995/1887/1335 
f 1986/1876/1450 1985/1875/1449 1997/1889/1459 
f 1997/1889/1459 1998/1890/1460 1986/1876/1450 
f 1988/1878/1451 1987/1877/1150 1999/1891/1461 
f 1999/1891/1461 2000/1892/1462 1988/1878/1451 
f 2001/1893/1463 1989/1879/1452 1990/1880/1453 
f 1990/1880/1453 2002/1894/1464 2001/1893/1463 
f 2003/1895/1465 2004/1896/1466 1992/1882/1455 
f 1992/1882/1455 1991/1881/1454 2003/1895/1465 
f 2005/1897/1467 1993/1885/1456 1994/1886/1457 
f 1994/1886/1457 2006/1898/1468 2005/1897/1467 
f 2007/1899/1469 2008/1900/1470 1996/1888/1458 
f 1996/1888/1458 1995/1887/1335 2007/1899/1469 
f 1998/1901/1460 1997/1902/1459 2009/1903/1471 
f 2009/1903/1471 2010/1904/1472 1998/1901/1460 
f 2000/1892/1462 1999/1891/1461 2011/1905/1473 
f 2011/1905/1473 2012/1906/1474 2000/1892/1462 
f 2013/1907/1475 2001/1893/1463 2002/1894/1464 
f 2002/1894/1464 2014/1908/1476 2013/1907/1475 
f 2015/1909/1477 2016/1910/1478 2004/1896/1466 
f 2004/1896/1466 2003/1895/1465 2015/1909/1477 
f 2017/1911/1479 2005/1897/1467 2006/1898/1468 
f 2006/1898/1468 2018/1912/1480 2017/1911/1479 
f 2019/1913/1481 2020/1914/1482 2008/1900/1470 
f 2008/1900/1470 2007/1899/1469 2019/1913/1481 
f 1729/1613/1212 2021/1915/1483 2022/1916/1484 
f 2010/1904/1472 2009/1903/1471 2023/1917/1485 
f 2023/1917/1485 2024/1918/1486 2010/1904/1472 
f 2012/1906/1474 2011/1905/1473 2025/1919/1487 
f 2025/1919/1487 2026/1920/1488 2012/1906/1474 
f 2027/1921/1489 2013/1907/1475 2014/1908/1476 
f 2014/1908/1476 2028/1922/1490 2027/1921/1489 
f 2029/1923/1491 2030/1924/1492 2016/1910/1478 
f 2016/1910/1478 2015/1909/1477 2029/1923/1491 
f 2031/1925/1493 2017/1911/1479 2018/1912/1480 
f 2018/1912/1480 2032/1926/1494 2031/1925/1493 
f 2033/1927/1495 2034/1928/1496 2020/1914/1482 
f 2020/1914/1482 2019/1913/1481 2033/1927/1495 
f 1729/1613/1212 2035/1929/1497 2036/1930/1498 
f 2024/1918/1486 2023/1917/1485 2037/1931/1499 
f 2037/1931/1499 2038/1932/1500 2024/1918/1486 
f 2026/1920/1488 2025/1919/1487 2039/1933/1501 
f 2039/1933/1501 2040/1934/1502 2026/1920/1488 
f 2041/1935/1503 2027/1921/1489 2028/1922/1490 
f 2028/1922/1490 2042/1936/1504 2041/1935/1503 
f 2043/1937/1505 2044/1938/1506 2030/1924/1492 
f 2030/1924/1492 2029/1923/1491 2043/1937/1505 
f 2045/1939/1507 2031/1925/1493 2032/1926/1494 
f 2032/1926/1494 2046/1940/1508 2045/1939/1507 
f 2047/1941/1509 2048/1942/1510 2034/1928/1496 
f 2034/1928/1496 2033/1927/1495 2047/1941/1509 
f 2038/1932/1500 2037/1931/1499 2049/1943/1511 
f 2049/1943/1511 2050/1944/1512 2038/1932/1500 
f 2040/1934/1502 2039/1933/1501 2051/1945/1513 
f 2051/1945/1513 2052/1946/1514 2040/1934/1502 
f 2053/1947/1515 2041/1935/1503 2042/1936/1504 
f 2042/1936/1504 2054/1948/1516 2053/1947/1515 
f 2055/1949/1517 2056/1950/1518 2044/1938/1506 
f 2044/1938/1506 2043/1937/1505 2055/1949/1517 
f 2057/1951/1519 2045/1939/1507 2046/1940/1508 
f 2046/1940/1508 2058/1952/1520 2057/1951/1519 
f 2059/1953/1374 2060/1954/1521 2061/1955/1100 
f 2061/1955/1100 2062/1956/1522 2059/1953/1374 
f 2050/1944/1512 2049/1943/1511 2063/1957/1523 
f 2063/1957/1523 2064/1958/1524 2050/1944/1512 
f 2052/1946/1514 2051/1945/1513 2065/1959/1525 
f 2065/1959/1525 2066/1960/1526 2052/1946/1514 
f 1594/1474/1077 1593/1473/1076 1716/1600/1199 
f 1716/1600/1199 1715/1599/1198 1594/1474/1077 
f 2067/1961/1527 2068/1962/1138 2069/1963/1528 
f 2069/1963/1528 2070/1964/1529 2067/1961/1527 
f 2071/1965/1530 2072/1966/1531 2073/1967/1202 
f 2073/1967/1202 2074/1968/1532 2071/1965/1530 
f 2075/1969/1533 2076/1970/1534 2077/1971/1411 
f 2077/1971/1411 2078/1972/1535 2075/1969/1533 
f 2078/1972/1535 2077/1971/1411 2079/1973/1409 
f 2079/1973/1409 2080/1974/1536 2078/1972/1535 
f 2080/1974/1536 2079/1973/1409 2081/1975/1407 
f 2081/1975/1407 2082/1976/1537 2080/1974/1536 
f 2082/1976/1537 2081/1975/1407 2083/1977/1538 
f 2083/1977/1538 2084/1978/1404 2082/1976/1537 
f 2084/1978/1404 2083/1977/1538 2085/1979/1126 
f 2085/1979/1126 2086/1980/1539 2084/1978/1404 
f 2086/1980/1539 2085/1979/1126 2087/1981/1540 
f 2087/1981/1540 2088/1982/1541 2086/1980/1539 
f 2088/1983/1541 2087/1984/1540 2089/1985/1122 
f 2089/1985/1122 2090/1986/1542 2088/1983/1541 
f 2090/1986/1542 2089/1985/1122 2091/1987/1543 
f 2091/1987/1543 2092/1988/1397 2090/1986/1542 
f 2092/1988/1397 2091/1987/1543 2093/1989/1396 
f 2093/1989/1396 2094/1990/1395 2092/1988/1397 
f 2095/1991/1544 2096/1992/1545 1968/1858/1433 
f 1968/1858/1433 1967/1857/1432 2095/1991/1544 
f 2097/1993/1546 2098/1994/1394 2099/1995/1390 
f 2099/1995/1390 2100/1996/1547 2097/1993/1546 
f 2101/1997/1548 2102/1998/1549 2103/1999/1550 
f 2103/1999/1550 2104/2000/1551 2101/1997/1548 
f 2105/2001/1552 2106/2002/1553 2107/2003/1554 
f 2107/2003/1554 2108/2004/1382 2105/2001/1552 
f 1952/1842/1417 1951/1841/1170 2109/2005/1172 
f 2109/2005/1172 2110/2006/1555 1952/1842/1417 
f 2111/2007/1556 2112/2008/1108 2113/2009/1377 
f 2113/2009/1377 2114/2010/1557 2111/2007/1556 
f 2115/2011/1558 2116/2012/1166 1950/1840/1416 
f 1950/1840/1416 1949/1839/1415 2115/2011/1558 
f 2117/2013/1559 2118/2014/1560 2060/1954/1521 
f 2060/1954/1521 2059/1953/1374 2117/2013/1559 
f 2066/1960/1526 2065/1959/1525 2119/2015/1164 
f 2119/2015/1164 2120/2016/1561 2066/1960/1526 
f 2062/1956/1522 2061/1955/1100 2121/2017/1562 
f 2121/2017/1562 2122/2018/1563 2062/1956/1522 
f 2122/2018/1563 2121/2017/1562 2123/2019/1371 
f 2123/2019/1371 2124/2020/1370 2122/2018/1563 
f 2124/2020/1370 2123/2019/1371 2125/2021/1564 
f 2125/2021/1564 2126/2022/1565 2124/2020/1370 
f 2126/2022/1565 2125/2021/1564 2127/2023/1566 
f 2127/2023/1566 2128/2024/1567 2126/2022/1565 
f 2128/2024/1567 2127/2023/1566 2129/2025/1568 
f 2129/2025/1568 2130/2026/1569 2128/2024/1567 
f 2130/2026/1569 2129/2025/1568 2131/2027/1363 
f 2131/2027/1363 2132/2028/1362 2130/2026/1569 
f 2132/2028/1362 2131/2027/1363 2133/2029/1570 
f 2133/2029/1570 2134/2030/1361 2132/2028/1362 
f 2134/2030/1361 2133/2029/1570 2135/2031/1084 
f 2135/2031/1084 2136/2032/1571 2134/2030/1361 
f 1814/1700/1293 1813/1699/1144 1972/1862/1436 
f 1972/1862/1436 1971/1861/1435 1814/1700/1293 
f 1872/1760/1351 1871/1759/1350 1874/1762/1140 
f 1874/1762/1140 1873/1761/1352 1872/1760/1351 
f 2137/2033/1572 2138/2034/1573 2139/2035/1357 
f 2139/2035/1357 2140/2036/1574 2137/2033/1572 
f 2141/2037/1575 2142/2038/1576 2143/2039/1577 
f 2143/2039/1577 2144/2040/1345 2141/2037/1575 
f 2144/2040/1345 2143/2039/1577 1878/1766/1356 
f 1878/1766/1356 1877/1765/1355 2144/2040/1345 
f 1880/1768/1288 1879/1767/1357 2145/2041/1578 
f 2145/2041/1578 2146/2042/1074 1880/1768/1288 
f 2147/2043/1579 2148/2044/1580 2149/2045/1581 
f 2149/2045/1581 2150/2046/1582 2147/2043/1579 
f 2151/2047/1583 2152/2048/1584 2148/2044/1580 
f 2148/2044/1580 2147/2043/1579 2151/2047/1583 
f 2153/2049/1585 2154/2050/1586 2152/2048/1584 
f 2152/2048/1584 2151/2047/1583 2153/2049/1585 
f 2155/2051/1587 2156/2052/1588 2154/2050/1586 
f 2154/2050/1586 2153/2049/1585 2155/2051/1587 
f 2157/2053/1589 2158/2054/1590 2156/2052/1588 
f 2156/2052/1588 2155/2051/1587 2157/2053/1589 
f 2159/2055/1591 2160/2056/1592 2158/2054/1590 
f 2158/2054/1590 2157/2053/1589 2159/2055/1591 
f 2161/2057/1593 2162/2058/1594 2160/2056/1592 
f 2160/2056/1592 2159/2055/1591 2161/2057/1593 
f 2163/2059/1325 2164/2060/1595 2162/2058/1594 
f 2162/2058/1594 2161/2057/1593 2163/2059/1325 
f 2165/2061/1596 2166/2062/1597 2164/2060/1595 
f 2164/2060/1595 2163/2059/1325 2165/2061/1596 
f 2167/2063/1321 2168/2064/1598 2166/2062/1597 
f 2166/2062/1597 2165/2061/1596 2167/2063/1321 
f 2169/2065/1319 2170/2066/1599 2168/2064/1598 
f 2168/2064/1598 2167/2063/1321 2169/2065/1319 
f 2171/2067/1317 2172/2068/1600 2170/2066/1599 
f 2170/2066/1599 2169/2065/1319 2171/2067/1317 
f 2173/2069/1315 2174/2070/1601 2172/2068/1600 
f 2172/2068/1600 2171/2067/1317 2173/2069/1315 
f 2175/2071/1602 2176/2072/1603 2174/2070/1601 
f 2174/2070/1601 2173/2069/1315 2175/2071/1602 
f 2177/2073/1604 2178/2074/1605 2176/2072/1603 
f 2176/2072/1603 2175/2071/1602 2177/2073/1604 
f 2179/2075/1606 2180/2076/1607 2178/2074/1605 
f 2178/2074/1605 2177/2073/1604 2179/2075/1606 
f 2181/2077/1608 2182/2078/1609 2180/2076/1607 
f 2180/2076/1607 2179/2075/1606 2181/2077/1608 
f 2183/2079/1610 2184/2080/1611 2182/2078/1609 
f 2182/2078/1609 2181/2077/1608 2183/2079/1610 
f 2185/2081/1612 2186/2082/1613 2184/2080/1611 
f 2184/2080/1611 2183/2079/1610 2185/2081/1612 
f 2187/2083/1614 2188/2084/1615 2186/2085/1613 
f 2186/2085/1613 2185/2086/1612 2187/2083/1614 
f 2189/2087/1616 2190/2088/1617 2188/2084/1615 
f 2188/2084/1615 2187/2083/1614 2189/2087/1616 
f 2191/2089/1477 2192/2090/1618 2190/2088/1617 
f 2190/2088/1617 2189/2087/1616 2191/2089/1477 
f 2193/2091/1619 2194/2092/1620 2192/2090/1618 
f 2192/2090/1618 2191/2089/1477 2193/2091/1619 
f 2195/2093/1621 2196/2094/1622 2194/2092/1620 
f 2194/2092/1620 2193/2091/1619 2195/2093/1621 
f 2197/2095/1198 2198/2096/1518 2196/2094/1622 
f 2196/2094/1622 2195/2093/1621 2197/2095/1198 
f 2199/2097/1077 2200/2098/1623 2198/2096/1518 
f 2198/2096/1518 2197/2095/1198 2199/2097/1077 
f 2146/2042/1074 2145/2041/1578 2200/2098/1623 
f 2200/2098/1623 2199/2097/1077 2146/2042/1074 
f 2150/2046/1582 2149/2045/1581 2142/2038/1576 
f 2142/2038/1576 2141/2037/1575 2150/2046/1582 
f 1884/1772/1359 1883/1771/1078 1870/1758/1349 
f 1870/1758/1349 1869/1757/1348 1884/1772/1359 
f 2201/2099/1624 2202/2100/1625 2203/2101/1626 
f 2203/2101/1626 2204/2102/1627 2201/2099/1624 
f 2205/2103/1606 2206/2104/1628 2207/2105/1629 
f 2207/2105/1629 2208/2106/1630 2205/2103/1606 
f 1964/1854/1429 1963/1853/1428 2202/2100/1625 
f 2202/2100/1625 2201/2099/1624 1964/1854/1429 
f 1956/1846/1421 1955/1845/1420 2206/2104/1628 
f 2206/2104/1628 2205/2103/1606 1956/1846/1421 
f 1910/1798/1379 1917/1805/1385 1920/1808/1388 
f 1920/1808/1388 1911/1799/1380 1910/1798/1379 
f 2136/2032/1571 2135/2031/1084 2209/2107/1631 
f 2209/2107/1631 2210/2108/1358 2136/2032/1571 
f 2104/2000/1551 2103/1999/1550 2096/1992/1545 
f 2096/1992/1545 2095/1991/1544 2104/2000/1551 
f 2210/2108/1358 2209/2107/1631 2211/2109/1632 
f 2211/2109/1632 2212/2110/1633 2210/2108/1358 
f 2094/1990/1395 2093/1989/1396 2098/1994/1394 
f 2098/1994/1394 2097/1993/1546 2094/1990/1395 
f 2110/2006/1555 2109/2005/1172 2102/1998/1549 
f 2102/1998/1549 2101/1997/1548 2110/2006/1555 
f 2212/2110/1633 2211/2109/1632 2213/2111/1349 
f 2213/2111/1349 2214/2112/1634 2212/2110/1633 
f 2204/2102/1627 2203/2101/1626 2138/2034/1573 
f 2138/2034/1573 2137/2033/1572 2204/2102/1627 
f 2215/2113/1635 2216/2114/1636 2217/2115/1601 
f 2217/2115/1601 2218/2116/1637 2215/2113/1635 
f 2208/2106/1630 2207/2105/1629 2216/2114/1636 
f 2216/2114/1636 2215/2113/1635 2208/2106/1630 
f 1918/1806/1386 2219/2117/1638 2220/2118/1639 
f 2220/2118/1639 1919/1807/1387 1918/1806/1386 
f 1958/1848/1423 2221/2119/1640 2222/2120/1641 
f 2222/2120/1641 1959/1849/1424 1958/1848/1423 
f 1924/1812/1392 1923/1811/1391 1914/1802/1110 
f 1914/1802/1110 1913/1801/1382 1924/1812/1392 
f 2100/1996/1547 2099/1995/1390 2106/2002/1553 
f 2106/2002/1553 2105/2001/1552 2100/1996/1547 
f 2219/2117/1638 2223/2121/1642 2224/2122/1643 
f 2224/2122/1643 2220/2118/1639 2219/2117/1638 
f 1981/1871/1445 1980/1870/1444 1957/1847/1422 
f 1957/1847/1422 1960/1850/1425 1981/1871/1445 
f 2225/2123/1644 2226/2124/1600 2227/2125/1645 
f 2227/2125/1645 2228/2126/1319 2225/2123/1644 
f 2229/2127/1646 2230/2128/1647 2231/2129/1648 
f 2231/2129/1648 2232/2130/1649 2229/2127/1646 
f 2218/2116/1637 2217/2115/1601 2226/2124/1600 
f 2226/2124/1600 2225/2123/1644 2218/2116/1637 
f 2223/2121/1642 2233/2131/1650 2234/2132/1651 
f 2234/2132/1651 2224/2122/1643 2223/2121/1642 
f 2221/2119/1640 2235/2133/1652 2236/2134/1342 
f 2236/2134/1342 2222/2120/1641 2221/2119/1640 
f 1916/1804/1384 1915/1803/1383 1908/1796/1377 
f 1908/1796/1377 1907/1795/1376 1916/1804/1384 
f 2108/2004/1382 2107/2003/1554 2112/2008/1108 
f 2112/2008/1108 2111/2007/1556 2108/2004/1382 
f 2233/2131/1650 2237/2135/1653 2238/2136/1654 
f 2238/2136/1654 2234/2132/1651 2233/2131/1650 
f 2214/2112/1634 2213/2111/1349 2068/1962/1138 
f 2068/1962/1138 2067/1961/1527 2214/2112/1634 
f 2235/2133/1652 2239/2137/1655 2240/2138/1656 
f 2240/2138/1656 2236/2134/1342 2235/2133/1652 
f 2241/2139/1321 2242/2140/1598 2243/2141/1657 
f 2243/2141/1657 2244/2142/1658 2241/2139/1321 
f 2074/1968/1532 2073/1967/1202 1946/1836/1290 
f 1946/1836/1290 1945/1835/1412 2074/1968/1532 
f 2228/2126/1319 2227/2125/1645 2242/2140/1598 
f 2242/2140/1598 2241/2139/1321 2228/2126/1319 
f 2237/2135/1653 2245/2143/1659 2246/2144/1660 
f 2246/2144/1660 2238/2136/1654 2237/2135/1653 
f 2140/2036/1574 2139/2035/1357 2247/2145/1578 
f 2247/2145/1578 2248/2146/1074 2140/2036/1574 
f 2239/2137/1655 2249/2147/1661 2250/2148/1662 
f 2250/2148/1662 2240/2138/1656 2239/2137/1655 
f 2120/2016/1561 2119/2015/1164 2116/2012/1166 
f 2116/2012/1166 2115/2011/1558 2120/2016/1561 
f 2251/2149/1077 2252/2150/1623 2056/1950/1518 
f 2056/1950/1518 2055/1949/1517 2251/2149/1077 
f 2114/2010/1557 2113/2009/1377 2118/2014/1560 
f 2118/2014/1560 2117/2013/1559 2114/2010/1557 
f 2245/2143/1659 2253/2151/1663 2254/2152/1302 
f 2254/2152/1302 2246/2144/1660 2245/2143/1659 
f 2248/2146/1074 2247/2145/1578 2252/2150/1623 
f 2252/2150/1623 2251/2149/1077 2248/2146/1074 
f 2249/2147/1661 2255/2153/1664 2256/2154/1665 
f 2256/2154/1665 2250/2148/1662 2249/2147/1661 
f 2257/2155/1666 2258/2156/1667 2048/1942/1510 
f 2048/1942/1510 2047/1941/1509 2257/2155/1666 
f 2064/1958/1524 2063/1957/1523 2072/1966/1531 
f 2072/1966/1531 2071/1965/1530 2064/1958/1524 
f 2244/2142/1658 2243/2141/1657 2258/2156/1667 
f 2258/2156/1667 2257/2155/1666 2244/2142/1658 
f 2253/2157/1663 2057/1951/1519 2058/1952/1520 
f 2058/1952/1520 2254/2158/1302 2253/2157/1663 
f 2070/1964/1529 2069/1963/1528 2076/1970/1534 
f 2076/1970/1534 2075/1969/1533 2070/1964/1529 
f 2255/2153/1664 2053/1947/1515 2054/1948/1516 
f 2054/1948/1516 2256/2154/1665 2255/2153/1664 
f 1793/2159/1274 2259/2160/1668 2260/2161/1669 
f 2260/2161/1669 2261/2162/1670 1793/2159/1274 
f 2262/2163/1671 2263/2164/1672 2264/2165/1673 
f 2264/2165/1673 2265/2166/1674 2262/2163/1671 
f 2266/2167/1675 2267/2168/1676 2268/2169/1677 
f 2268/2169/1677 2269/2170/1678 2266/2167/1675 
f 2269/2170/1678 2268/2169/1677 2270/2171/1679 
f 2270/2171/1679 1796/2172/1277 2269/2170/1678 
f 2271/2173/1680 2272/2174/1681 2273/2175/1682 
f 2273/2175/1682 2274/2176/1683 2271/2173/1680 
f 1744/1684/1227 1798/1683/1279 2275/2177/1684 
f 2275/2177/1684 2276/2178/1685 1744/1684/1227 
f 2274/2176/1683 2273/2175/1682 2277/2179/1686 
f 2277/2179/1686 2278/2180/1687 2274/2176/1683 
f 2265/2166/1674 2264/2165/1673 2279/2181/1688 
f 2279/2181/1688 2280/2182/1689 2265/2166/1674 
f 2281/2183/1690 2282/2184/1691 2272/2174/1681 
f 2272/2174/1681 2271/2173/1680 2281/2183/1690 
f 2283/2185/1692 2284/2186/1693 2282/2184/1691 
f 2282/2184/1691 2281/2183/1690 2283/2185/1692 
f 2285/2187/1694 2286/2188/1695 2284/2186/1693 
f 2284/2186/1693 2283/2185/1692 2285/2187/1694 
f 2287/2189/1696 2288/2190/1697 2286/2188/1695 
f 2286/2188/1695 2285/2187/1694 2287/2189/1696 
f 2289/2191/1698 2290/2192/1699 2288/2190/1697 
f 2288/2190/1697 2287/2189/1696 2289/2191/1698 
f 2291/2193/1700 2292/2194/1701 2290/2192/1699 
f 2290/2192/1699 2289/2191/1698 2291/2193/1700 
f 2293/2195/1702 2294/2196/1703 2292/2194/1701 
f 2292/2194/1701 2291/2193/1700 2293/2195/1702 
f 2276/2178/1685 2275/2177/1684 2230/2128/1647 
f 2230/2128/1647 2229/2127/1646 2276/2178/1685 
f 2280/2182/1689 2279/2181/1688 2295/2197/1704 
f 2295/2197/1704 2296/2198/1705 2280/2182/1689 
f 2297/2199/1706 2298/2200/1707 2263/2164/1672 
f 2263/2164/1672 2262/2163/1671 2297/2199/1706 
f 1796/2172/1277 2270/2171/1679 2259/2160/1668 
f 2259/2160/1668 1793/2159/1274 1796/2172/1277 
f 2299/2201/1708 2300/2202/1709 2298/2203/1707 
f 2298/2203/1707 2297/2204/1706 2299/2201/1708 
f 2278/2180/1687 2277/2179/1686 1797/1682/1278 
f 1797/1682/1278 1747/1681/1230 2278/2180/1687 
f 2301/2205/1710 2302/2206/1711 2300/2202/1709 
f 2300/2202/1709 2299/2201/1708 2301/2205/1710 
f 2303/2207/1712 2304/2208/1713 2302/2206/1711 
f 2302/2206/1711 2301/2205/1710 2303/2207/1712 
f 2305/2209/1714 2306/2210/1715 2304/2208/1713 
f 2304/2208/1713 2303/2207/1712 2305/2209/1714 
f 2307/2211/1716 2308/2212/1717 2306/2210/1715 
f 2306/2210/1715 2305/2209/1714 2307/2211/1716 
f 2309/2213/1718 2310/2214/1719 2308/2212/1717 
f 2308/2212/1717 2307/2211/1716 2309/2213/1718 
f 2311/2215/1720 2312/2216/1721 2310/2214/1719 
f 2310/2214/1719 2309/2213/1718 2311/2215/1720 
f 2232/2130/1649 2231/2129/1648 2312/2216/1721 
f 2312/2216/1721 2311/2215/1720 2232/2130/1649 
f 2261/2162/1670 2260/2161/1669 2294/2196/1703 
f 2294/2196/1703 2293/2195/1702 2261/2162/1670 
f 2313/2217/1722 2314/2218/1723 1656/1538/1139 
f 1656/1538/1139 1658/1540/1141 2313/2217/1722 
f 2315/2219/1724 2316/2220/1725 2314/2221/1726 
f 2314/2221/1726 2313/2222/1727 2315/2219/1724 
f 2317/2223/1728 2313/2217/1722 1658/1540/1141 
f 1658/1540/1141 1654/1536/1137 2317/2223/1728 
f 2318/2224/1729 2315/2219/1724 2313/2222/1727 
f 2313/2222/1727 2317/2225/1730 2318/2224/1729 
f 2319/2226/1731 2317/2223/1728 1654/1536/1137 
f 1654/1536/1137 1652/1534/1135 2319/2226/1731 
f 2320/2227/1732 2318/2224/1729 2317/2225/1730 
f 2317/2225/1730 2319/2228/1733 2320/2227/1732 
f 2321/2229/1734 2319/2226/1731 1652/1534/1135 
f 1652/1534/1135 1650/1532/1133 2321/2229/1734 
f 2322/2230/1735 2320/2227/1732 2319/2228/1733 
f 2319/2228/1733 2321/2231/1736 2322/2230/1735 
f 2323/2232/1737 2321/2229/1734 1650/1532/1133 
f 1650/1532/1133 1648/1530/1131 2323/2232/1737 
f 2324/2233/1738 2322/2230/1735 2321/2231/1736 
f 2321/2231/1736 2323/2234/1739 2324/2233/1738 
f 2325/2235/1740 2323/2232/1737 1648/1530/1131 
f 1648/1530/1131 1646/1528/1129 2325/2235/1740 
f 2326/2236/1741 2324/2233/1738 2323/2234/1739 
f 2323/2234/1739 2325/2237/1742 2326/2236/1741 
f 2327/2238/1743 2325/2235/1740 1646/1528/1129 
f 1646/1528/1129 1644/1526/1127 2327/2238/1743 
f 2328/2239/1744 2326/2236/1741 2325/2237/1742 
f 2325/2237/1742 2327/2240/1745 2328/2239/1744 
f 2329/2241/1746 2327/2238/1743 1644/1526/1127 
f 1644/1526/1127 1642/1525/1125 2329/2241/1746 
f 2330/2242/1747 2328/2239/1744 2327/2240/1745 
f 2327/2240/1745 2329/2243/1748 2330/2242/1747 
f 2331/2244/1749 2329/2245/1746 1642/1522/1125 
f 1642/1522/1125 1640/1520/1123 2331/2244/1749 
f 2332/2246/1750 2330/2247/1747 2329/2248/1748 
f 2329/2248/1748 2331/2249/1751 2332/2246/1750 
f 2333/2250/1752 2331/2244/1749 1640/1520/1123 
f 1640/1520/1123 1638/1518/1121 2333/2250/1752 
f 2334/2251/1753 2332/2246/1750 2331/2249/1751 
f 2331/2249/1751 2333/2252/1754 2334/2251/1753 
f 2335/2253/1755 2333/2250/1752 1638/1518/1121 
f 1638/1518/1121 1636/1516/1119 2335/2253/1755 
f 2336/2254/1756 2334/2251/1753 2333/2252/1754 
f 2333/2252/1754 2335/2255/1757 2336/2254/1756 
f 2337/2256/1758 2335/2253/1755 1636/1516/1119 
f 1636/1516/1119 1634/1514/1117 2337/2256/1758 
f 2338/2257/1759 2336/2254/1756 2335/2255/1757 
f 2335/2255/1757 2337/2258/1760 2338/2257/1759 
f 2339/2259/1761 2337/2256/1758 1634/1514/1117 
f 1634/1514/1117 1632/1512/1115 2339/2259/1761 
f 2340/2260/1762 2338/2257/1759 2337/2258/1760 
f 2337/2258/1760 2339/2261/1763 2340/2260/1762 
f 2341/2262/1764 2339/2259/1761 1632/1512/1115 
f 1632/1512/1115 1630/1510/1113 2341/2262/1764 
f 2342/2263/1765 2340/2260/1762 2339/2261/1763 
f 2339/2261/1763 2341/2264/1766 2342/2263/1765 
f 2343/2265/1767 2341/2262/1764 1630/1510/1113 
f 1630/1510/1113 1628/1508/1111 2343/2265/1767 
f 2344/2266/1768 2342/2263/1765 2341/2264/1766 
f 2341/2264/1766 2343/2267/1769 2344/2266/1768 
f 2345/2268/1770 2343/2265/1767 1628/1508/1111 
f 1628/1508/1111 1626/1506/1109 2345/2268/1770 
f 2346/2269/1771 2344/2266/1768 2343/2267/1769 
f 2343/2267/1769 2345/2270/1772 2346/2269/1771 
f 2347/2271/1773 2345/2268/1770 1626/1506/1109 
f 1626/1506/1109 1624/1504/1107 2347/2271/1773 
f 2348/2272/1774 2346/2269/1771 2345/2270/1772 
f 2345/2270/1772 2347/2273/1775 2348/2272/1774 
f 2349/2274/1776 2347/2271/1773 1624/1504/1107 
f 1624/1504/1107 1622/1502/1105 2349/2274/1776 
f 2350/2275/1777 2348/2272/1774 2347/2273/1775 
f 2347/2273/1775 2349/2276/1778 2350/2275/1777 
f 2351/2277/1779 2349/2274/1776 1622/1502/1105 
f 1622/1502/1105 1620/1500/1103 2351/2277/1779 
f 2352/2278/1780 2350/2275/1777 2349/2276/1778 
f 2349/2276/1778 2351/2279/1781 2352/2278/1780 
f 2353/2280/1782 2351/2277/1779 1620/1500/1103 
f 1620/1500/1103 1618/1498/1101 2353/2280/1782 
f 2354/2281/1783 2352/2278/1780 2351/2279/1781 
f 2351/2279/1781 2353/2282/1784 2354/2281/1783 
f 2355/2283/1785 2353/2280/1782 1618/1498/1101 
f 1618/1498/1101 1616/1496/1099 2355/2283/1785 
f 2356/2284/1786 2354/2281/1783 2353/2282/1784 
f 2353/2282/1784 2355/2285/1787 2356/2284/1786 
f 2357/2286/1788 2355/2283/1785 1616/1496/1099 
f 1616/1496/1099 1614/1494/1097 2357/2286/1788 
f 2358/2287/1789 2356/2284/1786 2355/2285/1787 
f 2355/2285/1787 2357/2288/1790 2358/2287/1789 
f 2359/2289/1791 2357/2286/1788 1614/1494/1097 
f 1614/1494/1097 1612/1492/1095 2359/2289/1791 
f 2360/2290/1792 2358/2287/1789 2357/2288/1790 
f 2357/2288/1790 2359/2291/1793 2360/2290/1792 
f 2361/2292/1794 2359/2289/1791 1612/1492/1095 
f 1612/1492/1095 1610/1490/1093 2361/2292/1794 
f 2362/2293/1795 2360/2290/1792 2359/2291/1793 
f 2359/2291/1793 2361/2294/1796 2362/2293/1795 
f 2363/2295/1797 2361/2292/1794 1610/1490/1093 
f 1610/1490/1093 1608/1488/1091 2363/2295/1797 
f 2364/2296/1798 2362/2293/1795 2361/2294/1796 
f 2361/2294/1796 2363/2297/1799 2364/2296/1798 
f 2365/2298/1800 2363/2295/1797 1608/1488/1091 
f 1608/1488/1091 1606/1486/1089 2365/2298/1800 
f 2366/2299/1801 2364/2296/1798 2363/2297/1799 
f 2363/2297/1799 2365/2300/1802 2366/2299/1801 
f 2367/2301/1803 2365/2298/1800 1606/1486/1089 
f 1606/1486/1089 1604/1484/1087 2367/2301/1803 
f 2368/2302/1804 2366/2299/1801 2365/2300/1802 
f 2365/2300/1802 2367/2303/1805 2368/2302/1804 
f 2369/2304/1806 2367/2301/1803 1604/1484/1087 
f 1604/1484/1087 1602/1482/1085 2369/2304/1806 
f 2370/2305/1807 2368/2302/1804 2367/2303/1805 
f 2367/2303/1805 2369/2306/1808 2370/2305/1807 
f 2371/2307/1809 2369/2304/1806 1602/1482/1085 
f 1602/1482/1085 1600/1480/1083 2371/2307/1809 
f 2372/2308/1810 2370/2305/1807 2369/2306/1808 
f 2369/2306/1808 2371/2309/1811 2372/2308/1810 
f 2373/2310/1812 2371/2307/1809 1600/1480/1083 
f 1600/1480/1083 1598/1478/1081 2373/2310/1812 
f 2374/2311/1813 2372/2308/1810 2371/2309/1811 
f 2371/2309/1811 2373/2312/1814 2374/2311/1813 
f 2375/2313/1815 2373/2310/1812 1598/1478/1081 
f 1598/1478/1081 1597/1477/1080 2375/2313/1815 
f 2376/2314/1816 2374/2311/1813 2373/2312/1814 
f 2373/2312/1814 2375/2315/1817 2376/2314/1816 
f 2314/2218/1723 2375/2313/1815 1597/1477/1080 
f 1597/1477/1080 1656/1538/1139 2314/2218/1723 
f 2316/2220/1725 2376/2314/1816 2375/2315/1817 
f 2375/2315/1817 2314/2221/1726 2316/2220/1725 
f 2377/2316/1818 2378/2317/1819 1591/1471/1074 
f 1591/1471/1074 1594/1474/1077 2377/2316/1818 
f 1657/1539/1140 1655/1537/1138 2378/2318/1820 
f 2378/2318/1820 2377/2319/1821 1657/1539/1140 
f 2379/2320/1822 2377/2316/1818 1594/1474/1077 
f 1594/1474/1077 1715/1599/1198 2379/2320/1822 
f 1653/1535/1136 1657/1539/1140 2377/2319/1821 
f 2377/2319/1821 2379/2321/1823 1653/1535/1136 
f 2380/2322/1824 2379/2320/1822 1715/1599/1198 
f 1715/1599/1198 1718/1602/1201 2380/2322/1824 
f 1651/1533/1134 1653/1535/1136 2379/2321/1823 
f 2379/2321/1823 2380/2323/1825 1651/1533/1134 
f 2381/2324/1826 2380/2322/1824 1718/1602/1201 
f 1718/1602/1201 1815/1701/1294 2381/2324/1826 
f 1649/1531/1132 1651/1533/1134 2380/2323/1825 
f 2380/2323/1825 2381/2325/1827 1649/1531/1132 
f 2382/2326/1828 2381/2324/1826 1815/1701/1294 
f 1815/1701/1294 1818/1704/1297 2382/2326/1828 
f 1647/1529/1130 1649/1531/1132 2381/2325/1827 
f 2381/2325/1827 2382/2327/1829 1647/1529/1130 
f 2383/2328/1830 2382/2326/1828 1818/1704/1297 
f 1818/1704/1297 1820/1706/1299 2383/2328/1830 
f 1645/1527/1128 1647/1529/1130 2382/2327/1829 
f 2382/2327/1829 2383/2329/1831 1645/1527/1128 
f 2384/2330/1832 2383/2328/1830 1820/1706/1299 
f 1820/1706/1299 1822/1708/1301 2384/2330/1832 
f 1643/1523/1126 1645/1527/1128 2383/2329/1831 
f 2383/2329/1831 2384/2331/1833 1643/1523/1126 
f 2385/2332/1834 2384/2330/1832 1822/1708/1301 
f 1822/1708/1301 1824/1710/1303 2385/2332/1834 
f 1641/1524/1124 1643/1523/1126 2384/2331/1833 
f 2384/2331/1833 2385/2333/1835 1641/1524/1124 
f 2386/2334/1836 2385/2335/1834 1824/1711/1303 
f 1824/1711/1303 1826/1714/1305 2386/2334/1836 
f 1639/1519/1122 1641/1521/1124 2385/2336/1835 
f 2385/2336/1835 2386/2337/1837 1639/1519/1122 
f 2387/2338/1838 2386/2334/1836 1826/1714/1305 
f 1826/1714/1305 1828/1716/1307 2387/2338/1838 
f 1637/1517/1120 1639/1519/1122 2386/2337/1837 
f 2386/2337/1837 2387/2339/1839 1637/1517/1120 
f 2388/2340/1840 2387/2338/1838 1828/1716/1307 
f 1828/1716/1307 1830/1718/1309 2388/2340/1840 
f 1635/1515/1118 1637/1517/1120 2387/2339/1839 
f 2387/2339/1839 2388/2341/1841 1635/1515/1118 
f 2389/2342/1842 2388/2340/1840 1830/1718/1309 
f 1830/1718/1309 1832/1720/1311 2389/2342/1842 
f 1633/1513/1116 1635/1515/1118 2388/2341/1841 
f 2388/2341/1841 2389/2343/1843 1633/1513/1116 
f 2390/2344/1844 2389/2342/1842 1832/1720/1311 
f 1832/1720/1311 1834/1722/1313 2390/2344/1844 
f 1631/1511/1114 1633/1513/1116 2389/2343/1843 
f 2389/2343/1843 2390/2345/1845 1631/1511/1114 
f 2391/2346/1846 2390/2344/1844 1834/1722/1313 
f 1834/1722/1313 1836/1724/1315 2391/2346/1846 
f 1629/1509/1112 1631/1511/1114 2390/2345/1845 
f 2390/2345/1845 2391/2347/1847 1629/1509/1112 
f 2392/2348/1848 2391/2346/1846 1836/1724/1315 
f 1836/1724/1315 1838/1726/1317 2392/2348/1848 
f 1627/1507/1110 1629/1509/1112 2391/2347/1847 
f 2391/2347/1847 2392/2349/1849 1627/1507/1110 
f 2393/2350/1850 2392/2348/1848 1838/1726/1317 
f 1838/1726/1317 1840/1728/1319 2393/2350/1850 
f 1625/1505/1108 1627/1507/1110 2392/2349/1849 
f 2392/2349/1849 2393/2351/1851 1625/1505/1108 
f 2394/2352/1852 2393/2350/1850 1840/1728/1319 
f 1840/1728/1319 1842/1730/1321 2394/2352/1852 
f 1623/1503/1106 1625/1505/1108 2393/2351/1851 
f 2393/2351/1851 2394/2353/1853 1623/1503/1106 
f 2395/2354/1854 2394/2352/1852 1842/1730/1321 
f 1842/1730/1321 1844/1732/1323 2395/2354/1854 
f 1621/1501/1104 1623/1503/1106 2394/2353/1853 
f 2394/2353/1853 2395/2355/1855 1621/1501/1104 
f 2396/2356/1856 2395/2354/1854 1844/1732/1323 
f 1844/1732/1323 1846/1734/1325 2396/2356/1856 
f 1619/1499/1102 1621/1501/1104 2395/2355/1855 
f 2395/2355/1855 2396/2357/1857 1619/1499/1102 
f 2397/2358/1858 2396/2356/1856 1846/1734/1325 
f 1846/1734/1325 1848/1736/1327 2397/2358/1858 
f 1617/1497/1100 1619/1499/1102 2396/2357/1857 
f 2396/2357/1857 2397/2359/1859 1617/1497/1100 
f 2398/2360/1860 2397/2358/1858 1848/1736/1327 
f 1848/1736/1327 1850/1738/1329 2398/2360/1860 
f 1615/1495/1098 1617/1497/1100 2397/2359/1859 
f 2397/2359/1859 2398/2361/1861 1615/1495/1098 
f 2399/2362/1862 2398/2360/1860 1850/1738/1329 
f 1850/1738/1329 1852/1740/1331 2399/2362/1862 
f 1613/1493/1096 1615/1495/1098 2398/2361/1861 
f 2398/2361/1861 2399/2363/1863 1613/1493/1096 
f 2400/2364/1864 2399/2362/1862 1852/1740/1331 
f 1852/1740/1331 1854/1742/1333 2400/2364/1864 
f 1611/1491/1094 1613/1493/1096 2399/2363/1863 
f 2399/2363/1863 2400/2365/1865 1611/1491/1094 
f 2401/2366/1866 2400/2364/1864 1854/1742/1333 
f 1854/1742/1333 1856/1744/1335 2401/2366/1866 
f 1609/1489/1092 1611/1491/1094 2400/2365/1865 
f 2400/2365/1865 2401/2367/1867 1609/1489/1092 
f 2402/2368/1868 2401/2366/1866 1856/1744/1335 
f 1856/1744/1335 1858/1746/1337 2402/2368/1868 
f 1607/1487/1090 1609/1489/1092 2401/2367/1867 
f 2401/2367/1867 2402/2369/1869 1607/1487/1090 
f 2403/2370/1870 2402/2368/1868 1858/1746/1337 
f 1858/1746/1337 1860/1748/1339 2403/2370/1870 
f 1605/1485/1088 1607/1487/1090 2402/2369/1869 
f 2402/2369/1869 2403/2371/1871 1605/1485/1088 
f 2404/2372/1872 2403/2370/1870 1860/1748/1339 
f 1860/1748/1339 1862/1750/1341 2404/2372/1872 
f 1603/1483/1086 1605/1485/1088 2403/2371/1871 
f 2403/2371/1871 2404/2373/1873 1603/1483/1086 
f 2405/2374/1874 2404/2372/1872 1862/1750/1341 
f 1862/1750/1341 1864/1752/1343 2405/2374/1874 
f 1601/1481/1084 1603/1483/1086 2404/2373/1873 
f 2404/2373/1873 2405/2375/1875 1601/1481/1084 
f 2406/2376/1876 2405/2374/1874 1864/1752/1343 
f 1864/1752/1343 1866/1754/1345 2406/2376/1876 
f 1599/1479/1082 1601/1481/1084 2405/2375/1875 
f 2405/2375/1875 2406/2377/1877 1599/1479/1082 
f 2407/2378/1878 2406/2376/1876 1866/1754/1345 
f 1866/1754/1345 1868/1756/1347 2407/2378/1878 
f 1595/1475/1078 1599/1479/1082 2406/2377/1877 
f 2406/2377/1877 2407/2379/1879 1595/1475/1078 
f 2408/2380/1880 2407/2378/1878 1868/1756/1347 
f 1868/1756/1347 1807/1693/1288 2408/2380/1880 
f 1596/1476/1079 1595/1475/1078 2407/2379/1879 
f 2407/2379/1879 2408/2381/1881 1596/1476/1079 
f 2378/2317/1819 2408/2380/1880 1807/1693/1288 
f 1807/1693/1288 1591/1471/1074 2378/2317/1819 
f 1655/1537/1138 1596/1476/1079 2408/2381/1881 
f 2408/2381/1881 2378/2318/1820 1655/1537/1138 
f 2409/2382/1882 2410/2383/1883 1681/1563/1164 
f 1681/1563/1164 1679/1561/1162 2409/2382/1882 
f 2048/1942/1510 2258/2156/1667 2410/2384/1884 
f 2410/2384/1884 2409/2385/1885 2048/1942/1510 
f 2411/2386/1886 2412/2387/1887 1661/1543/1144 
f 1661/1543/1144 1660/1542/1143 2411/2386/1886 
f 2138/2034/1573 2203/2101/1626 2412/2388/1888 
f 2412/2388/1888 2411/2389/1889 2138/2034/1573 
f 2413/2390/1890 2414/2391/1891 2209/2107/1631 
f 2209/2107/1631 2135/2031/1084 2413/2390/1890 
f 2201/2099/1624 2204/2102/1627 2414/2392/1892 
f 2414/2392/1892 2413/2393/1893 2201/2099/1624 
f 2415/2394/1873 2413/2390/1890 2135/2031/1084 
f 2135/2031/1084 2133/2029/1570 2415/2394/1873 
f 1964/1854/1429 2201/2099/1624 2413/2393/1893 
f 2413/2393/1893 2415/2395/1894 1964/1854/1429 
f 2416/2396/1895 2415/2394/1873 2133/2029/1570 
f 2133/2029/1570 2131/2027/1363 2416/2396/1895 
f 1961/1851/1426 1964/1854/1429 2415/2395/1894 
f 2415/2395/1894 2416/2397/1896 1961/1851/1426 
f 2417/2398/1897 2416/2396/1895 2131/2027/1363 
f 2131/2027/1363 2129/2025/1568 2417/2398/1897 
f 1983/1873/1447 1961/1851/1426 2416/2397/1896 
f 2416/2397/1896 2417/2399/1898 1983/1873/1447 
f 2418/2400/1899 2417/2398/1897 2129/2025/1568 
f 2129/2025/1568 2127/2023/1566 2418/2400/1899 
f 1995/1887/1335 1983/1873/1447 2417/2399/1898 
f 2417/2399/1898 2418/2401/1866 1995/1887/1335 
f 2419/2402/1900 2418/2400/1899 2127/2023/1566 
f 2127/2023/1566 2125/2021/1564 2419/2402/1900 
f 2007/1899/1469 1995/1887/1335 2418/2401/1866 
f 2418/2401/1866 2419/2403/1901 2007/1899/1469 
f 2420/2404/1902 2419/2402/1900 2125/2021/1564 
f 2125/2021/1564 2123/2019/1371 2420/2404/1902 
f 2019/1913/1481 2007/1899/1469 2419/2403/1901 
f 2419/2403/1901 2420/2405/1903 2019/1913/1481 
f 2421/2406/1904 2420/2404/1902 2123/2019/1371 
f 2123/2019/1371 2121/2017/1562 2421/2406/1904 
f 2033/1927/1495 2019/1913/1481 2420/2405/1903 
f 2420/2405/1903 2421/2407/1905 2033/1927/1495 
f 2422/2408/1906 2421/2406/1904 2121/2017/1562 
f 2121/2017/1562 2061/1955/1100 2422/2408/1906 
f 2047/1941/1509 2033/1927/1495 2421/2407/1905 
f 2421/2407/1905 2422/2409/1907 2047/1941/1509 
f 2414/2391/1891 2423/2410/1908 2211/2109/1632 
f 2211/2109/1632 2209/2107/1631 2414/2391/1891 
f 2204/2102/1627 2137/2033/1572 2423/2411/1909 
f 2423/2411/1909 2414/2392/1892 2204/2102/1627 
f 2423/2410/1908 2424/2412/1910 2213/2111/1349 
f 2213/2111/1349 2211/2109/1632 2423/2410/1908 
f 2137/2033/1572 2140/2036/1574 2424/2413/1911 
f 2424/2413/1911 2423/2411/1909 2137/2033/1572 
f 2425/2414/1912 2411/2386/1886 1660/1542/1143 
f 1660/1542/1143 1714/1598/1197 2425/2414/1912 
f 2139/2035/1357 2138/2034/1573 2411/2389/1889 
f 2411/2389/1889 2425/2415/1913 2139/2035/1357 
f 2412/2387/1887 2426/2416/1914 1663/1545/1146 
f 1663/1545/1146 1661/1543/1144 2412/2387/1887 
f 2203/2101/1626 2202/2100/1625 2426/2417/1915 
f 2426/2417/1915 2412/2388/1888 2203/2101/1626 
f 2426/2416/1914 2427/2418/1916 1665/1547/1148 
f 1665/1547/1148 1663/1545/1146 2426/2416/1914 
f 2202/2100/1625 1963/1853/1428 2427/2419/1917 
f 2427/2419/1917 2426/2417/1915 2202/2100/1625 
f 2427/2418/1916 2428/2420/1918 1667/1549/1150 
f 1667/1549/1150 1665/1547/1148 2427/2418/1916 
f 1963/1853/1428 1962/1852/1427 2428/2421/1919 
f 2428/2421/1919 2427/2419/1917 1963/1853/1428 
f 2428/2420/1918 2429/2422/1920 1669/1551/1152 
f 1669/1551/1152 1667/1549/1150 2428/2420/1918 
f 1962/1852/1427 1984/1874/1448 2429/2423/1921 
f 2429/2423/1921 2428/2421/1919 1962/1852/1427 
f 2429/2422/1920 2430/2424/1922 1671/1553/1154 
f 1671/1553/1154 1669/1551/1152 2429/2422/1920 
f 1984/1874/1448 1996/1888/1458 2430/2425/1923 
f 2430/2425/1923 2429/2423/1921 1984/1874/1448 
f 2430/2424/1922 2431/2426/1924 1673/1555/1156 
f 1673/1555/1156 1671/1553/1154 2430/2424/1922 
f 1996/1888/1458 2008/1900/1470 2431/2427/1925 
f 2431/2427/1925 2430/2425/1923 1996/1888/1458 
f 2431/2426/1924 2432/2428/1926 1675/1557/1158 
f 1675/1557/1158 1673/1555/1156 2431/2426/1924 
f 2008/1900/1470 2020/1914/1482 2432/2429/1927 
f 2432/2429/1927 2431/2427/1925 2008/1900/1470 
f 2432/2428/1926 2433/2430/1928 1677/1559/1160 
f 1677/1559/1160 1675/1557/1158 2432/2428/1926 
f 2020/1914/1482 2034/1928/1496 2433/2431/1929 
f 2433/2431/1929 2432/2429/1927 2020/1914/1482 
f 2433/2430/1928 2409/2382/1882 1679/1561/1162 
f 1679/1561/1162 1677/1559/1160 2433/2430/1928 
f 2034/1928/1496 2048/1942/1510 2409/2385/1885 
f 2409/2385/1885 2433/2431/1929 2034/1928/1496 
f 2410/2383/1883 2434/2432/1930 1683/1565/1166 
f 1683/1565/1166 1681/1563/1164 2410/2383/1883 
f 2258/2156/1667 2243/2141/1657 2434/2433/1931 
f 2434/2433/1931 2410/2384/1884 2258/2156/1667 
f 2435/2434/1932 2436/2435/1933 2118/2014/1560 
f 2118/2014/1560 2113/2009/1377 2435/2434/1932 
f 2241/2139/1321 2244/2142/1658 2436/2436/1934 
f 2436/2436/1934 2435/2437/1935 2241/2139/1321 
f 2437/2438/1936 2438/2439/1937 1687/1569/1170 
f 1687/1569/1170 1685/1567/1168 2437/2438/1936 
f 2242/2140/1598 2227/2125/1645 2438/2440/1938 
f 2438/2440/1938 2437/2441/1939 2242/2140/1598 
f 2439/2442/1940 2440/2443/1941 2112/2008/1108 
f 2112/2008/1108 2107/2003/1554 2439/2442/1940 
f 2225/2123/1644 2228/2126/1319 2440/2444/1942 
f 2440/2444/1942 2439/2445/1943 2225/2123/1644 
f 2441/2446/1944 2442/2447/1945 1691/1573/1174 
f 1691/1573/1174 1689/1571/1172 2441/2446/1944 
f 2226/2124/1600 2217/2115/1601 2442/2448/1946 
f 2442/2448/1946 2441/2449/1947 2226/2124/1600 
f 2443/2450/1948 2444/2451/1949 2106/2002/1553 
f 2106/2002/1553 2099/1995/1390 2443/2450/1948 
f 2215/2113/1635 2218/2116/1637 2444/2452/1950 
f 2444/2452/1950 2443/2453/1951 2215/2113/1635 
f 2445/2454/1952 2446/2455/1953 1695/1577/1178 
f 1695/1577/1178 1693/1575/1176 2445/2454/1952 
f 2216/2114/1636 2207/2105/1629 2446/2456/1954 
f 2446/2456/1954 2445/2457/1955 2216/2114/1636 
f 2447/2458/1956 2448/2459/1957 2098/1994/1394 
f 2098/1994/1394 2093/1989/1396 2447/2458/1956 
f 2205/2103/1606 2208/2106/1630 2448/2460/1958 
f 2448/2460/1958 2447/2461/1959 2205/2103/1606 
f 2449/2462/1960 2450/2463/1961 1699/1581/1182 
f 1699/1581/1182 1697/1579/1180 2449/2462/1960 
f 2206/2104/1628 1955/1845/1420 2450/2464/1962 
f 2450/2464/1962 2449/2465/1963 2206/2104/1628 
f 2451/2466/1964 2452/2467/1965 2091/1987/1543 
f 2091/1987/1543 2089/1985/1122 2451/2466/1964 
f 1953/1843/1418 1956/1846/1421 2452/2468/1966 
f 2452/2468/1966 2451/2469/1967 1953/1843/1418 
f 2453/2470/1968 2454/2471/1969 1703/1585/1186 
f 1703/1585/1186 1701/1583/1184 2453/2470/1968 
f 1954/1844/1419 1978/1868/1442 2454/2472/1970 
f 2454/2472/1970 2453/2473/1971 1954/1844/1419 
f 2455/2474/1972 2456/2475/1973 2087/1981/1540 
f 2087/1981/1540 2085/1979/1126 2455/2474/1972 
f 1991/1881/1454 1977/1884/1441 2456/2476/1974 
f 2456/2476/1974 2455/2477/1975 1991/1881/1454 
f 2457/2478/1976 2458/2479/1977 1707/1591/1190 
f 1707/1591/1190 1705/1589/1188 2457/2478/1976 
f 1992/1882/1455 2004/1896/1466 2458/2480/1978 
f 2458/2480/1978 2457/2481/1979 1992/1882/1455 
f 2459/2482/1980 2460/2483/1981 2083/1977/1538 
f 2083/1977/1538 2081/1975/1407 2459/2482/1980 
f 2015/1909/1477 2003/1895/1465 2460/2484/1982 
f 2460/2484/1982 2459/2485/1983 2015/1909/1477 
f 2461/2486/1984 2462/2487/1985 1711/1595/1194 
f 1711/1595/1194 1709/1593/1192 2461/2486/1984 
f 2016/1910/1478 2030/1924/1492 2462/2488/1986 
f 2462/2488/1986 2461/2489/1987 2016/1910/1478 
f 2463/2490/1988 2464/2491/1989 2079/1973/1409 
f 2079/1973/1409 2077/1971/1411 2463/2490/1988 
f 2043/1937/1505 2029/1923/1491 2464/2492/1990 
f 2464/2492/1990 2463/2493/1991 2043/1937/1505 
f 2465/2494/1992 2466/2495/1993 1589/1469/1072 
f 1589/1469/1072 1588/1468/1071 2465/2494/1992 
f 2044/1938/1506 2056/1950/1518 2466/2496/1994 
f 2466/2496/1994 2465/2497/1995 2044/1938/1506 
f 2467/2498/1996 2468/2499/1997 2076/1970/1534 
f 2076/1970/1534 2069/1963/1528 2467/2498/1996 
f 2251/2149/1077 2055/1949/1517 2468/2500/1998 
f 2468/2500/1998 2467/2501/1999 2251/2149/1077 
f 2469/2502/2000 2470/2503/2001 1809/1695/1290 
f 1809/1695/1290 1719/1603/1202 2469/2502/2000 
f 2252/2150/1623 2247/2145/1578 2470/2504/2002 
f 2470/2504/2002 2469/2505/2003 2252/2150/1623 
f 2424/2412/1910 2471/2506/2004 2068/1962/1138 
f 2068/1962/1138 2213/2111/1349 2424/2412/1910 
f 2140/2036/1574 2248/2146/1074 2471/2507/2005 
f 2471/2507/2005 2424/2413/1911 2140/2036/1574 
f 2472/2508/2006 2422/2408/1906 2061/1955/1100 
f 2061/1955/1100 2060/1954/1521 2472/2508/2006 
f 2257/2155/1666 2047/1941/1509 2422/2409/1907 
f 2422/2409/1907 2472/2509/2007 2257/2155/1666 
f 2470/2503/2001 2425/2414/1912 1714/1598/1197 
f 1714/1598/1197 1809/1695/1290 2470/2503/2001 
f 2247/2145/1578 2139/2035/1357 2425/2415/1913 
f 2425/2415/1913 2470/2504/2002 2247/2145/1578 
f 2471/2506/2004 2467/2498/1996 2069/1963/1528 
f 2069/1963/1528 2068/1962/1138 2471/2506/2004 
f 2248/2146/1074 2251/2149/1077 2467/2501/1999 
f 2467/2501/1999 2471/2507/2005 2248/2146/1074 
f 2466/2495/1993 2469/2502/2000 1719/1603/1202 
f 1719/1603/1202 1589/1469/1072 2466/2495/1993 
f 2056/1950/1518 2252/2150/1623 2469/2505/2003 
f 2469/2505/2003 2466/2496/1994 2056/1950/1518 
f 2468/2499/1997 2463/2490/1988 2077/1971/1411 
f 2077/1971/1411 2076/1970/1534 2468/2499/1997 
f 2055/1949/1517 2043/1937/1505 2463/2493/1991 
f 2463/2493/1991 2468/2500/1998 2055/1949/1517 
f 2462/2487/1985 2465/2494/1992 1588/1468/1071 
f 1588/1468/1071 1711/1595/1194 2462/2487/1985 
f 2030/1924/1492 2044/1938/1506 2465/2497/1995 
f 2465/2497/1995 2462/2488/1986 2030/1924/1492 
f 2464/2491/1989 2459/2482/1980 2081/1975/1407 
f 2081/1975/1407 2079/1973/1409 2464/2491/1989 
f 2029/1923/1491 2015/1909/1477 2459/2485/1983 
f 2459/2485/1983 2464/2492/1990 2029/1923/1491 
f 2458/2479/1977 2461/2486/1984 1709/1593/1192 
f 1709/1593/1192 1707/1591/1190 2458/2479/1977 
f 2004/1896/1466 2016/1910/1478 2461/2489/1987 
f 2461/2489/1987 2458/2480/1978 2004/1896/1466 
f 2460/2483/1981 2455/2474/1972 2085/1979/1126 
f 2085/1979/1126 2083/1977/1538 2460/2483/1981 
f 2003/1895/1465 1991/1881/1454 2455/2477/1975 
f 2455/2477/1975 2460/2484/1982 2003/1895/1465 
f 2454/2510/1969 2457/2478/1976 1705/1589/1188 
f 1705/1589/1188 1703/1588/1186 2454/2510/1969 
f 1978/1883/1442 1992/1882/1455 2457/2481/1979 
f 2457/2481/1979 2454/2511/1970 1978/1883/1442 
f 2456/2512/1973 2451/2466/1964 2089/1985/1122 
f 2089/1985/1122 2087/1984/1540 2456/2512/1973 
f 1977/1867/1441 1953/1843/1418 2451/2469/1967 
f 2451/2469/1967 2456/2513/1974 1977/1867/1441 
f 2450/2463/1961 2453/2470/1968 1701/1583/1184 
f 1701/1583/1184 1699/1581/1182 2450/2463/1961 
f 1955/1845/1420 1954/1844/1419 2453/2473/1971 
f 2453/2473/1971 2450/2464/1962 1955/1845/1420 
f 2452/2467/1965 2447/2458/1956 2093/1989/1396 
f 2093/1989/1396 2091/1987/1543 2452/2467/1965 
f 1956/1846/1421 2205/2103/1606 2447/2461/1959 
f 2447/2461/1959 2452/2468/1966 1956/1846/1421 
f 2446/2455/1953 2449/2462/1960 1697/1579/1180 
f 1697/1579/1180 1695/1577/1178 2446/2455/1953 
f 2207/2105/1629 2206/2104/1628 2449/2465/1963 
f 2449/2465/1963 2446/2456/1954 2207/2105/1629 
f 2448/2459/1957 2443/2450/1948 2099/1995/1390 
f 2099/1995/1390 2098/1994/1394 2448/2459/1957 
f 2208/2106/1630 2215/2113/1635 2443/2453/1951 
f 2443/2453/1951 2448/2460/1958 2208/2106/1630 
f 2442/2447/1945 2445/2454/1952 1693/1575/1176 
f 1693/1575/1176 1691/1573/1174 2442/2447/1945 
f 2217/2115/1601 2216/2114/1636 2445/2457/1955 
f 2445/2457/1955 2442/2448/1946 2217/2115/1601 
f 2444/2451/1949 2439/2442/1940 2107/2003/1554 
f 2107/2003/1554 2106/2002/1553 2444/2451/1949 
f 2218/2116/1637 2225/2123/1644 2439/2445/1943 
f 2439/2445/1943 2444/2452/1950 2218/2116/1637 
f 2438/2439/1937 2441/2446/1944 1689/1571/1172 
f 1689/1571/1172 1687/1569/1170 2438/2439/1937 
f 2227/2125/1645 2226/2124/1600 2441/2449/1947 
f 2441/2449/1947 2438/2440/1938 2227/2125/1645 
f 2440/2443/1941 2435/2434/1932 2113/2009/1377 
f 2113/2009/1377 2112/2008/1108 2440/2443/1941 
f 2228/2126/1319 2241/2139/1321 2435/2437/1935 
f 2435/2437/1935 2440/2444/1942 2228/2126/1319 
f 2434/2432/1930 2437/2438/1936 1685/1567/1168 
f 1685/1567/1168 1683/1565/1166 2434/2432/1930 
f 2243/2141/1657 2242/2140/1598 2437/2441/1939 
f 2437/2441/1939 2434/2433/1931 2243/2141/1657 
f 2436/2435/1933 2472/2508/2006 2060/1954/1521 
f 2060/1954/1521 2118/2014/1560 2436/2435/1933 
f 2244/2142/1658 2257/2155/1666 2472/2509/2007 
f 2472/2509/2007 2436/2436/1934 2244/2142/1658 
f 2473/2514/2008 2474/2515/2005 1592/1472/1075 
f 1592/1472/1075 1808/1694/1289 2473/2514/2008 
f 2214/2112/1634 2067/1961/1527 2474/2516/2009 
f 2474/2516/2009 2473/2517/2010 2214/2112/1634 
f 2474/2515/2005 2475/2518/2011 1593/1473/1076 
f 1593/1473/1076 1592/1472/1075 2474/2515/2005 
f 2067/1961/1527 2070/1964/1529 2475/2519/1996 
f 2475/2519/1996 2474/2516/2009 2067/1961/1527 
f 2475/2518/2011 2476/2520/2012 1716/1600/1199 
f 1716/1600/1199 1593/1473/1076 2475/2518/2011 
f 2070/1964/1529 2075/1969/1533 2476/2521/2013 
f 2476/2521/2013 2475/2519/1996 2070/1964/1529 
f 2476/2520/2012 2477/2522/2014 1717/1601/1200 
f 1717/1601/1200 1716/1600/1199 2476/2520/2012 
f 2075/1969/1533 2078/1972/1535 2477/2523/2015 
f 2477/2523/2015 2476/2521/2013 2075/1969/1533 
f 2477/2522/2014 2478/2524/2016 1816/1702/1295 
f 1816/1702/1295 1717/1601/1200 2477/2522/2014 
f 2078/1972/1535 2080/1974/1536 2478/2525/2017 
f 2478/2525/2017 2477/2523/2015 2078/1972/1535 
f 2478/2524/2016 2479/2526/2018 1817/1703/1296 
f 1817/1703/1296 1816/1702/1295 2478/2524/2016 
f 2080/1974/1536 2082/1976/1537 2479/2527/1829 
f 2479/2527/1829 2478/2525/2017 2080/1974/1536 
f 2479/2526/2018 2480/2528/2019 1819/1705/1298 
f 1819/1705/1298 1817/1703/1296 2479/2526/2018 
f 2082/1976/1537 2084/1978/1404 2480/2529/2020 
f 2480/2529/2020 2479/2527/1829 2082/1976/1537 
f 2480/2528/2019 2481/2530/2021 1821/1707/1300 
f 1821/1707/1300 1819/1705/1298 2480/2528/2019 
f 2084/1978/1404 2086/1980/1539 2481/2531/2022 
f 2481/2531/2022 2480/2529/2020 2084/1978/1404 
f 2481/2530/2021 2482/2532/2023 1823/1709/1302 
f 1823/1709/1302 1821/1707/1300 2481/2530/2021 
f 2086/1980/1539 2088/1982/1541 2482/2533/1973 
f 2482/2533/1973 2481/2531/2022 2086/1980/1539 
f 2482/2534/2023 2483/2535/2024 1825/1713/1304 
f 1825/1713/1304 1823/1712/1302 2482/2534/2023 
f 2088/1983/1541 2090/1986/1542 2483/2536/2025 
f 2483/2536/2025 2482/2537/1973 2088/1983/1541 
f 2483/2535/2024 2484/2538/2026 1827/1715/1306 
f 1827/1715/1306 1825/1713/1304 2483/2535/2024 
f 2090/1986/1542 2092/1988/1397 2484/2539/1839 
f 2484/2539/1839 2483/2536/2025 2090/1986/1542 
f 2484/2538/2026 2485/2540/2027 1829/1717/1308 
f 1829/1717/1308 1827/1715/1306 2484/2538/2026 
f 2092/1988/1397 2094/1990/1395 2485/2541/2028 
f 2485/2541/2028 2484/2539/1839 2092/1988/1397 
f 2485/2540/2027 2486/2542/2029 1831/1719/1310 
f 1831/1719/1310 1829/1717/1308 2485/2540/2027 
f 2094/1990/1395 2097/1993/1546 2486/2543/2030 
f 2486/2543/2030 2485/2541/2028 2094/1990/1395 
f 2486/2542/2029 2487/2544/2031 1833/1721/1312 
f 1833/1721/1312 1831/1719/1310 2486/2542/2029 
f 2097/1993/1546 2100/1996/1547 2487/2545/2032 
f 2487/2545/2032 2486/2543/2030 2097/1993/1546 
f 2487/2544/2031 2488/2546/2033 1835/1723/1314 
f 1835/1723/1314 1833/1721/1312 2487/2544/2031 
f 2100/1996/1547 2105/2001/1552 2488/2547/2034 
f 2488/2547/2034 2487/2545/2032 2100/1996/1547 
f 2488/2546/2033 2489/2548/2035 1837/1725/1316 
f 1837/1725/1316 1835/1723/1314 2488/2546/2033 
f 2105/2001/1552 2108/2004/1382 2489/2549/1940 
f 2489/2549/1940 2488/2547/2034 2105/2001/1552 
f 2489/2548/2035 2490/2550/2036 1839/1727/1318 
f 1839/1727/1318 1837/1725/1316 2489/2548/2035 
f 2108/2004/1382 2111/2007/1556 2490/2551/2037 
f 2490/2551/2037 2489/2549/1940 2108/2004/1382 
f 2490/2550/2036 2491/2552/1935 1841/1729/1320 
f 1841/1729/1320 1839/1727/1318 2490/2550/2036 
f 2111/2007/1556 2114/2010/1557 2491/2553/2038 
f 2491/2553/2038 2490/2551/2037 2111/2007/1556 
f 2491/2552/1935 2492/2554/2039 1843/1731/1322 
f 1843/1731/1322 1841/1729/1320 2491/2552/1935 
f 2114/2010/1557 2117/2013/1559 2492/2555/2040 
f 2492/2555/2040 2491/2553/2038 2114/2010/1557 
f 2492/2554/2039 2493/2556/2041 1845/1733/1324 
f 1845/1733/1324 1843/1731/1322 2492/2554/2039 
f 2117/2013/1559 2059/1953/1374 2493/2557/2042 
f 2493/2557/2042 2492/2555/2040 2117/2013/1559 
f 2493/2556/2041 2494/2558/2043 1847/1735/1326 
f 1847/1735/1326 1845/1733/1324 2493/2556/2041 
f 2059/1953/1374 2062/1956/1522 2494/2559/1859 
f 2494/2559/1859 2493/2557/2042 2059/1953/1374 
f 2494/2558/2043 2495/2560/2044 1849/1737/1328 
f 1849/1737/1328 1847/1735/1326 2494/2558/2043 
f 2062/1956/1522 2122/2018/1563 2495/2561/2045 
f 2495/2561/2045 2494/2559/1859 2062/1956/1522 
f 2495/2560/2044 2496/2562/2046 1851/1739/1330 
f 1851/1739/1330 1849/1737/1328 2495/2560/2044 
f 2122/2018/1563 2124/2020/1370 2496/2563/1902 
f 2496/2563/1902 2495/2561/2045 2122/2018/1563 
f 2496/2562/2046 2497/2564/2047 1853/1741/1332 
f 1853/1741/1332 1851/1739/1330 2496/2562/2046 
f 2124/2020/1370 2126/2022/1565 2497/2565/2048 
f 2497/2565/2048 2496/2563/1902 2124/2020/1370 
f 2497/2564/2047 2498/2566/2049 1855/1743/1334 
f 1855/1743/1334 1853/1741/1332 2497/2564/2047 
f 2126/2022/1565 2128/2024/1567 2498/2567/2050 
f 2498/2567/2050 2497/2565/2048 2126/2022/1565 
f 2498/2566/2049 2499/2568/2051 1857/1745/1336 
f 1857/1745/1336 1855/1743/1334 2498/2566/2049 
f 2128/2024/1567 2130/2026/1569 2499/2569/2052 
f 2499/2569/2052 2498/2567/2050 2128/2024/1567 
f 2499/2568/2051 2500/2570/2053 1859/1747/1338 
f 1859/1747/1338 1857/1745/1336 2499/2568/2051 
f 2130/2026/1569 2132/2028/1362 2500/2571/1895 
f 2500/2571/1895 2499/2569/2052 2130/2026/1569 
f 2500/2570/2053 2501/2572/2054 1861/1749/1340 
f 1861/1749/1340 1859/1747/1338 2500/2570/2053 
f 2132/2028/1362 2134/2030/1361 2501/2573/2055 
f 2501/2573/2055 2500/2571/1895 2132/2028/1362 
f 2501/2572/2054 2502/2574/2056 1863/1751/1342 
f 1863/1751/1342 1861/1749/1340 2501/2572/2054 
f 2134/2030/1361 2136/2032/1571 2502/2575/2057 
f 2502/2575/2057 2501/2573/2055 2134/2030/1361 
f 2502/2574/2056 2503/2576/2058 1865/1753/1344 
f 1865/1753/1344 1863/1751/1342 2502/2574/2056 
f 2136/2032/1571 2210/2108/1358 2503/2577/2059 
f 2503/2577/2059 2502/2575/2057 2136/2032/1571 
f 2504/2578/2060 2473/2514/2008 1808/1694/1289 
f 1808/1694/1289 1867/1755/1346 2504/2578/2060 
f 2212/2110/1633 2214/2112/1634 2473/2517/2010 
f 2473/2517/2010 2504/2579/2061 2212/2110/1633 
f 2503/2576/2058 2504/2578/2060 1867/1755/1346 
f 1867/1755/1346 1865/1753/1344 2503/2576/2058 
f 2210/2108/1358 2212/2110/1633 2504/2579/2061 
f 2504/2579/2061 2503/2577/2059 2210/2108/1358 
f 1655/1537/1138 1657/1539/1140 1658/1540/1141 
f 1658/1540/1141 1656/1538/1139 1655/1537/1138 
f 2505/2580/2002 2506/2581/2062 1957/1847/1422 
f 1957/1847/1422 1980/1870/1444 2505/2580/2002 
f 1810/1696/1291 1713/1597/1196 2506/2582/2063 
f 2506/2582/2063 2505/2583/2001 1810/1696/1291 
f 2507/2584/2003 2505/2580/2002 1980/1870/1444 
f 1980/1870/1444 1979/1869/1443 2507/2584/2003 
f 1720/1604/1203 1810/1696/1291 2505/2583/2001 
f 2505/2583/2001 2507/2585/2064 1720/1604/1203 
f 2508/2586/2065 2507/2584/2003 1979/1869/1443 
f 1979/1869/1443 1993/1885/1456 2508/2586/2065 
f 1590/1470/1073 1720/1604/1203 2507/2585/2064 
f 2507/2585/2064 2508/2587/2066 1590/1470/1073 
f 2509/2588/2067 2508/2586/2065 1993/1885/1456 
f 1993/1885/1456 2005/1897/1467 2509/2588/2067 
f 1587/1467/1070 1590/1470/1073 2508/2587/2066 
f 2508/2587/2066 2509/2589/1992 1587/1467/1070 
f 2510/2590/2068 2509/2588/2067 2005/1897/1467 
f 2005/1897/1467 2017/1911/1479 2510/2590/2068 
f 1712/1596/1195 1587/1467/1070 2509/2589/1992 
f 2509/2589/1992 2510/2591/2069 1712/1596/1195 
f 2511/2592/2070 2510/2590/2068 2017/1911/1479 
f 2017/1911/1479 2031/1925/1493 2511/2592/2070 
f 1710/1594/1193 1712/1596/1195 2510/2591/2069 
f 2510/2591/2069 2511/2593/2071 1710/1594/1193 
f 2512/2594/2072 2511/2592/2070 2031/1925/1493 
f 2031/1925/1493 2045/1939/1507 2512/2594/2072 
f 1708/1592/1191 1710/1594/1193 2511/2593/2071 
f 2511/2593/2071 2512/2595/1977 1708/1592/1191 
f 2513/2596/2073 2512/2594/2072 2045/1939/1507 
f 2045/1939/1507 2057/1951/1519 2513/2596/2073 
f 1706/1590/1189 1708/1592/1191 2512/2595/1977 
f 2512/2595/1977 2513/2597/2074 1706/1590/1189 
f 2514/2598/2075 2513/2596/2073 2057/1951/1519 
f 2057/1951/1519 2253/2157/1663 2514/2598/2075 
f 1704/1587/1187 1706/1590/1189 2513/2597/2074 
f 2513/2597/2074 2514/2599/2076 1704/1587/1187 
f 2515/2600/2077 2514/2601/2075 2253/2151/1663 
f 2253/2151/1663 2245/2143/1659 2515/2600/2077 
f 1702/1584/1185 1704/1586/1187 2514/2602/2076 
f 2514/2602/2076 2515/2603/2078 1702/1584/1185 
f 2516/2604/2079 2515/2600/2077 2245/2143/1659 
f 2245/2143/1659 2237/2135/1653 2516/2604/2079 
f 1700/1582/1183 1702/1584/1185 2515/2603/2078 
f 2515/2603/2078 2516/2605/1961 1700/1582/1183 
f 2517/2606/2080 2516/2604/2079 2237/2135/1653 
f 2237/2135/1653 2233/2131/1650 2517/2606/2080 
f 1698/1580/1181 1700/1582/1183 2516/2605/1961 
f 2516/2605/1961 2517/2607/2081 1698/1580/1181 
f 2518/2608/2082 2517/2606/2080 2233/2131/1650 
f 2233/2131/1650 2223/2121/1642 2518/2608/2082 
f 1696/1578/1179 1698/1580/1181 2517/2607/2081 
f 2517/2607/2081 2518/2609/1953 1696/1578/1179 
f 2519/2610/2083 2518/2608/2082 2223/2121/1642 
f 2223/2121/1642 2219/2117/1638 2519/2610/2083 
f 1694/1576/1177 1696/1578/1179 2518/2609/1953 
f 2518/2609/1953 2519/2611/1952 1694/1576/1177 
f 2520/2612/2084 2519/2610/2083 2219/2117/1638 
f 2219/2117/1638 1918/1806/1386 2520/2612/2084 
f 1692/1574/1175 1694/1576/1177 2519/2611/1952 
f 2519/2611/1952 2520/2613/2085 1692/1574/1175 
f 2521/2614/1947 2520/2612/2084 1918/1806/1386 
f 1918/1806/1386 1917/1805/1385 2521/2614/1947 
f 1690/1572/1173 1692/1574/1175 2520/2613/2085 
f 2520/2613/2085 2521/2615/2086 1690/1572/1173 
f 2522/2616/2087 2521/2614/1947 1917/1805/1385 
f 1917/1805/1385 1910/1798/1379 2522/2616/2087 
f 1688/1570/1171 1690/1572/1173 2521/2615/2086 
f 2521/2615/2086 2522/2617/1937 1688/1570/1171 
f 2523/2618/2088 2522/2616/2087 1910/1798/1379 
f 1910/1798/1379 1909/1797/1378 2523/2618/2088 
f 1686/1568/1169 1688/1570/1171 2522/2617/1937 
f 2522/2617/1937 2523/2619/2089 1686/1568/1169 
f 2524/2620/2090 2523/2618/2088 1909/1797/1378 
f 1909/1797/1378 1975/1865/1439 2524/2620/2090 
f 1684/1566/1167 1686/1568/1169 2523/2619/2089 
f 2523/2619/2089 2524/2621/2091 1684/1566/1167 
f 2525/2622/2092 2524/2620/2090 1975/1865/1439 
f 1975/1865/1439 1989/1879/1452 2525/2622/2092 
f 1682/1564/1165 1684/1566/1167 2524/2621/2091 
f 2524/2621/2091 2525/2623/2093 1682/1564/1165 
f 2526/2624/2094 2525/2622/2092 1989/1879/1452 
f 1989/1879/1452 2001/1893/1463 2526/2624/2094 
f 1680/1562/1163 1682/1564/1165 2525/2623/2093 
f 2525/2623/2093 2526/2625/2095 1680/1562/1163 
f 2527/2626/2096 2526/2624/2094 2001/1893/1463 
f 2001/1893/1463 2013/1907/1475 2527/2626/2096 
f 1678/1560/1161 1680/1562/1163 2526/2625/2095 
f 2526/2625/2095 2527/2627/2097 1678/1560/1161 
f 2528/2628/2098 2527/2626/2096 2013/1907/1475 
f 2013/1907/1475 2027/1921/1489 2528/2628/2098 
f 1676/1558/1159 1678/1560/1161 2527/2627/2097 
f 2527/2627/2097 2528/2629/2099 1676/1558/1159 
f 2529/2630/2100 2528/2628/2098 2027/1921/1489 
f 2027/1921/1489 2041/1935/1503 2529/2630/2100 
f 1674/1556/1157 1676/1558/1159 2528/2629/2099 
f 2528/2629/2099 2529/2631/2101 1674/1556/1157 
f 2530/2632/2102 2529/2630/2100 2041/1935/1503 
f 2041/1935/1503 2053/1947/1515 2530/2632/2102 
f 1672/1554/1155 1674/1556/1157 2529/2631/2101 
f 2529/2631/2101 2530/2633/2103 1672/1554/1155 
f 2531/2634/2104 2530/2632/2102 2053/1947/1515 
f 2053/1947/1515 2255/2153/1664 2531/2634/2104 
f 1670/1552/1153 1672/1554/1155 2530/2633/2103 
f 2530/2633/2103 2531/2635/2105 1670/1552/1153 
f 2532/2636/2106 2531/2634/2104 2255/2153/1664 
f 2255/2153/1664 2249/2147/1661 2532/2636/2106 
f 1668/1550/1151 1670/1552/1153 2531/2635/2105 
f 2531/2635/2105 2532/2637/2107 1668/1550/1151 
f 2533/2638/2108 2532/2636/2106 2249/2147/1661 
f 2249/2147/1661 2239/2137/1655 2533/2638/2108 
f 1666/1548/1149 1668/1550/1151 2532/2637/2107 
f 2532/2637/2107 2533/2639/2109 1666/1548/1149 
f 2534/2640/2110 2533/2638/2108 2239/2137/1655 
f 2239/2137/1655 2235/2133/1652 2534/2640/2110 
f 1664/1546/1147 1666/1548/1149 2533/2639/2109 
f 2533/2639/2109 2534/2641/2111 1664/1546/1147 
f 2535/2642/2112 2534/2640/2110 2235/2133/1652 
f 2235/2133/1652 2221/2119/1640 2535/2642/2112 
f 1662/1544/1145 1664/1546/1147 2534/2641/2111 
f 2534/2641/2111 2535/2643/2113 1662/1544/1145 
f 2506/2581/2062 2536/2644/2114 1958/1848/1423 
f 1958/1848/1423 1957/1847/1422 2506/2581/2062 
f 1713/1597/1196 1659/1541/1142 2536/2645/2115 
f 2536/2645/2115 2506/2582/2063 1713/1597/1196 
f 2536/2644/2114 2535/2642/2112 2221/2119/1640 
f 2221/2119/1640 1958/1848/1423 2536/2644/2114 
f 1659/1541/1142 1662/1544/1145 2535/2643/2113 
f 2535/2643/2113 2536/2645/2115 1659/1541/1142 
f 1810/1696/1291 1809/1695/1290 1714/1598/1197 
f 1714/1598/1197 1713/1597/1196 1810/1696/1291 
f 2537/2646/2116 2538/2647/2117 1969/1859/1182 
f 1969/1859/1182 1968/1858/1433 2537/2646/2116 
f 2180/2076/1607 2182/2078/1609 2538/2648/2118 
f 2538/2648/2118 2537/2649/2119 2180/2076/1607 
f 2539/2650/2120 2540/2651/2121 1870/1758/1349 
f 1870/1758/1349 1883/1771/1078 2539/2650/2120 
f 1877/1765/1355 1880/1768/1288 2540/2652/2122 
f 2540/2652/2122 2539/2653/2123 1877/1765/1355 
f 2541/2654/1956 2542/2655/2124 1926/1814/1394 
f 1926/1814/1394 1928/1816/1396 2541/2654/1956 
f 2179/2075/1606 2177/2073/1604 2542/2656/2125 
f 2542/2656/2125 2541/2657/1959 2179/2075/1606 
f 2543/2658/2126 2544/2659/2127 1923/1811/1391 
f 1923/1811/1391 1922/1810/1390 2543/2658/2126 
f 2175/2071/1602 2173/2069/1315 2544/2660/2128 
f 2544/2660/2128 2543/2661/2129 2175/2071/1602 
f 2544/2659/2127 2545/2662/2130 1914/1802/1110 
f 1914/1802/1110 1923/1811/1391 2544/2659/2127 
f 2173/2069/1315 2171/2067/1317 2545/2663/2131 
f 2545/2663/2131 2544/2660/2128 2173/2069/1315 
f 2545/2662/2130 2546/2664/1941 1915/1803/1383 
f 1915/1803/1383 1914/1802/1110 2545/2662/2130 
f 2171/2067/1317 2169/2065/1319 2546/2665/1942 
f 2546/2665/1942 2545/2663/2131 2171/2067/1317 
f 2546/2664/1941 2547/2666/2132 1908/1796/1377 
f 1908/1796/1377 1915/1803/1383 2546/2664/1941 
f 2169/2065/1319 2167/2063/1321 2547/2667/2133 
f 2547/2667/2133 2546/2665/1942 2169/2065/1319 
f 2547/2666/2132 2548/2668/2134 1906/1794/1104 
f 1906/1794/1104 1908/1796/1377 2547/2666/2132 
f 2167/2063/1321 2165/2061/1596 2548/2669/2135 
f 2548/2669/2135 2547/2667/2133 2167/2063/1321 
f 2548/2668/2134 2549/2670/2136 1904/1792/1102 
f 1904/1792/1102 1906/1794/1104 2548/2668/2134 
f 2165/2061/1596 2163/2059/1325 2549/2671/2137 
f 2549/2671/2137 2548/2669/2135 2165/2061/1596 
f 2549/2670/2136 2550/2672/1859 1902/1790/1100 
f 1902/1790/1100 1904/1792/1102 2549/2670/2136 
f 2163/2059/1325 2161/2057/1593 2550/2673/2138 
f 2550/2673/2138 2549/2671/2137 2163/2059/1325 
f 2550/2672/1859 2551/2674/1861 1900/1788/1098 
f 1900/1788/1098 1902/1790/1100 2550/2672/1859 
f 2161/2057/1593 2159/2055/1591 2551/2675/2139 
f 2551/2675/2139 2550/2673/2138 2161/2057/1593 
f 2551/2674/1861 2552/2676/2140 1898/1786/1371 
f 1898/1786/1371 1900/1788/1098 2551/2674/1861 
f 2159/2055/1591 2157/2053/1589 2552/2677/2141 
f 2552/2677/2141 2551/2675/2139 2159/2055/1591 
f 2552/2676/2140 2553/2678/2142 1896/1784/1369 
f 1896/1784/1369 1898/1786/1371 2552/2676/2140 
f 2157/2053/1589 2155/2051/1587 2553/2679/2047 
f 2553/2679/2047 2552/2677/2141 2157/2053/1589 
f 2553/2678/2142 2554/2680/2143 1894/1782/1367 
f 1894/1782/1367 1896/1784/1369 2553/2678/2142 
f 2155/2051/1587 2153/2049/1585 2554/2681/2144 
f 2554/2681/2144 2553/2679/2047 2155/2051/1587 
f 2554/2680/2143 2555/2682/2145 1892/1780/1365 
f 1892/1780/1365 1894/1782/1367 2554/2680/2143 
f 2153/2049/1585 2151/2047/1583 2555/2683/2051 
f 2555/2683/2051 2554/2681/2144 2153/2049/1585 
f 2555/2682/2145 2556/2684/2146 1890/1778/1363 
f 1890/1778/1363 1892/1780/1365 2555/2682/2145 
f 2151/2047/1583 2147/2043/1579 2556/2685/2147 
f 2556/2685/2147 2555/2683/2051 2151/2047/1583 
f 2556/2684/2146 2557/2686/2148 1888/1776/1086 
f 1888/1776/1086 1890/1778/1363 2556/2684/2146 
f 2147/2043/1579 2150/2046/1582 2557/2687/2149 
f 2557/2687/2149 2556/2685/2147 2147/2043/1579 
f 2557/2686/2148 2558/2688/2150 1886/1774/1084 
f 1886/1774/1084 1888/1776/1086 2557/2686/2148 
f 2150/2046/1582 2141/2037/1575 2558/2689/2151 
f 2558/2689/2151 2557/2687/2149 2150/2046/1582 
f 2558/2688/2150 2559/2690/2152 1882/1770/1082 
f 1882/1770/1082 1886/1774/1084 2558/2688/2150 
f 2141/2037/1575 2144/2040/1345 2559/2691/2153 
f 2559/2691/2153 2558/2689/2151 2141/2037/1575 
f 2559/2690/2152 2539/2650/2120 1883/1771/1078 
f 1883/1771/1078 1882/1770/1082 2559/2690/2152 
f 2144/2040/1345 1877/1765/1355 2539/2653/2123 
f 2539/2653/2123 2559/2691/2153 2144/2040/1345 
f 2560/2692/2154 2541/2654/1956 1928/1816/1396 
f 1928/1816/1396 1930/1818/1398 2560/2692/2154 
f 2181/2077/1608 2179/2075/1606 2541/2657/1959 
f 2541/2657/1959 2560/2693/2155 2181/2077/1608 
f 2561/2694/2156 2537/2646/2116 1968/1858/1433 
f 1968/1858/1433 2096/1992/1545 2561/2694/2156 
f 2178/2074/1605 2180/2076/1607 2537/2649/2119 
f 2537/2649/2119 2561/2695/2157 2178/2074/1605 
f 2562/2696/2158 2561/2694/2156 2096/1992/1545 
f 2096/1992/1545 2103/1999/1550 2562/2696/2158 
f 2176/2072/1603 2178/2074/1605 2561/2695/2157 
f 2561/2695/2157 2562/2697/2159 2176/2072/1603 
f 2563/2698/2160 2564/2699/2161 2102/1998/1549 
f 2102/1998/1549 2109/2005/1172 2563/2698/2160 
f 2172/2068/1600 2174/2070/1601 2564/2700/2162 
f 2564/2700/2162 2563/2701/2163 2172/2068/1600 
f 2565/2702/2164 2563/2698/2160 2109/2005/1172 
f 2109/2005/1172 1951/1841/1170 2565/2702/2164 
f 2170/2066/1599 2172/2068/1600 2563/2701/2163 
f 2563/2701/2163 2565/2703/2087 2170/2066/1599 
f 2566/2704/2165 2565/2702/2164 1951/1841/1170 
f 1951/1841/1170 1950/1840/1416 2566/2704/2165 
f 2168/2064/1598 2170/2066/1599 2565/2703/2087 
f 2565/2703/2087 2566/2705/2166 2168/2064/1598 
f 2567/2706/2167 2566/2704/2165 1950/1840/1416 
f 1950/1840/1416 2116/2012/1166 2567/2706/2167 
f 2166/2062/1597 2168/2064/1598 2566/2705/2166 
f 2566/2705/2166 2567/2707/2168 2166/2062/1597 
f 2568/2708/2169 2567/2706/2167 2116/2012/1166 
f 2116/2012/1166 2119/2015/1164 2568/2708/2169 
f 2164/2060/1595 2166/2062/1597 2567/2707/2168 
f 2567/2707/2168 2568/2709/2170 2164/2060/1595 
f 2569/2710/2171 2568/2708/2169 2119/2015/1164 
f 2119/2015/1164 2065/1959/1525 2569/2710/2171 
f 2162/2058/1594 2164/2060/1595 2568/2709/2170 
f 2568/2709/2170 2569/2711/2172 2162/2058/1594 
f 2570/2712/2173 2569/2710/2171 2065/1959/1525 
f 2065/1959/1525 2051/1945/1513 2570/2712/2173 
f 2160/2056/1592 2162/2058/1594 2569/2711/2172 
f 2569/2711/2172 2570/2713/2174 2160/2056/1592 
f 2571/2714/2175 2570/2712/2173 2051/1945/1513 
f 2051/1945/1513 2039/1933/1501 2571/2714/2175 
f 2158/2054/1590 2160/2056/1592 2570/2713/2174 
f 2570/2713/2174 2571/2715/2176 2158/2054/1590 
f 2572/2716/2177 2571/2714/2175 2039/1933/1501 
f 2039/1933/1501 2025/1919/1487 2572/2716/2177 
f 2156/2052/1588 2158/2054/1590 2571/2715/2176 
f 2571/2715/2176 2572/2717/2178 2156/2052/1588 
f 2573/2718/2179 2572/2716/2177 2025/1919/1487 
f 2025/1919/1487 2011/1905/1473 2573/2718/2179 
f 2154/2050/1586 2156/2052/1588 2572/2717/2178 
f 2572/2717/2178 2573/2719/2180 2154/2050/1586 
f 2574/2720/2181 2573/2718/2179 2011/1905/1473 
f 2011/1905/1473 1999/1891/1461 2574/2720/2181 
f 2152/2048/1584 2154/2050/1586 2573/2719/2180 
f 2573/2719/2180 2574/2721/2182 2152/2048/1584 
f 2575/2722/2183 2574/2720/2181 1999/1891/1461 
f 1999/1891/1461 1987/1877/1150 2575/2722/2183 
f 2148/2044/1580 2152/2048/1584 2574/2721/2182 
f 2574/2721/2182 2575/2723/2184 2148/2044/1580 
f 2576/2724/2185 2575/2722/2183 1987/1877/1150 
f 1987/1877/1150 1973/1863/1437 2576/2724/2185 
f 2149/2045/1581 2148/2044/1580 2575/2723/2184 
f 2575/2723/2184 2576/2725/2186 2149/2045/1581 
f 2577/2726/2187 2576/2724/2185 1973/1863/1437 
f 1973/1863/1437 1972/1862/1436 2577/2726/2187 
f 2142/2038/1576 2149/2045/1581 2576/2725/2186 
f 2576/2725/2186 2577/2727/2188 2142/2038/1576 
f 2578/2728/2189 2577/2726/2187 1972/1862/1436 
f 1972/1862/1436 1813/1699/1144 2578/2728/2189 
f 2143/2039/1577 2142/2038/1576 2577/2727/2188 
f 2577/2727/2188 2578/2729/2190 2143/2039/1577 
f 2579/2730/2191 2580/2731/2115 1812/1698/1143 
f 1812/1698/1143 1947/1837/1413 2579/2730/2191 
f 1879/1767/1357 1878/1766/1356 2580/2732/2192 
f 2580/2732/2192 2579/2733/2193 1879/1767/1357 
f 2580/2731/2115 2578/2728/2189 1813/1699/1144 
f 1813/1699/1144 1812/1698/1143 2580/2731/2115 
f 1878/1766/1356 2143/2039/1577 2578/2729/2190 
f 2578/2729/2190 2580/2732/2192 1878/1766/1356 
f 2542/2655/2124 2543/2658/2126 1922/1810/1390 
f 1922/1810/1390 1926/1814/1394 2542/2655/2124 
f 2177/2073/1604 2175/2071/1602 2543/2661/2129 
f 2543/2661/2129 2542/2656/2125 2177/2073/1604 
f 2564/2699/2161 2562/2696/2158 2103/1999/1550 
f 2103/1999/1550 2102/1998/1549 2564/2699/2161 
f 2174/2070/1601 2176/2072/1603 2562/2697/2159 
f 2562/2697/2159 2564/2700/2162 2174/2070/1601 
f 2581/2734/2194 2582/2735/2060 1959/1849/1424 
f 1959/1849/1424 2222/2120/1641 2581/2734/2194 
f 1881/1769/1358 1884/1772/1359 2582/2736/1879 
f 2582/2736/1879 2581/2737/1877 1881/1769/1358 
f 2583/2738/2195 2584/2739/2196 1732/1616/2197 
f 1732/1616/2197 1721/1605/2198 2583/2738/2195 
f 1811/1697/1292 1814/1700/1293 2584/2740/2199 
f 2584/2740/2199 2583/2741/2200 1811/1697/1292 
f 2582/2735/2060 2585/2742/2122 1960/1850/1425 
f 1960/1850/1425 1959/1849/1424 2582/2735/2060 
f 1884/1772/1359 1869/1757/1348 2585/2743/2201 
f 2585/2743/2201 2582/2736/1879 1884/1772/1359 
f 2586/2744/2202 2583/2738/2195 1721/1605/2198 
f 1721/1605/2198 1724/1608/2203 2586/2744/2202 
f 1948/1838/1414 1811/1697/1292 2583/2741/2200 
f 2583/2741/2200 2586/2745/2204 1948/1838/1414 
f 2587/2746/2205 2581/2734/2194 2222/2120/1641 
f 2222/2120/1641 2236/2134/1342 2587/2746/2205 
f 1885/1773/1360 1881/1769/1358 2581/2737/1877 
f 2581/2737/1877 2587/2747/1875 1885/1773/1360 
f 2584/2739/2196 2588/2748/2206 1788/1672/2207 
f 1788/1672/2207 1732/1616/2197 2584/2739/2196 
f 1814/1700/1293 1971/1861/1435 2588/2749/2208 
f 2588/2749/2208 2584/2740/2199 1814/1700/1293 
f 2589/2750/2209 2587/2746/2205 2236/2134/1342 
f 2236/2134/1342 2240/2138/1656 2589/2750/2209 
f 1887/1775/1361 1885/1773/1360 2587/2747/1875 
f 2587/2747/1875 2589/2751/1873 1887/1775/1361 
f 2588/2748/2206 2590/2752/2210 1782/1666/2211 
f 1782/1666/2211 1788/1672/2207 2588/2748/2206 
f 1971/1861/1435 1974/1864/1438 2590/2753/2212 
f 2590/2753/2212 2588/2749/2208 1971/1861/1435 
f 2591/2754/2213 2589/2750/2209 2240/2138/1656 
f 2240/2138/1656 2250/2148/1662 2591/2754/2213 
f 1889/1777/1362 1887/1775/1361 2589/2751/1873 
f 2589/2751/1873 2591/2755/2146 1889/1777/1362 
f 2590/2752/2210 2592/2756/2214 1777/1661/2214 
f 1777/1661/2214 1782/1666/2211 2590/2752/2210 
f 1974/1864/1438 1988/1878/1451 2592/2757/2215 
f 2592/2757/2215 2590/2753/2212 1974/1864/1438 
f 2593/2758/2216 2591/2754/2213 2250/2148/1662 
f 2250/2148/1662 2256/2154/1665 2593/2758/2216 
f 1891/1779/1364 1889/1777/1362 2591/2755/2146 
f 2591/2755/2146 2593/2759/2217 1891/1779/1364 
f 2592/2756/2214 2594/2760/2218 1773/1657/2219 
f 1773/1657/2219 1777/1661/2214 2592/2756/2214 
f 1988/1878/1451 2000/1892/1462 2594/2761/2220 
f 2594/2761/2220 2592/2757/2215 1988/1878/1451 
f 2595/2762/2221 2593/2758/2216 2256/2154/1665 
f 2256/2154/1665 2054/1948/1516 2595/2762/2221 
f 1893/1781/1366 1891/1779/1364 2593/2759/2217 
f 2593/2759/2217 2595/2763/2222 1893/1781/1366 
f 2594/2760/2218 2596/2764/2223 1767/1651/2223 
f 1767/1651/2223 1773/1657/2219 2594/2760/2218 
f 2000/1892/1462 2012/1906/1474 2596/2765/2224 
f 2596/2765/2224 2594/2761/2220 2000/1892/1462 
f 2597/2766/2225 2595/2762/2221 2054/1948/1516 
f 2054/1948/1516 2042/1936/1504 2597/2766/2225 
f 1895/1783/1368 1893/1781/1366 2595/2763/2222 
f 2595/2763/2222 2597/2767/2226 1895/1783/1368 
f 2596/2764/2223 2598/2768/2227 1737/1621/2227 
f 1737/1621/2227 1767/1651/2223 2596/2764/2223 
f 2012/1906/1474 2026/1920/1488 2598/2769/2228 
f 2598/2769/2228 2596/2765/2224 2012/1906/1474 
f 2599/2770/2229 2597/2766/2225 2042/1936/1504 
f 2042/1936/1504 2028/1922/1490 2599/2770/2229 
f 1897/1785/1370 1895/1783/1368 2597/2767/2226 
f 2597/2767/2226 2599/2771/2140 1897/1785/1370 
f 2598/2768/2227 2600/2772/2230 1734/1618/2230 
f 1734/1618/2230 1737/1621/2227 2598/2768/2227 
f 2026/1920/1488 2040/1934/1502 2600/2773/2231 
f 2600/2773/2231 2598/2769/2228 2026/1920/1488 
f 2601/2774/2232 2599/2770/2229 2028/1922/1490 
f 2028/1922/1490 2014/1908/1476 2601/2774/2232 
f 1899/1787/1372 1897/1785/1370 2599/2771/2140 
f 2599/2771/2140 2601/2775/1904 1899/1787/1372 
f 2600/2772/2230 2602/2776/2233 1758/1642/2233 
f 1758/1642/2233 1734/1618/2230 2600/2772/2230 
f 2040/1934/1502 2052/1946/1514 2602/2777/2234 
f 2602/2777/2234 2600/2773/2231 2040/1934/1502 
f 2603/2778/2235 2601/2774/2232 2014/1908/1476 
f 2014/1908/1476 2002/1894/1464 2603/2778/2235 
f 1901/1789/1373 1899/1787/1372 2601/2775/1904 
f 2601/2775/1904 2603/2779/2236 1901/1789/1373 
f 2602/2776/2233 2604/2780/2237 1762/1646/2237 
f 1762/1646/2237 1758/1642/2233 2602/2776/2233 
f 2052/1946/1514 2066/1960/1526 2604/2781/2238 
f 2604/2781/2238 2602/2777/2234 2052/1946/1514 
f 2605/2782/2239 2603/2778/2235 2002/1894/1464 
f 2002/1894/1464 1990/1880/1453 2605/2782/2239 
f 1903/1791/1374 1901/1789/1373 2603/2779/2236 
f 2603/2779/2236 2605/2783/2042 1903/1791/1374 
f 2604/2780/2237 2606/2784/2240 1751/1635/2241 
f 1751/1635/2241 1762/1646/2237 2604/2780/2237 
f 2066/1960/1526 2120/2016/1561 2606/2785/2242 
f 2606/2785/2242 2604/2781/2238 2066/1960/1526 
f 2607/2786/2039 2605/2782/2239 1990/1880/1453 
f 1990/1880/1453 1976/1866/1440 2607/2786/2039 
f 1905/1793/1375 1903/1791/1374 2605/2783/2042 
f 2605/2783/2042 2607/2787/1855 1905/1793/1375 
f 2606/2784/2240 2608/2788/2243 1748/1632/2244 
f 1748/1632/2244 1751/1635/2241 2606/2784/2240 
f 2120/2016/1561 2115/2011/1558 2608/2789/2245 
f 2608/2789/2245 2606/2785/2242 2120/2016/1561 
f 2609/2790/2133 2607/2786/2039 1976/1866/1440 
f 1976/1866/1440 1912/1800/1381 2609/2790/2133 
f 1907/1795/1376 1905/1793/1375 2607/2787/1855 
f 2607/2787/1855 2609/2791/2246 1907/1795/1376 
f 2608/2788/2243 2610/2792/2247 1801/1687/2248 
f 1801/1687/2248 1748/1632/2244 2608/2788/2243 
f 2115/2011/1558 1949/1839/1415 2610/2793/2249 
f 2610/2793/2249 2608/2789/2245 2115/2011/1558 
f 2611/2794/2250 2609/2790/2133 1912/1800/1381 
f 1912/1800/1381 1911/1799/1380 2611/2794/2250 
f 1916/1804/1384 1907/1795/1376 2609/2791/2246 
f 2609/2791/2246 2611/2795/2251 1916/1804/1384 
f 2610/2792/2247 2612/2796/2252 1786/1670/2252 
f 1786/1670/2252 1801/1687/2248 2610/2792/2247 
f 1949/1839/1415 1952/1842/1417 2612/2797/2253 
f 2612/2797/2253 2610/2793/2249 1949/1839/1415 
f 2613/2798/2254 2611/2794/2250 1911/1799/1380 
f 1911/1799/1380 1920/1808/1388 2613/2798/2254 
f 1913/1801/1382 1916/1804/1384 2611/2795/2251 
f 2611/2795/2251 2613/2799/2255 1913/1801/1382 
f 2612/2796/2252 2614/2800/2256 1783/1667/2256 
f 1783/1667/2256 1786/1670/2252 2612/2796/2252 
f 1952/1842/1417 2110/2006/1555 2614/2801/2257 
f 2614/2801/2257 2612/2797/2253 1952/1842/1417 
f 2615/2802/2258 2613/2798/2254 1920/1808/1388 
f 1920/1808/1388 1919/1807/1387 2615/2802/2258 
f 1924/1812/1392 1913/1801/1382 2613/2799/2255 
f 2613/2799/2255 2615/2803/2259 1924/1812/1392 
f 2614/2800/2256 2616/2804/2260 1792/1676/2260 
f 1792/1676/2260 1783/1667/2256 2614/2800/2256 
f 2110/2006/1555 2101/1997/1548 2616/2805/2261 
f 2616/2805/2261 2614/2801/2257 2110/2006/1555 
f 2617/2806/2262 2615/2802/2258 1919/1807/1387 
f 1919/1807/1387 2220/2118/1639 2617/2806/2262 
f 1921/1809/1389 1924/1812/1392 2615/2803/2259 
f 2615/2803/2259 2617/2807/2126 1921/1809/1389 
f 2616/2804/2260 2618/2808/2263 1780/1664/2264 
f 1780/1664/2264 1792/1676/2260 2616/2804/2260 
f 2101/1997/1548 2104/2000/1551 2618/2809/2265 
f 2618/2809/2265 2616/2805/2261 2101/1997/1548 
f 2619/2810/2266 2617/2806/2262 2220/2118/1639 
f 2220/2118/1639 2224/2122/1643 2619/2810/2266 
f 1925/1813/1393 1921/1809/1389 2617/2807/2126 
f 2617/2807/2126 2619/2811/2267 1925/1813/1393 
f 2618/2808/2263 2620/2812/2268 1775/1659/2268 
f 1775/1659/2268 1780/1664/2264 2618/2808/2263 
f 2104/2000/1551 2095/1991/1544 2620/2813/2269 
f 2620/2813/2269 2618/2809/2265 2104/2000/1551 
f 2621/2814/2270 2619/2810/2266 2224/2122/1643 
f 2224/2122/1643 2234/2132/1651 2621/2814/2270 
f 1927/1815/1395 1925/1813/1393 2619/2811/2267 
f 2619/2811/2267 2621/2815/2271 1927/1815/1395 
f 2620/2812/2268 2622/2816/2272 1771/1655/2272 
f 1771/1655/2272 1775/1659/2268 2620/2812/2268 
f 2095/1991/1544 1967/1857/1432 2622/2817/2273 
f 2622/2817/2273 2620/2813/2269 2095/1991/1544 
f 2623/2818/2274 2621/2814/2270 2234/2132/1651 
f 2234/2132/1651 2238/2136/1654 2623/2818/2274 
f 1929/1817/1397 1927/1815/1395 2621/2815/2271 
f 2621/2815/2271 2623/2819/2275 1929/1817/1397 
f 2622/2816/2272 2624/2820/2276 1765/1649/2276 
f 1765/1649/2276 1771/1655/2272 2622/2816/2272 
f 1967/1857/1432 1970/1860/1434 2624/2821/2277 
f 2624/2821/2277 2622/2817/2273 1967/1857/1432 
f 2625/2822/2278 2623/2818/2274 2238/2136/1654 
f 2238/2136/1654 2246/2144/1660 2625/2822/2278 
f 1931/1819/1399 1929/1817/1397 2623/2819/2275 
f 2623/2819/2275 2625/2823/2279 1931/1819/1399 
f 2624/2820/2276 2626/2824/2280 1757/1641/2280 
f 1757/1641/2280 1765/1649/2276 2624/2820/2276 
f 1970/1860/1434 1986/1876/1450 2626/2825/2281 
f 2626/2825/2281 2624/2821/2277 1970/1860/1434 
f 2627/2826/2023 2625/2822/2278 2246/2144/1660 
f 2246/2144/1660 2254/2152/1302 2627/2826/2023 
f 1933/1821/1400 1931/1819/1399 2625/2823/2279 
f 2625/2823/2279 2627/2827/2282 1933/1821/1400 
f 2626/2824/2280 2628/2828/2283 1754/1638/2283 
f 1754/1638/2283 1757/1641/2280 2626/2824/2280 
f 1986/1876/1450 1998/1890/1460 2628/2829/2284 
f 2628/2829/2284 2626/2825/2281 1986/1876/1450 
f 2629/2830/2285 2627/2831/2023 2254/2158/1302 
f 2254/2158/1302 2058/1952/1520 2629/2830/2285 
f 1935/1823/1402 1933/1826/1400 2627/2832/2282 
f 2627/2832/2282 2629/2833/2286 1935/1823/1402 
f 2628/2834/2283 2630/2835/2287 1743/1627/2287 
f 1743/1627/2287 1754/2836/2283 2628/2834/2283 
f 1998/1901/1460 2010/1904/1472 2630/2837/2288 
f 2630/2837/2288 2628/2838/2284 1998/1901/1460 
f 2631/2839/2289 2629/2830/2285 2058/1952/1520 
f 2058/1952/1520 2046/1940/1508 2631/2839/2289 
f 1937/1827/1404 1935/1823/1402 2629/2833/2286 
f 2629/2833/2286 2631/2840/2290 1937/1827/1404 
f 2630/2835/2287 2632/2841/2291 1740/1624/2291 
f 1740/1624/2291 1743/1627/2287 2630/2835/2287 
f 2010/1904/1472 2024/1918/1486 2632/2842/2292 
f 2632/2842/2292 2630/2837/2288 2010/1904/1472 
f 2633/2843/2293 2631/2839/2289 2046/1940/1508 
f 2046/1940/1508 2032/1926/1494 2633/2843/2293 
f 1939/1829/1406 1937/1827/1404 2631/2840/2290 
f 2631/2840/2290 2633/2844/2294 1939/1829/1406 
f 2632/2841/2291 2634/2845/2295 1728/1612/2295 
f 1728/1612/2295 1740/1624/2291 2632/2841/2291 
f 2024/1918/1486 2038/1932/1500 2634/2846/2296 
f 2634/2846/2296 2632/2842/2292 2024/1918/1486 
f 2635/2847/2297 2633/2843/2293 2032/1926/1494 
f 2032/1926/1494 2018/1912/1480 2635/2847/2297 
f 1941/1831/1408 1939/1829/1406 2633/2844/2294 
f 2633/2844/2294 2635/2848/2298 1941/1831/1408 
f 2634/2845/2295 2636/2849/2299 1725/1609/2299 
f 1725/1609/2299 1728/1612/2295 2634/2845/2295 
f 2038/1932/1500 2050/1944/1512 2636/2850/2300 
f 2636/2850/2300 2634/2846/2296 2038/1932/1500 
f 2637/2851/2301 2635/2847/2297 2018/1912/1480 
f 2018/1912/1480 2006/1898/1468 2637/2851/2301 
f 1943/1833/1410 1941/1831/1408 2635/2848/2298 
f 2635/2848/2298 2637/2852/2302 1943/1833/1410 
f 2636/2849/2299 2638/2853/2303 1806/1692/2304 
f 1806/1692/2304 1725/1609/2299 2636/2849/2299 
f 2050/1944/1512 2064/1958/1524 2638/2854/2305 
f 2638/2854/2305 2636/2850/2300 2050/1944/1512 
f 2639/2855/2306 2637/2851/2301 2006/1898/1468 
f 2006/1898/1468 1994/1886/1457 2639/2855/2306 
f 1876/1764/1354 1943/1833/1410 2637/2852/2302 
f 2637/2852/2302 2639/2856/2307 1876/1764/1354 
f 2638/2853/2303 2640/2857/2308 1803/1689/2308 
f 1803/1689/2308 1806/1692/2304 2638/2853/2303 
f 2064/1958/1524 2071/1965/1530 2640/2858/2309 
f 2640/2858/2309 2638/2854/2305 2064/1958/1524 
f 2641/2859/2310 2639/2855/2306 1994/1886/1457 
f 1994/1886/1457 1982/1872/1446 2641/2859/2310 
f 1873/1761/1352 1876/1764/1354 2639/2856/2307 
f 2639/2856/2307 2641/2860/2311 1873/1761/1352 
f 2640/2857/2308 2642/2861/2312 2643/2862/2312 
f 2643/2862/2312 1803/1689/2308 2640/2857/2308 
f 2071/1965/1530 2074/1968/1532 2642/2863/2313 
f 2642/2863/2313 2640/2858/2309 2071/1965/1530 
f 2644/2864/2314 2641/2859/2310 1982/1872/1446 
f 1982/1872/1446 1981/1871/1445 2644/2864/2314 
f 1872/1760/1351 1873/1761/1352 2641/2860/2311 
f 2641/2860/2311 2644/2865/2315 1872/1760/1351 
f 2642/2861/2312 2645/2866/2316 1760/1644/2316 
f 1760/1644/2316 2643/2862/2312 2642/2861/2312 
f 2074/1968/1532 1945/1835/1412 2645/2867/2317 
f 2645/2867/2317 2642/2863/2313 2074/1968/1532 
f 2585/2742/2122 2644/2864/2314 1981/1871/1445 
f 1981/1871/1445 1960/1850/1425 2585/2742/2122 
f 1869/1757/1348 1872/1760/1351 2644/2865/2315 
f 2644/2865/2315 2585/2743/2201 1869/1757/1348 
f 2645/2866/2316 2586/2744/2202 1724/1608/2203 
f 1724/1608/2203 1760/1644/2316 2645/2866/2316 
f 1945/1835/1412 1948/1838/1414 2586/2745/2204 
f 2586/2745/2204 2645/2867/2317 1945/1835/1412 
f 2646/2868/2025 2560/2692/2154 1930/1818/1398 
f 1930/1818/1398 1932/1820/1122 2646/2868/2025 
f 2183/2079/1610 2181/2077/1608 2560/2693/2155 
f 2560/2693/2155 2646/2869/2318 2183/2079/1610 
f 2538/2647/2117 2647/2870/2319 1985/1875/1449 
f 1985/1875/1449 1969/1859/1182 2538/2647/2117 
f 2182/2078/1609 2184/2080/1611 2647/2871/2320 
f 2647/2871/2320 2538/2648/2118 2182/2078/1609 
f 2648/2872/2321 2646/2868/2025 1932/1820/1122 
f 1932/1820/1122 1934/1822/1401 2648/2872/2321 
f 2185/2081/1612 2183/2079/1610 2646/2869/2318 
f 2646/2869/2318 2648/2873/2322 2185/2081/1612 
f 2647/2870/2319 2649/2874/2323 1997/1889/1459 
f 1997/1889/1459 1985/1875/1449 2647/2870/2319 
f 2184/2080/1611 2186/2082/1613 2649/2875/2324 
f 2649/2875/2324 2647/2871/2320 2184/2080/1611 
f 2650/2876/2325 2648/2877/2321 1934/1825/1401 
f 1934/1825/1401 1936/1824/1403 2650/2876/2325 
f 2187/2083/1614 2185/2086/1612 2648/2878/2322 
f 2648/2878/2322 2650/2879/2021 2187/2083/1614 
f 2649/2880/2323 2651/2881/2074 2009/1903/1471 
f 2009/1903/1471 1997/1902/1459 2649/2880/2323 
f 2186/2085/1613 2188/2084/1615 2651/2882/2326 
f 2651/2882/2326 2649/2883/2324 2186/2085/1613 
f 2652/2884/2327 2650/2876/2325 1936/1824/1403 
f 1936/1824/1403 1938/1828/1405 2652/2884/2327 
f 2189/2087/1616 2187/2083/1614 2650/2879/2021 
f 2650/2879/2021 2652/2885/2328 2189/2087/1616 
f 2651/2881/2074 2653/2886/2329 2023/1917/1485 
f 2023/1917/1485 2009/1903/1471 2651/2881/2074 
f 2188/2084/1615 2190/2088/1617 2653/2887/2330 
f 2653/2887/2330 2651/2882/2326 2188/2084/1615 
f 2654/2888/1980 2652/2884/2327 1938/1828/1405 
f 1938/1828/1405 1940/1830/1407 2654/2888/1980 
f 2191/2089/1477 2189/2087/1616 2652/2885/2328 
f 2652/2885/2328 2654/2889/1983 2191/2089/1477 
f 2653/2886/2329 2655/2890/2331 2037/1931/1499 
f 2037/1931/1499 2023/1917/1485 2653/2886/2329 
f 2190/2088/1617 2192/2090/1618 2655/2891/2332 
f 2655/2891/2332 2653/2887/2330 2190/2088/1617 
f 2656/2892/2333 2654/2888/1980 1940/1830/1407 
f 1940/1830/1407 1942/1832/1409 2656/2892/2333 
f 2193/2091/1619 2191/2089/1477 2654/2889/1983 
f 2654/2889/1983 2656/2893/2334 2193/2091/1619 
f 2655/2890/2331 2657/2894/2335 2049/1943/1511 
f 2049/1943/1511 2037/1931/1499 2655/2890/2331 
f 2192/2090/1618 2194/2092/1620 2657/2895/2336 
f 2657/2895/2336 2655/2891/2332 2192/2090/1618 
f 2658/2896/2337 2656/2892/2333 1942/1832/1409 
f 1942/1832/1409 1944/1834/1411 2658/2896/2337 
f 2195/2093/1621 2193/2091/1619 2656/2893/2334 
f 2656/2893/2334 2658/2897/2338 2195/2093/1621 
f 2657/2894/2335 2659/2898/2339 2063/1957/1523 
f 2063/1957/1523 2049/1943/1511 2657/2894/2335 
f 2194/2092/1620 2196/2094/1622 2659/2899/2340 
f 2659/2899/2340 2657/2895/2336 2194/2092/1620 
f 2660/2900/2341 2658/2896/2337 1944/1834/1411 
f 1944/1834/1411 1875/1763/1353 2660/2900/2341 
f 2197/2095/1198 2195/2093/1621 2658/2897/2338 
f 2658/2897/2338 2660/2901/2342 2197/2095/1198 
f 2659/2898/2339 2661/2902/2343 2072/1966/1531 
f 2072/1966/1531 2063/1957/1523 2659/2898/2339 
f 2196/2094/1622 2198/2096/1518 2661/2903/2344 
f 2661/2903/2344 2659/2899/2340 2196/2094/1622 
f 2662/2904/2345 2660/2900/2341 1875/1763/1353 
f 1875/1763/1353 1874/1762/1140 2662/2904/2345 
f 2199/2097/1077 2197/2095/1198 2660/2901/2342 
f 2660/2901/2342 2662/2905/2346 2199/2097/1077 
f 2661/2902/2343 2663/2906/2000 2073/1967/1202 
f 2073/1967/1202 2072/1966/1531 2661/2902/2343 
f 2198/2096/1518 2200/2098/1623 2663/2907/2347 
f 2663/2907/2347 2661/2903/2344 2198/2096/1518 
f 2664/2908/2348 2662/2904/2345 1874/1762/1140 
f 1874/1762/1140 1871/1759/1350 2664/2908/2348 
f 2146/2042/1074 2199/2097/1077 2662/2905/2346 
f 2662/2905/2346 2664/2909/2005 2146/2042/1074 
f 2663/2906/2000 2665/2910/2349 1946/1836/1290 
f 1946/1836/1290 2073/1967/1202 2663/2906/2000 
f 2200/2098/1623 2145/2041/1578 2665/2911/2002 
f 2665/2911/2002 2663/2907/2347 2200/2098/1623 
f 2540/2651/2121 2664/2908/2348 1871/1759/1350 
f 1871/1759/1350 1870/1758/1349 2540/2651/2121 
f 1880/1768/1288 2146/2042/1074 2664/2909/2005 
f 2664/2909/2005 2540/2652/2122 1880/1768/1288 
f 2665/2910/2349 2579/2730/2191 1947/1837/1413 
f 1947/1837/1413 1946/1836/1290 2665/2910/2349 
f 2145/2041/1578 1879/1767/1357 2579/2733/2193 
f 2579/2733/2193 2665/2911/2002 2145/2041/1578 
f 1948/1838/1414 1947/1837/1413 1812/1698/1143 
f 1812/1698/1143 1811/1697/1292 1948/1838/1414 
f 1786/1670/34 1785/1669/1267 1802/1688/1283 
f 1802/1688/1283 1801/1687/1282 1786/1670/34 
f 2666/2912/2350 2667/2913/1357 2261/2914/1670 
f 2261/2914/1670 2293/2915/1702 2666/2912/2350 
f 2668/2916/2351 2669/2917/2352 1795/1679/1276 
f 1795/1679/1276 1794/1678/1275 2668/2916/2351 
f 2670/2918/2353 2671/2919/2354 2669/2920/2355 
f 2669/2920/2355 2668/2921/2356 2670/2918/2353 
f 2669/2917/2352 2672/2922/2357 2673/2923/1518 
f 2673/2923/1518 1795/1679/1276 2669/2917/2352 
f 2671/2919/2354 2674/2924/2358 2672/2925/2359 
f 2672/2925/2359 2669/2920/2355 2671/2919/2354 
f 2672/2922/2357 2675/2926/2360 2676/2927/2361 
f 2676/2927/2361 2673/2923/1518 2672/2922/2357 
f 2674/2924/2358 2677/2928/2362 2675/2929/2339 
f 2675/2929/2339 2672/2925/2359 2674/2924/2358 
f 2675/2926/2360 2678/2930/2363 2679/2931/2364 
f 2679/2931/2364 2676/2927/2361 2675/2926/2360 
f 2677/2928/2362 2680/2932/2365 2678/2933/2366 
f 2678/2933/2366 2675/2929/2339 2677/2928/2362 
f 2678/2930/2363 2681/2934/1987 2682/2935/1478 
f 2682/2935/1478 2679/2931/2364 2678/2930/2363 
f 2680/2932/2365 2683/2936/1499 2681/2937/2367 
f 2681/2937/2367 2678/2933/2366 2680/2932/2365 
f 2681/2934/1987 2684/2938/2368 2685/2939/2369 
f 2685/2939/2369 2682/2935/1478 2681/2934/1987 
f 2683/2936/1499 2686/2940/1485 2684/2941/2329 
f 2684/2941/2329 2681/2937/2367 2683/2936/1499 
f 2684/2938/2368 2687/2942/2370 2688/2943/2371 
f 2688/2943/2371 2685/2939/2369 2684/2938/2368 
f 2686/2940/1485 2689/2944/2372 2687/2945/2074 
f 2687/2945/2074 2684/2941/2329 2686/2940/1485 
f 2687/2942/2370 2690/2946/2373 2691/2947/2374 
f 2691/2947/2374 2688/2943/2371 2687/2942/2370 
f 2689/2944/2372 2692/2948/1459 2690/2949/2076 
f 2690/2949/2076 2687/2945/2074 2689/2944/2372 
f 2690/2950/2373 2693/2951/2375 2694/2952/1419 
f 2694/2952/1419 2691/2953/2374 2690/2950/2373 
f 2692/2948/1459 2695/2954/1184 2693/2955/2078 
f 2693/2955/2078 2690/2949/2076 2692/2948/1459 
f 2693/2951/2375 2696/2956/2376 2697/2957/2377 
f 2697/2957/2377 2694/2952/1419 2693/2951/2375 
f 2695/2954/1184 2698/2958/2378 2696/2959/2379 
f 2696/2959/2379 2693/2955/2078 2695/2954/1184 
f 2696/2956/2376 2699/2960/2380 2700/2961/2381 
f 2700/2961/2381 2697/2957/2377 2696/2956/2376 
f 2698/2958/2378 2701/2962/1433 2699/2963/2382 
f 2699/2963/2382 2696/2959/2379 2698/2958/2378 
f 2699/2960/2380 2702/2964/2383 2703/2965/2384 
f 2703/2965/2384 2700/2961/2381 2699/2960/2380 
f 2701/2962/1433 2704/2966/2385 2702/2967/2386 
f 2702/2967/2386 2699/2963/2382 2701/2962/1433 
f 2702/2964/2383 2705/2968/2387 2706/2969/2388 
f 2706/2969/2388 2703/2965/2384 2702/2964/2383 
f 2704/2966/2385 2707/2970/2389 2705/2971/2390 
f 2705/2971/2390 2702/2967/2386 2704/2966/2385 
f 2705/2968/2387 2708/2972/2391 2709/2973/1601 
f 2709/2973/1601 2706/2969/2388 2705/2968/2387 
f 2707/2970/2389 2710/2974/1549 2708/2975/2161 
f 2708/2975/2161 2705/2971/2390 2707/2970/2389 
f 2708/2972/2391 2711/2976/2392 2712/2977/2393 
f 2712/2977/2393 2709/2973/1601 2708/2972/2391 
f 2710/2974/1549 2713/2978/2394 2711/2979/2395 
f 2711/2979/2395 2708/2975/2161 2710/2974/1549 
f 2711/2976/2392 2714/2980/2396 2715/2981/1645 
f 2715/2981/1645 2712/2977/2393 2711/2976/2392 
f 2713/2978/2394 2716/2982/2397 2714/2983/2398 
f 2714/2983/2398 2711/2979/2395 2713/2978/2394 
f 2714/2980/2396 2717/2984/1939 2718/2985/1598 
f 2718/2985/1598 2715/2981/1645 2714/2980/2396 
f 2716/2982/2397 2719/2986/1168 2717/2987/2089 
f 2717/2987/2089 2714/2983/2398 2716/2982/2397 
f 2717/2984/1939 2720/2988/2399 2721/2989/2400 
f 2721/2989/2400 2718/2985/1598 2717/2984/1939 
f 2719/2986/1168 2722/2990/2401 2720/2991/2402 
f 2720/2991/2402 2717/2987/2089 2719/2986/1168 
f 2720/2988/2399 2723/2992/2403 1745/1629/1228 
f 1745/1629/1228 2721/2989/2400 2720/2988/2399 
f 2722/2990/2401 2724/2993/2404 2723/2994/2405 
f 2723/2994/2405 2720/2991/2402 2722/2990/2401 
f 2723/2992/2403 2725/2995/2406 1746/1630/1229 
f 1746/1630/1229 1745/1629/1228 2723/2992/2403 
f 2724/2993/2404 2726/2996/2407 2725/2997/2408 
f 2725/2997/2408 2723/2994/2405 2724/2993/2404 
f 2725/2995/2406 2727/2998/2409 2728/2999/2410 
f 2728/2999/2410 1746/1630/1229 2725/2995/2406 
f 2726/2996/2407 2729/3000/2411 2727/3001/2412 
f 2727/3001/2412 2725/2997/2408 2726/2996/2407 
f 2727/2998/2409 2730/3002/2413 2731/3003/2414 
f 2731/3003/2414 2728/2999/2410 2727/2998/2409 
f 2729/3000/2411 2732/3004/2415 2730/3005/2416 
f 2730/3005/2416 2727/3001/2412 2729/3000/2411 
f 2730/3002/2413 2733/3006/2417 2734/3007/2418 
f 2734/3007/2418 2731/3003/2414 2730/3002/2413 
f 2732/3004/2415 2735/3008/2419 2733/3009/2101 
f 2733/3009/2101 2730/3005/2416 2732/3004/2415 
f 2733/3006/2417 2736/3010/2420 2737/3011/2421 
f 2737/3011/2421 2734/3007/2418 2733/3006/2417 
f 2735/3008/2419 2738/3012/1473 2736/3013/2422 
f 2736/3013/2422 2733/3009/2101 2735/3008/2419 
f 2736/3010/2420 2739/3014/2423 2740/3015/2424 
f 2740/3015/2424 2737/3011/2421 2736/3010/2420 
f 2738/3012/1473 2741/3016/2425 2739/3017/2426 
f 2739/3017/2426 2736/3013/2422 2738/3012/1473 
f 2739/3014/2423 2742/3018/2427 2743/3019/2428 
f 2743/3019/2428 2740/3015/2424 2739/3014/2423 
f 2741/3016/2425 2744/3020/2429 2742/3021/2430 
f 2742/3021/2430 2739/3017/2426 2741/3016/2425 
f 2742/3018/2427 2745/3022/2431 2746/3023/2432 
f 2746/3023/2432 2743/3019/2428 2742/3018/2427 
f 2744/3020/2429 2747/3024/2433 2745/3025/2434 
f 2745/3025/2434 2742/3021/2430 2744/3020/2429 
f 2745/3022/2431 2748/3026/2435 2749/3027/2436 
f 2749/3027/2436 2746/3023/2432 2745/3022/2431 
f 2747/3024/2433 2750/3028/2437 2748/3029/2438 
f 2748/3029/2438 2745/3025/2434 2747/3024/2433 
f 2748/3026/2435 2751/3030/2439 2752/3031/2440 
f 2752/3031/2440 2749/3027/2436 2748/3026/2435 
f 2750/3028/2437 2753/3032/1144 2751/3033/2441 
f 2751/3033/2441 2748/3029/2438 2750/3028/2437 
f 2751/3030/2439 2754/3034/2442 2666/2912/2350 
f 2666/2912/2350 2752/3031/2440 2751/3030/2439 
f 2753/3032/1144 2755/3035/1143 2754/3036/2443 
f 2754/3036/2443 2751/3033/2441 2753/3032/1144 
f 2754/3034/2442 2756/3037/2193 2667/2913/1357 
f 2667/2913/1357 2666/2912/2350 2754/3034/2442 
f 2755/3035/1143 2757/3038/1197 2756/3039/1912 
f 2756/3039/1912 2754/3036/2443 2755/3035/1143 
f 2756/3037/2193 2668/2916/2351 1794/1678/1275 
f 1794/1678/1275 2667/2913/1357 2756/3037/2193 
f 2757/3038/1197 2670/2918/2353 2668/2921/2356 
f 2668/2921/2356 2756/3039/1912 2757/3038/1197 
f 1729/1613/1212 2758/3040/2444 2759/3041/2445 
f 1729/1613/1212 2760/3042/2446 1768/1652/1250 
f 1729/1613/1212 2761/3043/2447 2021/1915/1483 
f 1729/1613/1212 2762/3044/2448 1789/1673/1270 
f 1729/1613/1212 2763/3045/2449 1799/1685/1280 
f 1729/1613/1212 2764/3046/2450 1778/1662/1260 
f 1729/1613/1212 2765/3047/2451 2035/1929/1497 
f 1729/1613/1212 2766/3048/2452 2765/3047/2451 
f 1729/1613/1212 2767/3049/2453 1752/1636/1235 
f 1729/1613/1212 2768/3050/2454 1965/1855/1430 
f 1729/1613/1212 2759/3041/2445 1730/1614/1213 
f 1729/1613/1212 1769/1653/1251 2769/3051/2455 
f 1729/1613/1212 1790/1674/1271 2761/3043/2447 
f 1729/1613/1212 1800/1686/1281 2762/3044/2448 
f 1729/1613/1212 1739/1623/1222 2763/3045/2449 
f 1729/1613/1212 2036/1930/1498 2764/3046/2450 
f 1729/1613/1212 2770/3052/2456 2766/3048/2452 
f 1729/1613/1212 1753/1637/1236 2770/3052/2456 
f 1729/1613/1212 1966/1856/1431 2767/3049/2453 
f 1729/1613/1212 2022/1916/1484 2760/3042/2446 
f 1729/1613/1212 1731/1615/1214 2768/3050/2454 
f 2316/2220/1725 1731/3053/2457 1730/3054/2458 
f 1730/3054/2458 2376/2314/1816 2316/2220/1725 
f 1729/1613/1212 2769/3051/2455 2758/3040/2444 
f 2769/3055/2459 2370/2305/1807 2372/2308/1810 
f 2372/2308/1810 2758/3056/2460 2769/3055/2459 
f 2760/3057/2461 2364/2296/1798 2366/2299/1801 
f 2366/2299/1801 1768/3058/2462 2760/3057/2461 
f 2761/3059/2463 2358/2287/1789 2360/2290/1792 
f 2360/2290/1792 2021/3060/2464 2761/3059/2463 
f 2762/3061/2465 2352/2278/1780 2354/2281/1783 
f 2354/2281/1783 1789/3062/2466 2762/3061/2465 
f 2763/3063/2467 2346/2269/1771 2348/2272/1774 
f 2348/2272/1774 1799/3064/2468 2763/3063/2467 
f 1778/3065/2469 2340/2260/1762 2342/2263/1765 
f 2342/2263/1765 1738/3066/2470 1778/3065/2469 
f 2035/3067/2471 2334/2251/1753 2336/2254/1756 
f 2336/2254/1756 2036/3068/2472 2035/3067/2471 
f 2770/3069/2473 2328/2239/1744 2330/2242/1747 
f 2330/2242/1747 2766/3070/2474 2770/3069/2473 
f 2767/3071/2475 2322/2230/1735 2324/2233/1738 
f 2324/2233/1738 1752/3072/2476 2767/3071/2475 
f 2768/3073/2477 2315/2219/1724 2318/2224/1729 
f 2318/2224/1729 1965/3074/2478 2768/3073/2477 
f 2759/3075/2479 2374/2311/1813 2376/2314/1816 
f 2376/2314/1816 1730/3054/2458 2759/3075/2479 
f 1769/3076/2480 2368/2302/1804 2370/2305/1807 
f 2370/2305/1807 2769/3055/2459 1769/3076/2480 
f 2022/3077/2481 2362/2293/1795 2364/2296/1798 
f 2364/2296/1798 2760/3057/2461 2022/3077/2481 
f 1790/3078/2482 2356/2284/1786 2358/2287/1789 
f 2358/2287/1789 2761/3059/2463 1790/3078/2482 
f 1800/3079/2483 2350/2275/1777 2352/2278/1780 
f 2352/2278/1780 2762/3061/2465 1800/3079/2483 
f 1739/3080/2484 2344/2266/1768 2346/2269/1771 
f 2346/2269/1771 2763/3063/2467 1739/3080/2484 
f 2764/3081/2485 2338/2257/1759 2340/2260/1762 
f 2340/2260/1762 1778/3065/2469 2764/3081/2485 
f 2765/3082/2486 2332/2246/1750 2334/2251/1753 
f 2334/2251/1753 2035/3067/2471 2765/3082/2486 
f 1753/3083/2487 2326/2236/1741 2328/2239/1744 
f 2328/2239/1744 2770/3069/2473 1753/3083/2487 
f 1966/3084/2488 2320/2227/1732 2322/2230/1735 
f 2322/2230/1735 2767/3071/2475 1966/3084/2488 
f 1731/3053/2457 2316/2220/1725 2315/2219/1724 
f 2315/2219/1724 2768/3073/2477 1731/3053/2457 
f 2758/3056/2460 2372/2308/1810 2374/2311/1813 
f 2374/2311/1813 2759/3075/2479 2758/3056/2460 
f 1768/3058/2462 2366/2299/1801 2368/2302/1804 
f 2368/2302/1804 1769/3076/2480 1768/3058/2462 
f 2021/3060/2464 2360/2290/1792 2362/2293/1795 
f 2362/2293/1795 2022/3077/2481 2021/3060/2464 
f 1789/3062/2466 2354/2281/1783 2356/2284/1786 
f 2356/2284/1786 1790/3078/2482 1789/3062/2466 
f 1799/3064/2468 2348/2272/1774 2350/2275/1777 
f 2350/2275/1777 1800/3079/2483 1799/3064/2468 
f 1738/3066/2470 2342/2263/1765 2344/2266/1768 
f 2344/2266/1768 1739/3080/2484 1738/3066/2470 
f 2036/3068/2472 2336/2254/1756 2338/2257/1759 
f 2338/2257/1759 2764/3081/2485 2036/3068/2472 
f 2766/3085/2474 2330/2247/1747 2332/2246/1750 
f 2332/2246/1750 2765/3082/2486 2766/3085/2474 
f 1752/3072/2476 2324/2233/1738 2326/2236/1741 
f 2326/2236/1741 1753/3083/2487 1752/3072/2476 
f 1965/3074/2478 2318/2224/1729 2320/2227/1732 
f 2320/2227/1732 1966/3084/2488 1965/3074/2478 
f 2771/3086/2489 2671/2919/2354 2670/2918/2353 
f 2771/3086/2489 2674/2924/2358 2671/2919/2354 
f 2771/3086/2489 2677/2928/2362 2674/2924/2358 
f 2771/3086/2489 2680/2932/2365 2677/2928/2362 
f 2771/3086/2489 2683/2936/1499 2680/2932/2365 
f 2771/3086/2489 2686/2940/1485 2683/2936/1499 
f 2771/3086/2489 2689/2944/2372 2686/2940/1485 
f 2771/3086/2489 2692/2948/1459 2689/2944/2372 
f 2771/3086/2489 2695/2954/1184 2692/2948/1459 
f 2771/3086/2489 2698/2958/2378 2695/2954/1184 
f 2771/3086/2489 2701/2962/1433 2698/2958/2378 
f 2771/3086/2489 2704/2966/2385 2701/2962/1433 
f 2771/3086/2489 2707/2970/2389 2704/2966/2385 
f 2771/3086/2489 2710/2974/1549 2707/2970/2389 
f 2771/3086/2489 2713/2978/2394 2710/2974/1549 
f 2771/3086/2489 2716/2982/2397 2713/2978/2394 
f 2771/3086/2489 2719/2986/1168 2716/2982/2397 
f 2771/3086/2489 2722/2990/2401 2719/2986/1168 
f 2771/3086/2489 2724/2993/2404 2722/2990/2401 
f 2771/3086/2489 2726/2996/2407 2724/2993/2404 
f 2771/3086/2489 2729/3000/2411 2726/2996/2407 
f 2771/3086/2489 2732/3004/2415 2729/3000/2411 
f 2771/3086/2489 2735/3008/2419 2732/3004/2415 
f 2771/3086/2489 2738/3012/1473 2735/3008/2419 
f 2771/3086/2489 2741/3016/2425 2738/3012/1473 
f 2771/3086/2489 2744/3020/2429 2741/3016/2425 
f 2771/3086/2489 2747/3024/2433 2744/3020/2429 
f 2771/3086/2489 2750/3028/2437 2747/3024/2433 
f 2771/3086/2489 2753/3032/1144 2750/3028/2437 
f 2771/3086/2489 2755/3035/1143 2753/3032/1144 
f 2771/3086/2489 2757/3038/1197 2755/3035/1143 
f 2771/3086/2489 2670/2918/2353 2757/3038/1197 
f 1796/1680/1277 1795/1679/1276 2673/2923/1518 
f 2673/2923/1518 2269/3087/1678 1796/1680/1277 
f 2266/3088/1675 2676/2927/2361 2679/2931/2364 
f 2679/2931/2364 2296/3089/1705 2266/3088/1675 
f 1743/1627/1226 1742/1626/1225 1755/3090/1238 
f 1755/3090/1238 1754/2836/1237 1743/1627/1226 
f 2261/2914/1670 2667/2913/1357 1794/1678/1275 
f 1794/1678/1275 1793/1677/1274 2261/2914/1670 
f 1747/1631/1230 1746/1630/1229 2728/2999/2410 
f 2728/2999/2410 2278/3091/1687 1747/1631/1230 
f 2262/3092/1671 2688/2943/2371 2691/2947/2374 
f 2691/2947/2374 2297/3093/1706 2262/3092/1671 
f 2296/3089/1705 2679/2931/2364 2682/2935/1478 
f 2682/2935/1478 2280/3094/1689 2296/3089/1705 
f 2278/3091/1687 2728/2999/2410 2731/3003/2414 
f 2731/3003/2414 2274/3095/1683 2278/3091/1687 
f 2297/3096/1706 2691/2953/2374 2694/2952/1419 
f 2694/2952/1419 2299/3097/1708 2297/3096/1706 
f 2274/3095/1683 2731/3003/2414 2734/3007/2418 
f 2734/3007/2418 2271/3098/1680 2274/3095/1683 
f 2299/3097/1708 2694/2952/1419 2697/2957/2377 
f 2697/2957/2377 2301/3099/1710 2299/3097/1708 
f 2265/3100/1674 2685/2939/2369 2688/2943/2371 
f 2688/2943/2371 2262/3092/1671 2265/3100/1674 
f 2271/3098/1680 2734/3007/2418 2737/3011/2421 
f 2737/3011/2421 2281/3101/1690 2271/3098/1680 
f 2301/3099/1710 2697/2957/2377 2700/2961/2381 
f 2700/2961/2381 2303/3102/1712 2301/3099/1710 
f 2281/3101/1690 2737/3011/2421 2740/3015/2424 
f 2740/3015/2424 2283/3103/1692 2281/3101/1690 
f 2303/3102/1712 2700/2961/2381 2703/2965/2384 
f 2703/2965/2384 2305/3104/1714 2303/3102/1712 
f 2283/3103/1692 2740/3015/2424 2743/3019/2428 
f 2743/3019/2428 2285/3105/1694 2283/3103/1692 
f 2305/3104/1714 2703/2965/2384 2706/2969/2388 
f 2706/2969/2388 2307/3106/1716 2305/3104/1714 
f 2285/3105/1694 2743/3019/2428 2746/3023/2432 
f 2746/3023/2432 2287/3107/1696 2285/3105/1694 
f 2307/3106/1716 2706/2969/2388 2709/2973/1601 
f 2709/2973/1601 2309/3108/1718 2307/3106/1716 
f 2287/3107/1696 2746/3023/2432 2749/3027/2436 
f 2749/3027/2436 2289/3109/1698 2287/3107/1696 
f 2309/3108/1718 2709/2973/1601 2712/2977/2393 
f 2712/2977/2393 2311/3110/1720 2309/3108/1718 
f 2289/3109/1698 2749/3027/2436 2752/3031/2440 
f 2752/3031/2440 2291/3111/1700 2289/3109/1698 
f 2311/3110/1720 2712/2977/2393 2715/2981/1645 
f 2715/2981/1645 2232/3112/1649 2311/3110/1720 
f 2291/3111/1700 2752/3031/2440 2666/2912/2350 
f 2666/2912/2350 2293/2915/1702 2291/3111/1700 
f 2232/3112/1649 2715/2981/1645 2718/2985/1598 
f 2718/2985/1598 2229/3113/1646 2232/3112/1649 
f 2229/3113/1646 2718/2985/1598 2721/2989/2400 
f 2721/2989/2400 2276/3114/1685 2229/3113/1646 
f 2276/3114/1685 2721/2989/2400 1745/1629/1228 
f 1745/1629/1228 1744/1628/1227 2276/3114/1685 
f 2280/3094/1689 2682/2935/1478 2685/2939/2369 
f 2685/2939/2369 2265/3100/1674 2280/3094/1689 
f 2269/3087/1678 2673/2923/1518 2676/2927/2361 
f 2676/2927/2361 2266/3088/1675 2269/3087/1678 
f 1751/1635/1234 1750/1634/1233 1763/1647/1245 
f 1763/1647/1245 1762/1646/1244 1751/1635/1234 
f 1792/1676/1273 1791/1675/1272 1784/1668/1266 
f 1784/1668/1266 1783/1667/1265 1792/1676/1273 
f 1806/1692/1287 1805/1691/1286 1726/1610/1209 
f 1726/1610/1209 1725/1609/1208 1806/1692/1287 
f 2643/2862/2490 2772/3115/2491 1804/1690/1285 
f 1804/1690/1285 1803/1689/1284 2643/2862/2490 
f 2773/3116/2492 2774/3117/2493 2772/3115/2491 
f 2772/3115/2491 1761/1645/1243 2773/3116/2492 
f 2259/2160/1668 2270/2171/1679 2774/3118/2493 
f 2774/3118/2493 2773/3119/2492 2259/2160/1668 
f 2775/3120/2494 2776/3121/2495 1722/1606/1205 
f 1722/1606/1205 1733/1617/1216 2775/3120/2494 
f 2292/2194/1701 2294/2196/1703 2776/3122/2495 
f 2776/3122/2495 2775/3123/2494 2292/2194/1701 
f 2777/3124/2496 2775/3120/2494 1733/1617/1216 
f 1733/1617/1216 1787/1671/1268 2777/3124/2496 
f 2290/2192/1699 2292/2194/1701 2775/3123/2494 
f 2775/3123/2494 2777/3125/2496 2290/2192/1699 
f 2778/3126/2497 2777/3124/2496 1787/1671/1268 
f 1787/1671/1268 1781/1665/1263 2778/3126/2497 
f 2288/2190/1697 2290/2192/1699 2777/3125/2496 
f 2777/3125/2496 2778/3127/2497 2288/2190/1697 
f 2779/3128/2498 2778/3126/2497 1781/1665/1263 
f 1781/1665/1263 1776/1660/1258 2779/3128/2498 
f 2286/2188/1695 2288/2190/1697 2778/3127/2497 
f 2778/3127/2497 2779/3129/2498 2286/2188/1695 
f 2780/3130/2499 2779/3128/2498 1776/1660/1258 
f 1776/1660/1258 1772/1656/1254 2780/3130/2499 
f 2284/2186/1693 2286/2188/1695 2779/3129/2498 
f 2779/3129/2498 2780/3131/2499 2284/2186/1693 
f 2781/3132/2500 2780/3130/2499 1772/1656/1254 
f 1772/1656/1254 1766/1650/1248 2781/3132/2500 
f 2282/2184/1691 2284/2186/1693 2780/3131/2499 
f 2780/3131/2499 2781/3133/2500 2282/2184/1691 
f 2782/3134/2501 2781/3132/2500 1766/1650/1248 
f 1766/1650/1248 1736/1620/1219 2782/3134/2501 
f 2272/2174/1681 2282/2184/1691 2781/3133/2500 
f 2781/3133/2500 2782/3135/2501 2272/2174/1681 
f 2783/3136/2502 2782/3134/2501 1736/1620/1219 
f 1736/1620/1219 1735/1619/1218 2783/3136/2502 
f 2273/2175/1682 2272/2174/1681 2782/3135/2501 
f 2782/3135/2501 2783/3137/2502 2273/2175/1682 
f 2784/3138/2503 2783/3136/2502 1735/1619/1218 
f 1735/1619/1218 1759/1643/1242 2784/3138/2503 
f 2277/2179/1686 2273/2175/1682 2783/3137/2502 
f 2783/3137/2502 2784/3139/2503 2277/2179/1686 
f 2785/3140/2504 2784/3138/2503 1759/1643/1242 
f 1759/1643/1242 1763/1647/1245 2785/3140/2504 
f 1797/1682/1278 2277/2179/1686 2784/3139/2503 
f 2784/3139/2503 2785/3141/2504 1797/1682/1278 
f 2786/3142/2505 2785/3140/2504 1763/1647/1245 
f 1763/1647/1245 1750/1634/1233 2786/3142/2505 
f 1798/1683/1279 1797/1682/1278 2785/3141/2504 
f 2785/3141/2504 2786/3143/2505 1798/1683/1279 
f 2787/3144/2506 2786/3142/2505 1750/1634/1233 
f 1750/1634/1233 1749/1633/1232 2787/3144/2506 
f 2275/2177/1684 1798/1683/1279 2786/3143/2505 
f 2786/3143/2505 2787/3145/2506 2275/2177/1684 
f 2788/3146/2507 2787/3144/2506 1749/1633/1232 
f 1749/1633/1232 1802/1688/1283 2788/3146/2507 
f 2230/2128/1647 2275/2177/1684 2787/3145/2506 
f 2787/3145/2506 2788/3147/2507 2230/2128/1647 
f 2789/3148/2508 2788/3146/2507 1802/1688/1283 
f 1802/1688/1283 1785/1669/1267 2789/3148/2508 
f 2231/2129/1648 2230/2128/1647 2788/3147/2507 
f 2788/3147/2507 2789/3149/2508 2231/2129/1648 
f 2790/3150/2509 2789/3148/2508 1785/1669/1267 
f 1785/1669/1267 1784/1668/1266 2790/3150/2509 
f 2312/2216/1721 2231/2129/1648 2789/3149/2508 
f 2789/3149/2508 2790/3151/2509 2312/2216/1721 
f 2791/3152/2510 2790/3150/2509 1784/1668/1266 
f 1784/1668/1266 1791/1675/1272 2791/3152/2510 
f 2310/2214/1719 2312/2216/1721 2790/3151/2509 
f 2790/3151/2509 2791/3153/2510 2310/2214/1719 
f 2792/3154/2511 2791/3152/2510 1791/1675/1272 
f 1791/1675/1272 1779/1663/1261 2792/3154/2511 
f 2308/2212/1717 2310/2214/1719 2791/3153/2510 
f 2791/3153/2510 2792/3155/2511 2308/2212/1717 
f 2793/3156/2512 2792/3154/2511 1779/1663/1261 
f 1779/1663/1261 1774/1658/1256 2793/3156/2512 
f 2306/2210/1715 2308/2212/1717 2792/3155/2511 
f 2792/3155/2511 2793/3157/2512 2306/2210/1715 
f 2794/3158/2513 2793/3156/2512 1774/1658/1256 
f 1774/1658/1256 1770/1654/1252 2794/3158/2513 
f 2304/2208/1713 2306/2210/1715 2793/3157/2512 
f 2793/3157/2512 2794/3159/2513 2304/2208/1713 
f 2795/3160/2514 2794/3158/2513 1770/1654/1252 
f 1770/1654/1252 1764/1648/1246 2795/3160/2514 
f 2302/2206/1711 2304/2208/1713 2794/3159/2513 
f 2794/3159/2513 2795/3161/2514 2302/2206/1711 
f 2796/3162/2515 2795/3160/2514 1764/1648/1246 
f 1764/1648/1246 1756/1640/1239 2796/3162/2515 
f 2300/2202/1709 2302/2206/1711 2795/3161/2514 
f 2795/3161/2514 2796/3163/2515 2300/2202/1709 
f 2797/3164/2516 2796/3162/2515 1756/1640/1239 
f 1756/1640/1239 1755/1639/1238 2797/3164/2516 
f 2298/2203/1707 2300/2202/1709 2796/3163/2515 
f 2796/3163/2515 2797/3165/2516 2298/2203/1707 
f 2798/3166/2517 2797/3167/2516 1755/3090/1238 
f 1755/3090/1238 1742/1626/1225 2798/3166/2517 
f 2263/2164/1672 2298/2200/1707 2797/3168/2516 
f 2797/3168/2516 2798/3169/2517 2263/2164/1672 
f 2799/3170/2518 2798/3166/2517 1742/1626/1225 
f 1742/1626/1225 1741/1625/1224 2799/3170/2518 
f 2264/2165/1673 2263/2164/1672 2798/3169/2517 
f 2798/3169/2517 2799/3171/2518 2264/2165/1673 
f 2800/3172/2519 2799/3170/2518 1741/1625/1224 
f 1741/1625/1224 1727/1611/1210 2800/3172/2519 
f 2279/2181/1688 2264/2165/1673 2799/3171/2518 
f 2799/3171/2518 2800/3173/2519 2279/2181/1688 
f 2801/3174/2520 2800/3172/2519 1727/1611/1210 
f 1727/1611/1210 1726/1610/1209 2801/3174/2520 
f 2295/2197/1704 2279/2181/1688 2800/3173/2519 
f 2800/3173/2519 2801/3175/2520 2295/2197/1704 
f 2802/3176/2521 2801/3174/2520 1726/1610/1209 
f 1726/1610/1209 1805/1691/1286 2802/3176/2521 
f 2267/2168/1676 2295/2197/1704 2801/3175/2520 
f 2801/3175/2520 2802/3177/2521 2267/2168/1676 
f 2803/3178/2522 2802/3176/2521 1805/1691/1286 
f 1805/1691/1286 1804/1690/1285 2803/3178/2522 
f 2268/2169/1677 2267/2168/1676 2802/3177/2521 
f 2802/3177/2521 2803/3179/2522 2268/2169/1677 
f 2774/3117/2493 2803/3178/2522 1804/1690/1285 
f 1804/1690/1285 2772/3115/2491 2774/3117/2493 
f 2270/2171/1679 2268/2169/1677 2803/3179/2522 
f 2803/3179/2522 2774/3118/2493 2270/2171/1679 
f 2804/3180/2523 2773/3116/2492 1761/1645/1243 
f 1761/1645/1243 1723/1607/1206 2804/3180/2523 
f 2260/2161/1669 2259/2160/1668 2773/3119/2492 
f 2773/3119/2492 2804/3181/2523 2260/2161/1669 
f 2776/3121/2495 2804/3180/2523 1723/1607/1206 
f 1723/1607/1206 1722/1606/1205 2776/3121/2495 
f 2294/2196/1703 2260/2161/1669 2804/3181/2523 
f 2804/3181/2523 2776/3122/2495 2294/2196/1703 
f 1760/1644/3 1761/1645/1243 2772/3115/2491 
f 2772/3115/2491 2643/2862/2490 1760/1644/3 
f 2805/3182/2524 2806/3183/2525 2807/3184/2526 
f 2807/3184/2526 2808/3185/2527 2805/3182/2524 
f 2809/3186/2528 2810/3187/2529 2811/3188/2530 
f 2811/3188/2530 2812/3189/2531 2809/3186/2528 
f 2813/3190/2532 2814/3191/2533 2815/3192/2534 
f 2815/3192/2534 2816/3193/2535 2813/3190/2532 
f 2817/3194/2536 2818/3195/2537 2819/3196/1237 
f 2819/3196/1237 2820/3197/2538 2817/3194/2536 
f 2821/3198/1249 2822/3199/1249 2823/3200/1249 
f 2823/3200/1249 2815/3192/2534 2821/3198/1249 
f 2824/3201/2539 2825/3202/2540 2826/3203/1237 
f 2826/3203/1237 2827/3204/1237 2824/3201/2539 
f 2828/3205/2541 2829/3206/2542 2830/3207/2543 
f 2830/3207/2543 2831/3208/2544 2828/3205/2541 
f 2807/3184/2526 2832/3209/2545 2833/3210/2546 
f 2833/3210/2546 2808/3185/2527 2807/3184/2526 
f 2834/3211/2526 2835/3212/2547 2836/3213/2548 
f 2836/3213/2548 2837/3214/2545 2834/3211/2526 
f 2838/3215/2549 2839/3216/2550 2840/3217/2551 
f 2840/3217/2551 2841/3218/2552 2838/3215/2549 
f 2842/3219/2553 2843/3220/2554 2844/3221/2555 
f 2844/3221/2555 2845/3222/2556 2842/3219/2553 
f 2846/3223/1249 2823/3200/1249 2822/3199/1249 
f 2822/3199/1249 2847/3224/1249 2846/3223/1249 
f 2848/3225/2557 2849/3226/2558 2850/3227/2559 
f 2850/3227/2559 2851/3228/2560 2848/3225/2557 
f 2852/3229/2561 2853/3230/2562 2854/3231/2563 
f 2854/3231/2563 2855/3232/2564 2852/3229/2561 
f 2856/3233/2565 2857/3234/2566 2858/3235/2567 
f 2858/3235/2567 2859/3236/2568 2856/3233/2565 
f 2860/3237/2569 2861/3238/2570 2862/3239/2571 
f 2862/3239/2571 2863/3240/2572 2860/3237/2569 
f 2816/3193/2535 2815/3192/2534 2823/3200/1249 
f 2823/3200/1249 2846/3223/1249 2816/3193/2535 
f 2864/3241/2573 2865/3242/2531 2866/3243/2539 
f 2866/3243/2539 2867/3244/2574 2864/3241/2573 
f 2868/3245/1237 2827/3204/1237 2826/3203/1237 
f 2826/3203/1237 2869/3246/1237 2868/3245/1237 
f 2870/3247/2575 2871/3248/2576 2872/3249/2577 
f 2872/3249/2577 2873/3250/2578 2870/3247/2575 
f 2874/3251/2579 2875/3252/2580 2876/3253/2581 
f 2876/3253/2581 2877/3254/2582 2874/3251/2579 
f 2878/3255/2583 2879/3256/2584 2814/3191/2533 
f 2814/3191/2533 2813/3190/2532 2878/3255/2583 
f 2880/3257/2553 2881/3258/2554 2882/3259/2585 
f 2882/3259/2585 2883/3260/2586 2880/3257/2553 
f 2884/3261/2587 2808/3185/2527 2833/3210/2546 
f 2833/3210/2546 2885/3262/2588 2884/3261/2587 
f 2886/3263/2589 2887/3264/2590 2888/3265/2591 
f 2888/3265/2591 2889/3266/2592 2886/3263/2589 
f 2867/3244/2574 2866/3243/2539 2890/3267/2528 
f 2890/3267/2528 2891/3268/2593 2867/3244/2574 
f 2892/3269/2594 2812/3189/2531 2811/3188/2530 
f 2811/3188/2530 2893/3270/2595 2892/3269/2594 
f 2894/3271/2596 2895/3272/2597 2896/3273/2598 
f 2896/3273/2598 2897/3274/2599 2894/3271/2596 
f 2898/3275/2600 2899/3276/2601 2825/3202/2540 
f 2825/3202/2540 2824/3201/2539 2898/3275/2600 
f 2900/3277/1237 2865/3242/2531 2864/3241/2573 
f 2864/3241/2573 2901/3278/2538 2900/3277/1237 
f 2820/3197/2538 2819/3196/1237 2900/3277/1237 
f 2900/3277/1237 2901/3278/2538 2820/3197/2538 
f 2902/3279/1249 2903/3280/2602 2904/3281/2603 
f 2904/3281/2603 2905/3282/2604 2902/3279/1249 
f 2868/3245/1237 2869/3246/1237 2906/3283/2605 
f 2906/3283/2605 2907/3284/2606 2868/3245/1237 
f 2908/3285/2607 2859/3236/2568 2858/3235/2567 
f 2858/3235/2567 2909/3286/2608 2908/3285/2607 
f 2910/3287/2609 2911/3288/2610 2912/3289/2611 
f 2912/3289/2611 2913/3290/2612 2910/3287/2609 
f 2914/3291/2613 2915/3292/2614 2916/3293/2615 
f 2916/3293/2615 2917/3294/1249 2914/3291/2613 
f 2905/3282/2604 2914/3291/2613 2917/3294/1249 
f 2917/3294/1249 2902/3279/1249 2905/3282/2604 
f 2918/3295/2616 2919/3296/2617 2920/3297/2618 
f 2920/3297/2618 2921/3298/2619 2918/3295/2616 
f 2836/3213/2548 2833/3210/2546 2832/3209/2545 
f 2832/3209/2545 2837/3214/2545 2836/3213/2548 
f 2922/3299/2620 2923/3300/2621 2924/3301/2622 
f 2924/3301/2622 2925/3302/2623 2922/3299/2620 
f 2926/3303/2624 2927/3304/2625 2928/3305/2588 
f 2928/3305/2588 2929/3306/2626 2926/3303/2624 
f 2930/3307/2627 2926/3303/2624 2929/3306/2626 
f 2929/3306/2626 2931/3308/2628 2930/3307/2627 
f 2932/3309/2629 2933/3310/2630 2927/3304/2625 
f 2927/3304/2625 2926/3303/2624 2932/3309/2629 
f 2934/3311/2631 2932/3309/2629 2926/3303/2624 
f 2926/3303/2624 2930/3307/2627 2934/3311/2631 
f 2935/3312/2632 2936/3313/2633 2897/3274/2599 
f 2897/3274/2599 2937/3314/2634 2935/3312/2632 
f 2938/3315/2635 2935/3312/2632 2937/3314/2634 
f 2937/3314/2634 2939/3316/2636 2938/3315/2635 
f 2930/3317/2627 2931/3318/2628 2936/3313/2633 
f 2936/3313/2633 2935/3312/2632 2930/3317/2627 
f 2934/3319/2631 2930/3317/2627 2935/3312/2632 
f 2935/3312/2632 2938/3315/2635 2934/3319/2631 
f 2940/3320/2637 2941/3321/2638 2915/3292/2614 
f 2915/3292/2614 2942/3322/2639 2940/3320/2637 
f 2932/3323/2629 2940/3320/2637 2942/3322/2639 
f 2942/3322/2639 2933/3324/2630 2932/3323/2629 
f 2938/3325/2635 2939/3326/2636 2941/3321/2638 
f 2941/3321/2638 2940/3320/2637 2938/3325/2635 
f 2934/3327/2631 2938/3325/2635 2940/3320/2637 
f 2940/3320/2637 2932/3323/2629 2934/3327/2631 
f 2943/3328/2640 2944/3329/2641 2925/3302/2623 
f 2925/3302/2623 2945/3330/2642 2943/3328/2640 
f 2946/3331/2643 2943/3328/2640 2945/3330/2642 
f 2945/3330/2642 2947/3332/2644 2946/3331/2643 
f 2948/3333/2645 2949/3334/2646 2944/3329/2641 
f 2944/3329/2641 2943/3328/2640 2948/3333/2645 
f 2950/3335/2647 2948/3333/2645 2943/3328/2640 
f 2943/3328/2640 2946/3331/2643 2950/3335/2647 
f 2951/3336/2648 2952/3337/2649 2887/3264/2590 
f 2887/3264/2590 2953/3338/2650 2951/3336/2648 
f 2954/3339/2651 2951/3336/2648 2953/3338/2650 
f 2953/3338/2650 2955/3340/2652 2954/3339/2651 
f 2946/3341/2643 2947/3342/2644 2952/3337/2649 
f 2952/3337/2649 2951/3336/2648 2946/3341/2643 
f 2950/3343/2647 2946/3341/2643 2951/3336/2648 
f 2951/3336/2648 2954/3339/2651 2950/3343/2647 
f 2956/3344/2653 2957/3345/2654 2808/3185/2527 
f 2808/3185/2527 2958/3346/2655 2956/3344/2653 
f 2948/3347/2645 2956/3344/2653 2958/3346/2655 
f 2958/3346/2655 2949/3348/2646 2948/3347/2645 
f 2954/3349/2651 2955/3350/2652 2957/3345/2654 
f 2957/3345/2654 2956/3344/2653 2954/3349/2651 
f 2950/3351/2647 2954/3349/2651 2956/3344/2653 
f 2956/3344/2653 2948/3347/2645 2950/3351/2647 
f 2959/3352/2656 2960/3353/2657 2961/3354/2658 
f 2961/3354/2658 2962/3355/2659 2959/3352/2656 
f 2963/3356/2660 2959/3352/2656 2962/3355/2659 
f 2962/3355/2659 2964/3357/2661 2963/3356/2660 
f 2965/3358/2662 2966/3359/2663 2960/3353/2657 
f 2960/3353/2657 2959/3352/2656 2965/3358/2662 
f 2967/3360/2664 2965/3358/2662 2959/3352/2656 
f 2959/3352/2656 2963/3356/2660 2967/3360/2664 
f 2968/3361/2665 2969/3362/2666 2916/3293/2615 
f 2916/3293/2615 2970/3363/2667 2968/3361/2665 
f 2971/3364/2668 2968/3361/2665 2970/3363/2667 
f 2970/3363/2667 2972/3365/2669 2971/3364/2668 
f 2963/3356/2660 2964/3357/2661 2969/3362/2666 
f 2969/3362/2666 2968/3361/2665 2963/3356/2660 
f 2967/3360/2664 2963/3356/2660 2968/3361/2665 
f 2968/3361/2665 2971/3364/2668 2967/3360/2664 
f 2973/3366/2670 2974/3367/2671 2896/3273/2598 
f 2896/3273/2598 2975/3368/2672 2973/3366/2670 
f 2976/3369/2673 2973/3366/2670 2975/3368/2672 
f 2975/3368/2672 2977/3370/2674 2976/3369/2673 
f 2971/3371/2668 2972/3372/2669 2974/3367/2671 
f 2974/3367/2671 2973/3366/2670 2971/3371/2668 
f 2967/3373/2664 2971/3371/2668 2973/3366/2670 
f 2973/3366/2670 2976/3369/2673 2967/3373/2664 
f 2978/3374/2675 2979/3375/2676 2828/3205/2541 
f 2828/3205/2541 2980/3376/2677 2978/3374/2675 
f 2965/3377/2662 2978/3374/2675 2980/3376/2677 
f 2980/3376/2677 2966/3378/2663 2965/3377/2662 
f 2976/3369/2673 2977/3370/2674 2979/3375/2676 
f 2979/3375/2676 2978/3374/2675 2976/3369/2673 
f 2967/3373/2664 2976/3369/2673 2978/3374/2675 
f 2978/3374/2675 2965/3377/2662 2967/3373/2664 
f 2981/3379/2678 2982/3380/2679 2924/3301/2622 
f 2924/3301/2622 2983/3381/2680 2981/3379/2678 
f 2984/3382/2681 2981/3379/2678 2983/3381/2680 
f 2983/3381/2680 2985/3383/2682 2984/3382/2681 
f 2986/3384/2683 2987/3385/2684 2982/3380/2679 
f 2982/3380/2679 2981/3379/2678 2986/3384/2683 
f 2988/3386/2685 2986/3384/2683 2981/3379/2678 
f 2981/3379/2678 2984/3382/2681 2988/3386/2685 
f 2989/3387/2686 2990/3388/2687 2918/3295/2616 
f 2918/3295/2616 2991/3389/2688 2989/3387/2686 
f 2992/3390/2689 2989/3387/2686 2991/3389/2688 
f 2991/3389/2688 2993/3391/2690 2992/3390/2689 
f 2984/3392/2681 2985/3393/2682 2990/3388/2687 
f 2990/3388/2687 2989/3387/2686 2984/3392/2681 
f 2988/3394/2691 2984/3392/2681 2989/3387/2686 
f 2989/3387/2686 2992/3390/2689 2988/3394/2691 
f 2994/3395/2692 2995/3396/2693 2879/3256/2584 
f 2879/3256/2584 2996/3397/2694 2994/3395/2692 
f 2997/3398/2695 2994/3395/2692 2996/3397/2694 
f 2996/3397/2694 2998/3399/2696 2997/3398/2695 
f 2992/3400/2689 2993/3401/2690 2995/3396/2693 
f 2995/3396/2693 2994/3395/2692 2992/3400/2689 
f 2988/3402/2697 2992/3400/2689 2994/3395/2692 
f 2994/3395/2692 2997/3398/2695 2988/3402/2697 
f 2999/3403/2698 3000/3404/2699 2840/3217/2551 
f 2840/3217/2551 3001/3405/2700 2999/3403/2698 
f 3002/3406/2701 2999/3403/2698 3001/3405/2700 
f 3001/3405/2700 3003/3407/2702 3002/3406/2701 
f 2997/3398/2695 2998/3399/2696 3000/3404/2699 
f 3000/3404/2699 2999/3403/2698 2997/3398/2695 
f 2988/3402/2697 2997/3398/2695 2999/3403/2698 
f 2999/3403/2698 3002/3406/2701 2988/3402/2697 
f 3004/3408/2703 3005/3409/2704 2888/3265/2591 
f 2888/3265/2591 3006/3410/2705 3004/3408/2703 
f 2986/3411/2683 3004/3408/2703 3006/3410/2705 
f 3006/3410/2705 2987/3412/2684 2986/3411/2683 
f 3002/3406/2701 3003/3407/2702 3005/3409/2704 
f 3005/3409/2704 3004/3408/2703 3002/3406/2701 
f 2988/3402/2697 3002/3406/2701 3004/3408/2703 
f 3004/3408/2703 2986/3411/2683 2988/3402/2697 
f 3007/3413/2706 3008/3414/2707 2872/3249/2577 
f 2872/3249/2577 3009/3415/2708 3007/3413/2706 
f 3010/3416/2709 3007/3413/2706 3009/3415/2708 
f 3009/3415/2708 3011/3417/2710 3010/3416/2709 
f 3012/3418/2711 3013/3419/2712 3008/3414/2707 
f 3008/3414/2707 3007/3413/2706 3012/3418/2711 
f 3014/3420/2713 3012/3418/2711 3007/3413/2706 
f 3007/3413/2706 3010/3416/2709 3014/3420/2713 
f 3015/3421/2714 3016/3422/2715 2833/3210/2546 
f 2833/3210/2546 3017/3423/2716 3015/3421/2714 
f 3018/3424/2717 3015/3421/2714 3017/3423/2716 
f 3017/3423/2716 3019/3425/2718 3018/3424/2717 
f 3010/3426/2709 3011/3427/2710 3016/3422/2715 
f 3016/3422/2715 3015/3421/2714 3010/3426/2709 
f 3014/3428/2713 3010/3426/2709 3015/3421/2714 
f 3015/3421/2714 3018/3424/2717 3014/3428/2713 
f 3020/3429/2719 3021/3430/2720 2904/3281/2603 
f 2904/3281/2603 3022/3431/2721 3020/3429/2719 
f 3012/3432/2711 3020/3429/2719 3022/3431/2721 
f 3022/3431/2721 3013/3433/2712 3012/3432/2711 
f 3018/3434/2717 3019/3435/2718 3021/3430/2720 
f 3021/3430/2720 3020/3429/2719 3018/3434/2717 
f 3014/3436/2713 3018/3434/2717 3020/3429/2719 
f 3020/3429/2719 3012/3432/2711 3014/3436/2713 
f 3023/3437/2722 3024/3438/2723 2873/3250/2578 
f 2873/3250/2578 3025/3439/2724 3023/3437/2722 
f 3026/3440/2725 3023/3437/2722 3025/3439/2724 
f 3025/3439/2724 3027/3441/2726 3026/3440/2725 
f 3028/3442/2727 3029/3443/2728 3024/3438/2723 
f 3024/3438/2723 3023/3437/2722 3028/3442/2727 
f 3030/3444/2729 3028/3442/2727 3023/3437/2722 
f 3023/3437/2722 3026/3440/2725 3030/3444/2729 
f 3031/3445/2730 3032/3446/2731 2903/3280/2602 
f 2903/3280/2602 3033/3447/2732 3031/3445/2730 
f 3034/3448/2733 3031/3445/2730 3033/3447/2732 
f 3033/3447/2732 3035/3449/2734 3034/3448/2733 
f 3026/3450/2725 3027/3451/2726 3032/3446/2731 
f 3032/3446/2731 3031/3445/2730 3026/3450/2725 
f 3030/3452/2729 3026/3450/2725 3031/3445/2730 
f 3031/3445/2730 3034/3448/2733 3030/3452/2729 
f 3036/3453/2735 3037/3454/2736 2814/3191/2533 
f 2814/3191/2533 3038/3455/2737 3036/3453/2735 
f 3039/3456/2738 3036/3453/2735 3038/3455/2737 
f 3038/3455/2737 3040/3457/2739 3039/3456/2738 
f 3034/3448/2733 3035/3449/2734 3037/3454/2736 
f 3037/3454/2736 3036/3453/2735 3034/3448/2733 
f 3030/3452/2729 3034/3448/2733 3036/3453/2735 
f 3036/3453/2735 3039/3456/2738 3030/3452/2729 
f 3041/3458/2740 3042/3459/2741 2921/3298/2619 
f 2921/3298/2619 3043/3460/2742 3041/3458/2740 
f 3028/3461/2727 3041/3458/2740 3043/3460/2742 
f 3043/3460/2742 3029/3462/2728 3028/3461/2727 
f 3039/3463/2738 3040/3464/2739 3042/3459/2741 
f 3042/3459/2741 3041/3458/2740 3039/3463/2738 
f 3030/3465/2729 3039/3463/2738 3041/3458/2740 
f 3041/3458/2740 3028/3461/2727 3030/3465/2729 
f 3044/3466/2743 3045/3467/2744 3046/3468/2745 
f 3046/3468/2745 3047/3469/2746 3044/3466/2743 
f 3048/3470/2747 3044/3466/2743 3047/3469/2746 
f 3047/3469/2746 3049/3471/2748 3048/3470/2747 
f 3050/3472/2749 3051/3473/2750 3045/3467/2744 
f 3045/3467/2744 3044/3466/2743 3050/3472/2749 
f 3052/3474/2751 3050/3472/2749 3044/3466/2743 
f 3044/3466/2743 3048/3470/2747 3052/3474/2751 
f 3053/3475/2752 3054/3476/2753 2891/3268/2593 
f 2891/3268/2593 3055/3477/2754 3053/3475/2752 
f 3056/3478/2755 3053/3475/2752 3055/3477/2754 
f 3055/3477/2754 3057/3479/2756 3056/3478/2755 
f 3048/3480/2747 3049/3481/2748 3054/3476/2753 
f 3054/3476/2753 3053/3475/2752 3048/3480/2747 
f 3052/3482/2751 3048/3480/2747 3053/3475/2752 
f 3053/3475/2752 3056/3478/2755 3052/3482/2751 
f 3058/3483/2757 3059/3484/2758 2894/3271/2596 
f 2894/3271/2596 3060/3485/2759 3058/3483/2757 
f 3050/3486/2749 3058/3483/2757 3060/3485/2759 
f 3060/3485/2759 3051/3487/2750 3050/3486/2749 
f 3056/3488/2755 3057/3489/2756 3059/3484/2758 
f 3059/3484/2758 3058/3483/2757 3056/3488/2755 
f 3052/3490/2751 3056/3488/2755 3058/3483/2757 
f 3058/3483/2757 3050/3486/2749 3052/3490/2751 
f 3061/3491/2760 3062/3492/2761 2810/3187/2529 
f 2810/3187/2529 3063/3493/2762 3061/3491/2760 
f 3064/3494/2763 3061/3491/2760 3063/3493/2762 
f 3063/3493/2762 3065/3495/2764 3064/3494/2763 
f 3066/3496/2765 3067/3497/2766 3062/3492/2761 
f 3062/3492/2761 3061/3491/2760 3066/3496/2765 
f 3068/3498/2767 3066/3496/2765 3061/3491/2760 
f 3061/3491/2760 3064/3494/2763 3068/3498/2767 
f 3069/3499/2768 3070/3500/2769 2829/3206/2542 
f 2829/3206/2542 3071/3501/2770 3069/3499/2768 
f 3072/3502/2771 3069/3499/2768 3071/3501/2770 
f 3071/3501/2770 3073/3503/2772 3072/3502/2771 
f 3064/3504/2763 3065/3505/2764 3070/3500/2769 
f 3070/3500/2769 3069/3499/2768 3064/3504/2763 
f 3068/3506/2767 3064/3504/2763 3069/3499/2768 
f 3069/3499/2768 3072/3502/2771 3068/3506/2767 
f 3074/3507/2773 3075/3508/2774 2895/3272/2597 
f 2895/3272/2597 3076/3509/2775 3074/3507/2773 
f 3077/3510/2776 3074/3507/2773 3076/3509/2775 
f 3076/3509/2775 3078/3511/2776 3077/3510/2776 
f 3072/3502/2771 3073/3503/2772 3075/3508/2774 
f 3075/3508/2774 3074/3507/2773 3072/3502/2771 
f 3068/3506/2767 3072/3502/2771 3074/3507/2773 
f 3074/3507/2773 3077/3510/2776 3068/3506/2767 
f 3079/3512/2765 3080/3513/2777 2890/3267/2528 
f 2890/3267/2528 3081/3514/2778 3079/3512/2765 
f 3066/3496/2765 3079/3512/2765 3081/3514/2778 
f 3081/3514/2778 3067/3497/2766 3066/3496/2765 
f 3077/3515/2776 3078/3516/2776 3080/3513/2777 
f 3080/3513/2777 3079/3512/2765 3077/3515/2776 
f 3068/3498/2767 3077/3515/2776 3079/3512/2765 
f 3079/3512/2765 3066/3496/2765 3068/3498/2767 
f 3082/3517/2779 3083/3518/2780 2877/3254/2582 
f 2877/3254/2582 3084/3519/2781 3082/3517/2779 
f 3085/3520/2782 3082/3517/2779 3084/3519/2781 
f 3084/3519/2781 3086/3521/2783 3085/3520/2782 
f 3087/3522/2784 3088/3523/2785 3083/3518/2780 
f 3083/3518/2780 3082/3517/2779 3087/3522/2784 
f 3089/3524/2786 3087/3522/2784 3082/3517/2779 
f 3082/3517/2779 3085/3520/2782 3089/3524/2786 
f 3090/3525/2787 3091/3526/2788 2862/3239/2571 
f 2862/3239/2571 3092/3527/2789 3090/3525/2787 
f 3093/3528/2790 3090/3525/2787 3092/3527/2789 
f 3092/3527/2789 3094/3529/2791 3093/3528/2790 
f 3085/3530/2782 3086/3531/2783 3091/3526/2788 
f 3091/3526/2788 3090/3525/2787 3085/3530/2782 
f 3089/3532/2786 3085/3530/2782 3090/3525/2787 
f 3090/3525/2787 3093/3528/2790 3089/3532/2786 
f 3095/3533/2792 3096/3534/2793 2853/3230/2562 
f 2853/3230/2562 3097/3535/2794 3095/3533/2792 
f 3098/3536/2795 3095/3533/2792 3097/3535/2794 
f 3097/3535/2794 3099/3537/2796 3098/3536/2795 
f 3093/3538/2790 3094/3539/2791 3096/3534/2793 
f 3096/3534/2793 3095/3533/2792 3093/3538/2790 
f 3089/3540/2786 3093/3538/2790 3095/3533/2792 
f 3095/3533/2792 3098/3536/2795 3089/3540/2786 
f 3100/3541/2797 3101/3542/2798 2899/3276/2601 
f 2899/3276/2601 3102/3543/2799 3100/3541/2797 
f 3087/3544/2784 3100/3541/2797 3102/3543/2799 
f 3102/3543/2799 3088/3545/2785 3087/3544/2784 
f 3098/3536/2795 3099/3537/2796 3101/3542/2798 
f 3101/3542/2798 3100/3541/2797 3098/3536/2795 
f 3089/3540/2786 3098/3536/2795 3100/3541/2797 
f 3100/3541/2797 3087/3544/2784 3089/3540/2786 
f 3103/3546/2800 3104/3547/2801 2849/3226/2558 
f 2849/3226/2558 3105/3548/2802 3103/3546/2800 
f 3106/3549/2803 3103/3546/2800 3105/3548/2802 
f 3105/3548/2802 3107/3550/2804 3106/3549/2803 
f 3108/3551/2805 3109/3552/2806 3104/3547/2801 
f 3104/3547/2801 3103/3546/2800 3108/3551/2805 
f 3110/3553/2807 3108/3551/2805 3103/3546/2800 
f 3103/3546/2800 3106/3549/2803 3110/3553/2807 
f 3111/3554/2808 3112/3555/2809 2893/3270/2595 
f 2893/3270/2595 3113/3556/2810 3111/3554/2808 
f 3114/3557/2811 3111/3554/2808 3113/3556/2810 
f 3113/3556/2810 3115/3558/2812 3114/3557/2811 
f 3106/3559/2803 3107/3560/2804 3112/3555/2809 
f 3112/3555/2809 3111/3554/2808 3106/3559/2803 
f 3110/3561/2807 3106/3559/2803 3111/3554/2808 
f 3111/3554/2808 3114/3557/2811 3110/3561/2807 
f 3116/3562/2813 3117/3563/2814 2854/3231/2563 
f 2854/3231/2563 3118/3564/2815 3116/3562/2813 
f 3119/3565/2816 3116/3562/2813 3118/3564/2815 
f 3118/3564/2815 3120/3566/2817 3119/3565/2816 
f 3114/3557/2811 3115/3558/2812 3117/3563/2814 
f 3117/3563/2814 3116/3562/2813 3114/3557/2811 
f 3110/3561/2807 3114/3557/2811 3116/3562/2813 
f 3116/3562/2813 3119/3565/2816 3110/3561/2807 
f 3121/3567/2818 3122/3568/2819 2861/3238/2570 
f 2861/3238/2570 3123/3569/2820 3121/3567/2818 
f 3108/3570/2805 3121/3567/2818 3123/3569/2820 
f 3123/3569/2820 3109/3571/2806 3108/3570/2805 
f 3119/3572/2816 3120/3573/2817 3122/3568/2819 
f 3122/3568/2819 3121/3567/2818 3119/3572/2816 
f 3110/3574/2807 3119/3572/2816 3121/3567/2818 
f 3121/3567/2818 3108/3570/2805 3110/3574/2807 
f 3124/3575/2821 3125/3576/2822 2866/3243/2539 
f 2866/3243/2539 3126/3577/2823 3124/3575/2821 
f 3127/3578/2824 3124/3575/2821 3126/3577/2823 
f 3126/3577/2823 3128/3579/2824 3127/3578/2824 
f 3129/3580/2540 3130/3581/2825 3125/3576/2822 
f 3125/3576/2822 3124/3575/2821 3129/3580/2540 
f 3131/3582/2539 3129/3580/2540 3124/3575/2821 
f 3124/3575/2821 3127/3578/2824 3131/3582/2539 
f 3132/3583/2826 3133/3584/2827 2855/3232/2564 
f 2855/3232/2564 3134/3585/2828 3132/3583/2826 
f 3135/3586/2829 3132/3583/2826 3134/3585/2828 
f 3134/3585/2828 3136/3587/2830 3135/3586/2829 
f 3127/3578/2824 3128/3579/2824 3133/3584/2827 
f 3133/3584/2827 3132/3583/2826 3127/3578/2824 
f 3131/3582/2539 3127/3578/2824 3132/3583/2826 
f 3132/3583/2826 3135/3586/2829 3131/3582/2539 
f 3137/3588/2828 3138/3589/2831 2811/3188/2530 
f 2811/3188/2530 3139/3590/2832 3137/3588/2828 
f 3129/3580/2540 3137/3588/2828 3139/3590/2832 
f 3139/3590/2832 3130/3581/2825 3129/3580/2540 
f 3135/3586/2829 3136/3587/2830 3138/3589/2831 
f 3138/3589/2831 3137/3588/2828 3135/3586/2829 
f 3131/3582/2539 3135/3586/2829 3137/3588/2828 
f 3137/3588/2828 3129/3580/2540 3131/3582/2539 
f 3140/3591/2539 3141/3592/2540 2852/3229/2561 
f 2852/3229/2561 3142/3593/2531 3140/3591/2539 
f 3143/3594/2833 3140/3591/2539 3142/3593/2531 
f 3142/3593/2531 3144/3595/2540 3143/3594/2833 
f 3145/3596/2834 3146/3597/2835 3141/3592/2540 
f 3141/3592/2540 3140/3591/2539 3145/3596/2834 
f 3147/3598/2540 3145/3596/2834 3140/3591/2539 
f 3140/3591/2539 3143/3594/2833 3147/3598/2540 
f 3148/3599/2836 3149/3600/2826 2865/3242/2531 
f 2865/3242/2531 3150/3601/2826 3148/3599/2836 
f 3151/3602/2539 3148/3599/2836 3150/3601/2826 
f 3150/3601/2826 3152/3603/464 3151/3602/2539 
f 3143/3594/2833 3144/3595/2540 3149/3600/2826 
f 3149/3600/2826 3148/3599/2836 3143/3594/2833 
f 3147/3598/2540 3143/3594/2833 3148/3599/2836 
f 3148/3599/2836 3151/3602/2539 3147/3598/2540 
f 3153/3604/2837 3154/3605/2540 2825/3202/2540 
f 2825/3202/2540 3155/3606/2540 3153/3604/2837 
f 3145/3596/2834 3153/3604/2837 3155/3606/2540 
f 3155/3606/2540 3146/3597/2835 3145/3596/2834 
f 3151/3602/2539 3152/3603/464 3154/3605/2540 
f 3154/3605/2540 3153/3604/2837 3151/3602/2539 
f 3147/3598/2540 3151/3602/2539 3153/3604/2837 
f 3153/3604/2837 3145/3596/2834 3147/3598/2540 
f 3156/3607/2838 3157/3608/2839 2922/3299/2620 
f 2922/3299/2620 3158/3609/2840 3156/3607/2838 
f 3159/3610/2841 3156/3607/2838 3158/3609/2840 
f 3158/3609/2840 3160/3611/2842 3159/3610/2841 
f 3161/3612/2843 3162/3613/2844 3157/3608/2839 
f 3157/3608/2839 3156/3607/2838 3161/3612/2843 
f 3163/3614/2845 3161/3612/2843 3156/3607/2838 
f 3156/3607/2838 3159/3610/2841 3163/3614/2845 
f 3164/3615/2846 3165/3616/2847 2884/3261/2587 
f 2884/3261/2587 3166/3617/2848 3164/3615/2846 
f 3167/3618/2849 3164/3615/2846 3166/3617/2848 
f 3166/3617/2848 3168/3619/2850 3167/3618/2849 
f 3159/3620/2841 3160/3621/2842 3165/3616/2847 
f 3165/3616/2847 3164/3615/2846 3159/3620/2841 
f 3163/3622/2845 3159/3620/2841 3164/3615/2846 
f 3164/3615/2846 3167/3618/2849 3163/3622/2845 
f 3169/3623/2851 3170/3624/2852 2911/3288/2610 
f 2911/3288/2610 3171/3625/2853 3169/3623/2851 
f 3161/3626/2843 3169/3623/2851 3171/3625/2853 
f 3171/3625/2853 3162/3627/2844 3161/3626/2843 
f 3167/3628/2849 3168/3629/2850 3170/3624/2852 
f 3170/3624/2852 3169/3623/2851 3167/3628/2849 
f 3163/3630/2845 3167/3628/2849 3169/3623/2851 
f 3169/3623/2851 3161/3626/2843 3163/3630/2845 
f 3172/3631/2854 3173/3632/2855 2923/3300/2621 
f 2923/3300/2621 3174/3633/2856 3172/3631/2854 
f 3175/3634/2857 3172/3631/2854 3174/3633/2856 
f 3174/3633/2856 3176/3635/2858 3175/3634/2857 
f 3177/3636/2859 3178/3637/2860 3173/3632/2855 
f 3173/3632/2855 3172/3631/2854 3177/3636/2859 
f 3179/3638/2861 3177/3636/2859 3172/3631/2854 
f 3172/3631/2854 3175/3634/2857 3179/3638/2861 
f 3180/3639/2862 3181/3640/2863 2910/3287/2609 
f 2910/3287/2609 3182/3641/2864 3180/3639/2862 
f 3183/3642/2865 3180/3639/2862 3182/3641/2864 
f 3182/3641/2864 3184/3643/2866 3183/3642/2865 
f 3175/3644/2857 3176/3645/2858 3181/3640/2863 
f 3181/3640/2863 3180/3639/2862 3175/3644/2857 
f 3179/3646/2861 3175/3644/2857 3180/3639/2862 
f 3180/3639/2862 3183/3642/2865 3179/3646/2861 
f 3185/3647/2867 3186/3648/2868 2919/3296/2617 
f 2919/3296/2617 3187/3649/2869 3185/3647/2867 
f 3177/3650/2859 3185/3647/2867 3187/3649/2869 
f 3187/3649/2869 3178/3651/2860 3177/3650/2859 
f 3183/3652/2865 3184/3653/2866 3186/3648/2868 
f 3186/3648/2868 3185/3647/2867 3183/3652/2865 
f 3179/3654/2861 3183/3652/2865 3185/3647/2867 
f 3185/3647/2867 3177/3650/2859 3179/3654/2861 
f 3188/3655/2870 3189/3656/2871 2871/3248/2576 
f 2871/3248/2576 3190/3657/2872 3188/3655/2870 
f 3191/3658/2873 3188/3655/2870 3190/3657/2872 
f 3190/3657/2872 3192/3659/2874 3191/3658/2873 
f 3193/3660/2875 3194/3661/2876 3189/3656/2871 
f 3189/3656/2871 3188/3655/2870 3193/3660/2875 
f 3195/3662/2877 3193/3660/2875 3188/3655/2870 
f 3188/3655/2870 3191/3658/2873 3195/3662/2877 
f 3196/3663/2878 3197/3664/2879 2912/3289/2611 
f 2912/3289/2611 3198/3665/2880 3196/3663/2878 
f 3199/3666/2881 3196/3663/2878 3198/3665/2880 
f 3198/3665/2880 3200/3667/2882 3199/3666/2881 
f 3191/3668/2873 3192/3669/2874 3197/3664/2879 
f 3197/3664/2879 3196/3663/2878 3191/3668/2873 
f 3195/3670/2877 3191/3668/2873 3196/3663/2878 
f 3196/3663/2878 3199/3666/2881 3195/3670/2877 
f 3201/3671/2883 3202/3672/2884 2885/3262/2588 
f 2885/3262/2588 3203/3673/2626 3201/3671/2883 
f 3193/3674/2875 3201/3671/2883 3203/3673/2626 
f 3203/3673/2626 3194/3675/2876 3193/3674/2875 
f 3199/3676/2881 3200/3677/2882 3202/3672/2884 
f 3202/3672/2884 3201/3671/2883 3199/3676/2881 
f 3195/3678/2877 3199/3676/2881 3201/3671/2883 
f 3201/3671/2883 3193/3674/2875 3195/3678/2877 
f 3204/3679/2885 3205/3680/2886 2870/3247/2575 
f 2870/3247/2575 3206/3681/2887 3204/3679/2885 
f 3207/3682/2888 3204/3679/2885 3206/3681/2887 
f 3206/3681/2887 3208/3683/2889 3207/3682/2888 
f 3209/3684/2890 3210/3685/2891 3205/3680/2886 
f 3205/3680/2886 3204/3679/2885 3209/3684/2890 
f 3211/3686/2892 3209/3684/2890 3204/3679/2885 
f 3204/3679/2885 3207/3682/2888 3211/3686/2892 
f 3212/3687/2893 3213/3688/2894 2920/3297/2618 
f 2920/3297/2618 3214/3689/2895 3212/3687/2893 
f 3215/3690/2896 3212/3687/2893 3214/3689/2895 
f 3214/3689/2895 3216/3691/2897 3215/3690/2896 
f 3207/3692/2888 3208/3693/2889 3213/3688/2894 
f 3213/3688/2894 3212/3687/2893 3207/3692/2888 
f 3211/3694/2892 3207/3692/2888 3212/3687/2893 
f 3212/3687/2893 3215/3690/2896 3211/3694/2892 
f 3217/3695/2898 3218/3696/2899 2913/3290/2612 
f 2913/3290/2612 3219/3697/2900 3217/3695/2898 
f 3209/3698/2890 3217/3695/2898 3219/3697/2900 
f 3219/3697/2900 3210/3699/2891 3209/3698/2890 
f 3215/3700/2896 3216/3701/2897 3218/3696/2899 
f 3218/3696/2899 3217/3695/2898 3215/3700/2896 
f 3211/3702/2892 3215/3700/2896 3217/3695/2898 
f 3217/3695/2898 3209/3698/2890 3211/3702/2892 
f 3220/3703/2901 3221/3704/2902 2883/3260/2586 
f 2883/3260/2586 3222/3705/2903 3220/3703/2901 
f 3223/3706/2904 3220/3703/2901 3222/3705/2903 
f 3222/3705/2903 3224/3707/2905 3223/3706/2904 
f 3225/3708/2906 3226/3709/2907 3221/3704/2902 
f 3221/3704/2902 3220/3703/2901 3225/3708/2906 
f 3227/3710/2908 3225/3708/2906 3220/3703/2901 
f 3220/3703/2901 3223/3706/2904 3227/3710/2908 
f 3228/3711/2909 3229/3712/2910 2805/3182/2524 
f 2805/3182/2524 3230/3713/2911 3228/3711/2909 
f 3231/3714/2912 3228/3711/2909 3230/3713/2911 
f 3230/3713/2911 3232/3715/2913 3231/3714/2912 
f 3223/3716/2904 3224/3717/2905 3229/3712/2910 
f 3229/3712/2910 3228/3711/2909 3223/3716/2904 
f 3227/3718/2908 3223/3716/2904 3228/3711/2909 
f 3228/3711/2909 3231/3714/2912 3227/3718/2908 
f 3233/3719/2914 3234/3720/2915 2886/3263/2589 
f 2886/3263/2589 3235/3721/2916 3233/3719/2914 
f 3225/3722/2906 3233/3719/2914 3235/3721/2916 
f 3235/3721/2916 3226/3723/2907 3225/3722/2906 
f 3231/3724/2912 3232/3725/2913 3234/3720/2915 
f 3234/3720/2915 3233/3719/2914 3231/3724/2912 
f 3227/3726/2908 3231/3724/2912 3233/3719/2914 
f 3233/3719/2914 3225/3722/2906 3227/3726/2908 
f 3236/3727/2917 3237/3728/2918 2880/3257/2553 
f 2880/3257/2553 3238/3729/2919 3236/3727/2917 
f 3239/3730/2920 3236/3727/2917 3238/3729/2919 
f 3238/3729/2919 3240/3731/2921 3239/3730/2920 
f 3241/3732/2917 3242/3733/2922 3237/3728/2918 
f 3237/3728/2918 3236/3727/2917 3241/3732/2917 
f 3243/3734/2923 3241/3732/2917 3236/3727/2917 
f 3236/3727/2917 3239/3730/2920 3243/3734/2923 
f 3244/3735/2924 3245/3736/2925 2889/3266/2592 
f 2889/3266/2592 3246/3737/2926 3244/3735/2924 
f 3247/3738/2927 3244/3735/2924 3246/3737/2926 
f 3246/3737/2926 3248/3739/2928 3247/3738/2927 
f 3239/3740/2920 3240/3741/2921 3245/3736/2925 
f 3245/3736/2925 3244/3735/2924 3239/3740/2920 
f 3243/3742/2923 3239/3740/2920 3244/3735/2924 
f 3244/3735/2924 3247/3738/2927 3243/3742/2923 
f 3249/3743/2929 3250/3744/2930 2839/3216/2550 
f 2839/3216/2550 3251/3745/2931 3249/3743/2929 
f 3252/3746/2932 3249/3743/2929 3251/3745/2931 
f 3251/3745/2931 3253/3747/2932 3252/3746/2932 
f 3247/3738/2927 3248/3739/2928 3250/3744/2930 
f 3250/3744/2930 3249/3743/2929 3247/3738/2927 
f 3243/3742/2923 3247/3738/2927 3249/3743/2929 
f 3249/3743/2929 3252/3746/2932 3243/3742/2923 
f 3254/3748/2917 3255/3749/2933 2845/3222/2556 
f 2845/3222/2556 3256/3750/2934 3254/3748/2917 
f 3241/3732/2917 3254/3748/2917 3256/3750/2934 
f 3256/3750/2934 3242/3733/2922 3241/3732/2917 
f 3252/3751/2932 3253/3752/2932 3255/3749/2933 
f 3255/3749/2933 3254/3748/2917 3252/3751/2932 
f 3243/3734/2923 3252/3751/2932 3254/3748/2917 
f 3254/3748/2917 3241/3732/2917 3243/3734/2923 
f 3257/3753/2935 3258/3754/2936 2882/3259/2585 
f 2882/3259/2585 3259/3755/2937 3257/3753/2935 
f 3260/3756/2938 3257/3753/2935 3259/3755/2937 
f 3259/3755/2937 3261/3757/2939 3260/3756/2938 
f 3262/3758/2940 3263/3759/2941 3258/3754/2936 
f 3258/3754/2936 3257/3753/2935 3262/3758/2940 
f 3264/3760/2942 3262/3758/2940 3257/3753/2935 
f 3257/3753/2935 3260/3756/2938 3264/3760/2942 
f 3265/3761/2943 3266/3762/2944 2817/3194/2536 
f 2817/3194/2536 3267/3763/2945 3265/3761/2943 
f 3268/3764/2946 3265/3761/2943 3267/3763/2945 
f 3267/3763/2945 3269/3765/2947 3268/3764/2946 
f 3260/3766/2938 3261/3767/2939 3266/3762/2944 
f 3266/3762/2944 3265/3761/2943 3260/3766/2938 
f 3264/3768/2942 3260/3766/2938 3265/3761/2943 
f 3265/3761/2943 3268/3764/2946 3264/3768/2942 
f 3270/3769/2948 3271/3770/2949 2806/3183/2525 
f 2806/3183/2525 3272/3771/2950 3270/3769/2948 
f 3262/3772/2940 3270/3769/2948 3272/3771/2950 
f 3272/3771/2950 3263/3773/2941 3262/3772/2940 
f 3268/3774/2946 3269/3775/2947 3271/3770/2949 
f 3271/3770/2949 3270/3769/2948 3268/3774/2946 
f 3264/3776/2942 3268/3774/2946 3270/3769/2948 
f 3270/3769/2948 3262/3772/2940 3264/3776/2942 
f 3273/3777/2951 3274/3778/2952 2881/3258/2554 
f 2881/3258/2554 3275/3779/2953 3273/3777/2951 
f 3276/3780/2954 3273/3777/2951 3275/3779/2953 
f 3275/3779/2953 3277/3781/2955 3276/3780/2954 
f 3278/3782/2956 3279/3783/2957 3274/3778/2952 
f 3274/3778/2952 3273/3777/2951 3278/3782/2956 
f 3280/3784/2958 3278/3782/2956 3273/3777/2951 
f 3273/3777/2951 3276/3780/2954 3280/3784/2958 
f 3281/3785/2959 3282/3786/2960 2844/3221/2555 
f 2844/3221/2555 3283/3787/2961 3281/3785/2959 
f 3284/3788/2962 3281/3785/2959 3283/3787/2961 
f 3283/3787/2961 3285/3789/2962 3284/3788/2962 
f 3276/3780/2954 3277/3781/2955 3282/3786/2960 
f 3282/3786/2960 3281/3785/2959 3276/3780/2954 
f 3280/3784/2958 3276/3780/2954 3281/3785/2959 
f 3281/3785/2959 3284/3788/2962 3280/3784/2958 
f 3286/3790/2963 3287/3791/2964 2906/3283/2605 
f 2906/3283/2605 3288/3792/2965 3286/3790/2963 
f 3289/3793/2966 3286/3790/2963 3288/3792/2965 
f 3288/3792/2965 3290/3794/2967 3289/3793/2966 
f 3284/3795/2962 3285/3796/2962 3287/3791/2964 
f 3287/3791/2964 3286/3790/2963 3284/3795/2962 
f 3280/3797/2958 3284/3795/2962 3286/3790/2963 
f 3286/3790/2963 3289/3793/2966 3280/3797/2958 
f 3291/3798/2968 3292/3799/2969 2818/3195/2537 
f 2818/3195/2537 3293/3800/2970 3291/3798/2968 
f 3278/3801/2956 3291/3798/2968 3293/3800/2970 
f 3293/3800/2970 3279/3802/2957 3278/3801/2956 
f 3289/3793/2966 3290/3794/2967 3292/3799/2969 
f 3292/3799/2969 3291/3798/2968 3289/3793/2966 
f 3280/3797/2958 3289/3793/2966 3291/3798/2968 
f 3291/3798/2968 3278/3801/2956 3280/3797/2958 
f 3294/3803/2971 3295/3804/2972 2850/3227/2559 
f 2850/3227/2559 3296/3805/2973 3294/3803/2971 
f 3297/3806/2974 3294/3803/2971 3296/3805/2973 
f 3296/3805/2973 3298/3807/2975 3297/3806/2974 
f 3299/3808/2976 3300/3809/2977 3295/3804/2972 
f 3295/3804/2972 3294/3803/2971 3299/3808/2976 
f 3301/3810/2978 3299/3808/2976 3294/3803/2971 
f 3294/3803/2971 3297/3806/2974 3301/3810/2978 
f 3302/3811/2979 3303/3812/2980 2860/3237/2569 
f 2860/3237/2569 3304/3813/2981 3302/3811/2979 
f 3305/3814/2982 3302/3811/2979 3304/3813/2981 
f 3304/3813/2981 3306/3815/2983 3305/3814/2982 
f 3297/3816/2974 3298/3817/2975 3303/3812/2980 
f 3303/3812/2980 3302/3811/2979 3297/3816/2974 
f 3301/3818/2978 3297/3816/2974 3302/3811/2979 
f 3302/3811/2979 3305/3814/2982 3301/3818/2978 
f 3307/3819/2984 3308/3820/2985 2858/3235/2567 
f 2858/3235/2567 2857/3234/2566 3307/3819/2984 
f 3299/3821/2976 3307/3819/2984 2857/3234/2566 
f 2857/3234/2566 3300/3822/2977 3299/3821/2976 
f 3305/3823/2982 3306/3824/2983 3308/3820/2985 
f 3308/3820/2985 3307/3819/2984 3305/3823/2982 
f 3301/3825/2978 3305/3823/2982 3307/3819/2984 
f 3307/3819/2984 3299/3821/2976 3301/3825/2978 
f 3309/3826/2986 3310/3827/2987 2876/3253/2581 
f 2876/3253/2581 3311/3828/2988 3309/3826/2986 
f 3312/3829/2989 3309/3826/2986 3311/3828/2988 
f 3311/3828/2988 3313/3830/2990 3312/3829/2989 
f 3314/3831/2991 3315/3832/2992 3310/3827/2987 
f 3310/3827/2987 3309/3826/2986 3314/3831/2991 
f 3316/3833/2993 3314/3831/2991 3309/3826/2986 
f 3309/3826/2986 3312/3829/2989 3316/3833/2993 
f 3317/3834/2994 3318/3835/2995 2909/3286/2608 
f 2909/3286/2608 3319/3836/2996 3317/3834/2994 
f 3320/3837/2997 3317/3834/2994 3319/3836/2996 
f 3319/3836/2996 3321/3838/2998 3320/3837/2997 
f 3312/3839/2989 3313/3840/2990 3318/3835/2995 
f 3318/3835/2995 3317/3834/2994 3312/3839/2989 
f 3316/3841/2993 3312/3839/2989 3317/3834/2994 
f 3317/3834/2994 3320/3837/2997 3316/3841/2993 
f 3322/3842/2999 3323/3843/3000 2863/3240/2572 
f 2863/3240/2572 3324/3844/3001 3322/3842/2999 
f 3314/3845/2991 3322/3842/2999 3324/3844/3001 
f 3324/3844/3001 3315/3846/2992 3314/3845/2991 
f 3320/3847/2997 3321/3848/2998 3323/3843/3000 
f 3323/3843/3000 3322/3842/2999 3320/3847/2997 
f 3316/3849/2993 3320/3847/2997 3322/3842/2999 
f 3322/3842/2999 3314/3845/2991 3316/3849/2993 
f 2927/3304/2625 3325/3850/3002 2835/3212/2547 
f 2835/3212/2547 2928/3305/2588 2927/3304/2625 
f 2933/3310/2630 3326/3851/3003 3325/3850/3002 
f 3325/3850/3002 2927/3304/2625 2933/3310/2630 
f 2942/3322/2639 3327/3852/3004 3326/3853/3003 
f 3326/3853/3003 2933/3324/2630 2942/3322/2639 
f 2915/3292/2614 2914/3291/2613 3327/3852/3004 
f 3327/3852/3004 2942/3322/2639 2915/3292/2614 
f 2969/3362/2666 3328/3854/1249 2917/3294/1249 
f 2917/3294/1249 2916/3293/2615 2969/3362/2666 
f 2964/3357/2661 3329/3855/1249 3328/3854/1249 
f 3328/3854/1249 2969/3362/2666 2964/3357/2661 
f 2962/3355/2659 3330/3856/1249 3329/3855/1249 
f 3329/3855/1249 2964/3357/2661 2962/3355/2659 
f 2961/3354/2658 2821/3198/1249 3330/3856/1249 
f 3330/3856/1249 2962/3355/2659 2961/3354/2658 
f 3054/3476/2753 3331/3857/3005 2867/3244/2574 
f 2867/3244/2574 2891/3268/2593 3054/3476/2753 
f 3049/3481/2748 3332/3858/3006 3331/3857/3005 
f 3331/3857/3005 3054/3476/2753 3049/3481/2748 
f 3047/3469/2746 3333/3859/3007 3332/3860/3006 
f 3332/3860/3006 3049/3471/2748 3047/3469/2746 
f 3046/3468/2745 2834/3211/2526 3333/3859/3007 
f 3333/3859/3007 3047/3469/2746 3046/3468/2745 
f 3062/3492/2761 3139/3590/2832 2811/3188/2530 
f 2811/3188/2530 2810/3187/2529 3062/3492/2761 
f 3067/3497/2766 3130/3581/2825 3139/3590/2832 
f 3139/3590/2832 3062/3492/2761 3067/3497/2766 
f 3081/3514/2778 3125/3576/2822 3130/3581/2825 
f 3130/3581/2825 3067/3497/2766 3081/3514/2778 
f 2890/3267/2528 2866/3243/2539 3125/3576/2822 
f 3125/3576/2822 3081/3514/2778 2890/3267/2528 
f 3189/3656/2871 3009/3415/2708 2872/3249/2577 
f 2872/3249/2577 2871/3248/2576 3189/3656/2871 
f 3194/3661/2876 3011/3417/2710 3009/3415/2708 
f 3009/3415/2708 3189/3656/2871 3194/3661/2876 
f 3203/3673/2626 3016/3422/2715 3011/3427/2710 
f 3011/3427/2710 3194/3675/2876 3203/3673/2626 
f 2885/3262/2588 2833/3210/2546 3016/3422/2715 
f 3016/3422/2715 3203/3673/2626 2885/3262/2588 
f 3024/3438/2723 3206/3681/2887 2870/3247/2575 
f 2870/3247/2575 2873/3250/2578 3024/3438/2723 
f 3029/3443/2728 3208/3683/2889 3206/3681/2887 
f 3206/3681/2887 3024/3438/2723 3029/3443/2728 
f 3043/3460/2742 3213/3688/2894 3208/3693/2889 
f 3208/3693/2889 3029/3462/2728 3043/3460/2742 
f 2921/3298/2619 2920/3297/2618 3213/3688/2894 
f 3213/3688/2894 3043/3460/2742 2921/3298/2619 
f 3165/3616/2847 2958/3346/2655 2808/3185/2527 
f 2808/3185/2527 2884/3261/2587 3165/3616/2847 
f 3160/3621/2842 2949/3348/2646 2958/3346/2655 
f 2958/3346/2655 3165/3616/2847 3160/3621/2842 
f 3158/3609/2840 2944/3329/2641 2949/3334/2646 
f 2949/3334/2646 3160/3611/2842 3158/3609/2840 
f 2922/3299/2620 2925/3302/2623 2944/3329/2641 
f 2944/3329/2641 3158/3609/2840 2922/3299/2620 
f 2990/3388/2687 3187/3649/2869 2919/3296/2617 
f 2919/3296/2617 2918/3295/2616 2990/3388/2687 
f 2985/3393/2682 3178/3651/2860 3187/3649/2869 
f 3187/3649/2869 2990/3388/2687 2985/3393/2682 
f 2983/3381/2680 3173/3632/2855 3178/3637/2860 
f 3178/3637/2860 2985/3383/2682 2983/3381/2680 
f 2924/3301/2622 2923/3300/2621 3173/3632/2855 
f 3173/3632/2855 2983/3381/2680 2924/3301/2622 
f 3104/3547/2801 3296/3805/2973 2850/3227/2559 
f 2850/3227/2559 2849/3226/2558 3104/3547/2801 
f 3109/3552/2806 3298/3807/2975 3296/3805/2973 
f 3296/3805/2973 3104/3547/2801 3109/3552/2806 
f 3123/3569/2820 3303/3812/2980 3298/3817/2975 
f 3298/3817/2975 3109/3571/2806 3123/3569/2820 
f 2861/3238/2570 2860/3237/2569 3303/3812/2980 
f 3303/3812/2980 3123/3569/2820 2861/3238/2570 
f 3091/3526/2788 3324/3844/3001 2863/3240/2572 
f 2863/3240/2572 2862/3239/2571 3091/3526/2788 
f 3086/3531/2783 3315/3846/2992 3324/3844/3001 
f 3324/3844/3001 3091/3526/2788 3086/3531/2783 
f 3084/3519/2781 3310/3827/2987 3315/3832/2992 
f 3315/3832/2992 3086/3521/2783 3084/3519/2781 
f 2877/3254/2582 2876/3253/2581 3310/3827/2987 
f 3310/3827/2987 3084/3519/2781 2877/3254/2582 
f 2837/3214/2545 3334/3861/1273 3333/3859/3007 
f 3333/3859/3007 2834/3211/2526 2837/3214/2545 
f 3334/3861/1273 3335/3862/3008 3332/3860/3006 
f 3332/3860/3006 3333/3859/3007 3334/3861/1273 
f 3335/3863/3008 3336/3864/3005 3331/3857/3005 
f 3331/3857/3005 3332/3858/3006 3335/3863/3008 
f 3336/3864/3005 2864/3241/2573 2867/3244/2574 
f 2867/3244/2574 3331/3857/3005 3336/3864/3005 
f 2905/3282/2604 3337/3865/3004 3327/3852/3004 
f 3327/3852/3004 2914/3291/2613 2905/3282/2604 
f 3337/3865/3004 3338/3866/3009 3326/3853/3003 
f 3326/3853/3003 3327/3852/3004 3337/3865/3004 
f 3338/3867/3009 3339/3868/1231 3325/3850/3002 
f 3325/3850/3002 3326/3851/3003 3338/3867/3009 
f 3339/3868/1231 2836/3213/2548 2835/3212/2547 
f 2835/3212/2547 3325/3850/3002 3339/3868/1231 
f 2917/3294/1249 3328/3854/1249 3340/3869/2534 
f 3340/3869/2534 2902/3279/1249 2917/3294/1249 
f 3328/3854/1249 3329/3855/1249 3341/3870/2534 
f 3341/3870/2534 3340/3869/2534 3328/3854/1249 
f 3329/3855/1249 3330/3856/1249 3342/3871/1249 
f 3342/3871/1249 3341/3870/2534 3329/3855/1249 
f 3330/3856/1249 2821/3198/1249 2815/3192/2534 
f 2815/3192/2534 3342/3871/1249 3330/3856/1249 
f 2865/3242/2531 3149/3600/2826 3126/3577/2823 
f 3126/3577/2823 2866/3243/2539 2865/3242/2531 
f 3149/3600/2826 3144/3595/2540 3128/3579/2824 
f 3128/3579/2824 3126/3577/2823 3149/3600/2826 
f 3144/3595/2540 3142/3593/2531 3133/3584/2827 
f 3133/3584/2827 3128/3579/2824 3144/3595/2540 
f 3142/3593/2531 2852/3229/2561 2855/3232/2564 
f 2855/3232/2564 3133/3584/2827 3142/3593/2531 
f 2853/3230/2562 3096/3534/2793 3118/3564/2815 
f 3118/3564/2815 2854/3231/2563 2853/3230/2562 
f 3096/3534/2793 3094/3539/2791 3120/3566/2817 
f 3120/3566/2817 3118/3564/2815 3096/3534/2793 
f 3094/3529/2791 3092/3527/2789 3122/3568/2819 
f 3122/3568/2819 3120/3573/2817 3094/3529/2791 
f 3092/3527/2789 2862/3239/2571 2861/3238/2570 
f 2861/3238/2570 3122/3568/2819 3092/3527/2789 
f 2858/3235/2567 3308/3820/2985 3319/3836/2996 
f 3319/3836/2996 2909/3286/2608 2858/3235/2567 
f 3308/3820/2985 3306/3824/2983 3321/3838/2998 
f 3321/3838/2998 3319/3836/2996 3308/3820/2985 
f 3306/3815/2983 3304/3813/2981 3323/3843/3000 
f 3323/3843/3000 3321/3848/2998 3306/3815/2983 
f 3304/3813/2981 2860/3237/2569 2863/3240/2572 
f 2863/3240/2572 3323/3843/3000 3304/3813/2981 
f 2807/3184/2526 3343/3872/1273 3344/3873/1273 
f 3344/3873/1273 2832/3209/2545 2807/3184/2526 
f 3343/3872/1273 3345/3874/3010 3346/3875/1257 
f 3346/3875/1257 3344/3873/1273 3343/3872/1273 
f 3345/3876/3010 3347/3877/3011 3348/3878/3011 
f 3348/3878/3011 3346/3879/1257 3345/3876/3010 
f 3347/3877/3011 2820/3197/2538 2901/3278/2538 
f 2901/3278/2538 3348/3878/3011 3347/3877/3011 
f 2885/3262/2588 3202/3672/2884 3166/3617/2848 
f 3166/3617/2848 2884/3261/2587 2885/3262/2588 
f 3202/3672/2884 3200/3677/2882 3168/3619/2850 
f 3168/3619/2850 3166/3617/2848 3202/3672/2884 
f 3200/3667/2882 3198/3665/2880 3170/3624/2852 
f 3170/3624/2852 3168/3629/2850 3200/3667/2882 
f 3198/3665/2880 2912/3289/2611 2911/3288/2610 
f 2911/3288/2610 3170/3624/2852 3198/3665/2880 
f 2819/3196/1237 3349/3880/1237 3350/3881/1237 
f 3350/3881/1237 2900/3277/1237 2819/3196/1237 
f 3349/3880/1237 3351/3882/1237 3352/3883/1237 
f 3352/3883/1237 3350/3881/1237 3349/3880/1237 
f 3351/3882/1237 3353/3884/1237 3354/3885/1237 
f 3354/3885/1237 3352/3883/1237 3351/3882/1237 
f 3353/3884/1237 2869/3246/1237 2826/3203/1237 
f 2826/3203/1237 3354/3885/1237 3353/3884/1237 
f 2913/3290/2612 3218/3696/2899 3182/3641/2864 
f 3182/3641/2864 2910/3287/2609 2913/3290/2612 
f 3218/3696/2899 3216/3701/2897 3184/3643/2866 
f 3184/3643/2866 3182/3641/2864 3218/3696/2899 
f 3216/3691/2897 3214/3689/2895 3186/3648/2868 
f 3186/3648/2868 3184/3653/2866 3216/3691/2897 
f 3214/3689/2895 2920/3297/2618 2919/3296/2617 
f 2919/3296/2617 3186/3648/2868 3214/3689/2895 
f 2921/3298/2619 3042/3459/2741 2991/3389/2688 
f 2991/3389/2688 2918/3295/2616 2921/3298/2619 
f 3042/3459/2741 3040/3464/2739 2993/3391/2690 
f 2993/3391/2690 2991/3389/2688 3042/3459/2741 
f 3040/3457/2739 3038/3455/2737 2995/3396/2693 
f 2995/3396/2693 2993/3401/2690 3040/3457/2739 
f 3038/3455/2737 2814/3191/2533 2879/3256/2584 
f 2879/3256/2584 2995/3396/2693 3038/3455/2737 
f 3221/3704/2902 3238/3729/2919 2880/3257/2553 
f 2880/3257/2553 2883/3260/2586 3221/3704/2902 
f 3226/3709/2907 3240/3731/2921 3238/3729/2919 
f 3238/3729/2919 3221/3704/2902 3226/3709/2907 
f 3235/3721/2916 3245/3736/2925 3240/3741/2921 
f 3240/3741/2921 3226/3723/2907 3235/3721/2916 
f 2886/3263/2589 2889/3266/2592 3245/3736/2925 
f 3245/3736/2925 3235/3721/2916 2886/3263/2589 
f 3274/3778/2952 3259/3755/2937 2882/3259/2585 
f 2882/3259/2585 2881/3258/2554 3274/3778/2952 
f 3279/3783/2957 3261/3757/2939 3259/3755/2937 
f 3259/3755/2937 3274/3778/2952 3279/3783/2957 
f 3293/3800/2970 3266/3762/2944 3261/3767/2939 
f 3261/3767/2939 3279/3802/2957 3293/3800/2970 
f 2818/3195/2537 2817/3194/2536 3266/3762/2944 
f 3266/3762/2944 3293/3800/2970 2818/3195/2537 
f 2952/3337/2649 3006/3410/2705 2888/3265/2591 
f 2888/3265/2591 2887/3264/2590 2952/3337/2649 
f 2947/3342/3012 2987/3412/2684 3006/3410/2705 
f 3006/3410/2705 2952/3337/2649 2947/3342/3012 
f 2945/3330/2642 2982/3380/2679 2987/3385/2684 
f 2987/3385/2684 2947/3332/3012 2945/3330/2642 
f 2925/3302/2623 2924/3301/2622 2982/3380/2679 
f 2982/3380/2679 2945/3330/2642 2925/3302/2623 
f 3008/3414/2707 3025/3439/2724 2873/3250/2578 
f 2873/3250/2578 2872/3249/2577 3008/3414/2707 
f 3013/3419/3013 3027/3441/2726 3025/3439/2724 
f 3025/3439/2724 3008/3414/2707 3013/3419/3013 
f 3022/3431/2721 3032/3446/2731 3027/3451/2726 
f 3027/3451/2726 3013/3433/3013 3022/3431/2721 
f 2904/3281/2603 2903/3280/2602 3032/3446/2731 
f 3032/3446/2731 3022/3431/2721 2904/3281/2603 
f 3197/3664/2879 3219/3697/2900 2913/3290/2612 
f 2913/3290/2612 2912/3289/2611 3197/3664/2879 
f 3192/3669/2874 3210/3699/2891 3219/3697/2900 
f 3219/3697/2900 3197/3664/2879 3192/3669/2874 
f 3190/3657/2872 3205/3680/2886 3210/3685/2891 
f 3210/3685/2891 3192/3659/2874 3190/3657/2872 
f 2871/3248/2576 2870/3247/2575 3205/3680/2886 
f 3205/3680/2886 3190/3657/2872 2871/3248/2576 
f 3181/3640/2863 3171/3625/2853 2911/3288/2610 
f 2911/3288/2610 2910/3287/2609 3181/3640/2863 
f 3176/3645/2858 3162/3627/2844 3171/3625/2853 
f 3171/3625/2853 3181/3640/2863 3176/3645/2858 
f 3174/3633/2856 3157/3608/2839 3162/3613/2844 
f 3162/3613/2844 3176/3635/2858 3174/3633/2856 
f 2923/3300/2621 2922/3299/2620 3157/3608/2839 
f 3157/3608/2839 3174/3633/2856 2923/3300/2621 
f 2974/3367/2671 2937/3314/2634 2897/3274/2599 
f 2897/3274/2599 2896/3273/2598 2974/3367/2671 
f 2972/3372/2669 2939/3316/2636 2937/3314/2634 
f 2937/3314/2634 2974/3367/2671 2972/3372/2669 
f 2970/3363/2667 2941/3321/2638 2939/3326/2636 
f 2939/3326/2636 2972/3365/2669 2970/3363/2667 
f 2916/3293/2615 2915/3292/2614 2941/3321/2638 
f 2941/3321/2638 2970/3363/2667 2916/3293/2615 
f 3059/3484/2758 3076/3509/2775 2895/3272/2597 
f 2895/3272/2597 2894/3271/2596 3059/3484/2758 
f 3057/3489/2756 3078/3511/2776 3076/3509/2775 
f 3076/3509/2775 3059/3484/2758 3057/3489/2756 
f 3055/3477/2754 3080/3513/2777 3078/3516/2776 
f 3078/3516/2776 3057/3479/2756 3055/3477/2754 
f 2891/3268/2593 2890/3267/2528 3080/3513/2777 
f 3080/3513/2777 3055/3477/2754 2891/3268/2593 
f 3339/3868/1231 3017/3423/2716 2833/3210/2546 
f 2833/3210/2546 2836/3213/2548 3339/3868/1231 
f 3338/3867/3009 3019/3425/2718 3017/3423/2716 
f 3017/3423/2716 3339/3868/1231 3338/3867/3009 
f 3337/3865/3004 3021/3430/2720 3019/3435/2718 
f 3019/3435/2718 3338/3866/3009 3337/3865/3004 
f 2905/3282/2604 2904/3281/2603 3021/3430/2720 
f 3021/3430/2720 3337/3865/3004 2905/3282/2604 
f 3340/3869/2534 3033/3447/2732 2903/3280/2602 
f 2903/3280/2602 2902/3279/1249 3340/3869/2534 
f 3341/3870/2534 3035/3449/2734 3033/3447/2732 
f 3033/3447/2732 3340/3869/2534 3341/3870/2534 
f 3342/3871/1249 3037/3454/2736 3035/3449/2734 
f 3035/3449/2734 3341/3870/2534 3342/3871/1249 
f 2815/3192/2534 2814/3191/2533 3037/3454/2736 
f 3037/3454/2736 3342/3871/1249 2815/3192/2534 
f 3336/3864/3005 3348/3878/3011 2901/3278/2538 
f 2901/3278/2538 2864/3241/2573 3336/3864/3005 
f 3335/3863/3008 3346/3879/1257 3348/3878/3011 
f 3348/3878/3011 3336/3864/3005 3335/3863/3008 
f 3334/3861/1273 3344/3873/1273 3346/3875/1257 
f 3346/3875/1257 3335/3862/3008 3334/3861/1273 
f 2837/3214/2545 2832/3209/2545 3344/3873/1273 
f 3344/3873/1273 3334/3861/1273 2837/3214/2545 
f 3154/3605/2540 3354/3885/1237 2826/3203/1237 
f 2826/3203/1237 2825/3202/2540 3154/3605/2540 
f 3152/3603/464 3352/3883/1237 3354/3885/1237 
f 3354/3885/1237 3154/3605/2540 3152/3603/464 
f 3150/3601/2826 3350/3881/1237 3352/3883/1237 
f 3352/3883/1237 3152/3603/464 3150/3601/2826 
f 2865/3242/2531 2900/3277/1237 3350/3881/1237 
f 3350/3881/1237 3150/3601/2826 2865/3242/2531 
f 3292/3799/2969 3349/3880/1237 2819/3196/1237 
f 2819/3196/1237 2818/3195/2537 3292/3799/2969 
f 3290/3794/2967 3351/3882/1237 3349/3880/1237 
f 3349/3880/1237 3292/3799/2969 3290/3794/2967 
f 3288/3792/2965 3353/3884/1237 3351/3882/1237 
f 3351/3882/1237 3290/3794/2967 3288/3792/2965 
f 2906/3283/2605 2869/3246/1237 3353/3884/1237 
f 3353/3884/1237 3288/3792/2965 2906/3283/2605 
f 3347/3877/3011 3267/3763/2945 2817/3194/2536 
f 2817/3194/2536 2820/3197/2538 3347/3877/3011 
f 3345/3876/3010 3269/3765/2947 3267/3763/2945 
f 3267/3763/2945 3347/3877/3011 3345/3876/3010 
f 3343/3872/1273 3271/3770/2949 3269/3775/2947 
f 3269/3775/2947 3345/3874/3010 3343/3872/1273 
f 2807/3184/2526 2806/3183/2525 3271/3770/2949 
f 3271/3770/2949 3343/3872/1273 2807/3184/2526 
f 3250/3744/2930 3001/3405/2700 2840/3217/2551 
f 2840/3217/2551 2839/3216/2550 3250/3744/2930 
f 3248/3739/2928 3003/3407/2702 3001/3405/2700 
f 3001/3405/2700 3250/3744/2930 3248/3739/2928 
f 3246/3737/2926 3005/3409/2704 3003/3407/2702 
f 3003/3407/2702 3248/3739/2928 3246/3737/2926 
f 2889/3266/2592 2888/3265/2591 3005/3409/2704 
f 3005/3409/2704 3246/3737/2926 2889/3266/2592 
f 3234/3720/2915 2953/3338/2650 2887/3264/2590 
f 2887/3264/2590 2886/3263/2589 3234/3720/2915 
f 3232/3725/2913 2955/3340/2652 2953/3338/2650 
f 2953/3338/2650 3234/3720/2915 3232/3725/2913 
f 3230/3713/2911 2957/3345/2654 2955/3350/2652 
f 2955/3350/2652 3232/3715/2913 3230/3713/2911 
f 2805/3182/2524 2808/3185/2527 2957/3345/2654 
f 2957/3345/2654 3230/3713/2911 2805/3182/2524 
f 3138/3589/2831 3113/3556/2810 2893/3270/2595 
f 2893/3270/2595 2811/3188/2530 3138/3589/2831 
f 3136/3587/2830 3115/3558/2812 3113/3556/2810 
f 3113/3556/2810 3138/3589/2831 3136/3587/2830 
f 3134/3585/2828 3117/3563/2814 3115/3558/2812 
f 3115/3558/2812 3136/3587/2830 3134/3585/2828 
f 2855/3232/2564 2854/3231/2563 3117/3563/2814 
f 3117/3563/2814 3134/3585/2828 2855/3232/2564 
f 3101/3542/2798 3155/3606/2540 2825/3202/2540 
f 2825/3202/2540 2899/3276/2601 3101/3542/2798 
f 3099/3537/2796 3146/3597/2835 3155/3606/2540 
f 3155/3606/2540 3101/3542/2798 3099/3537/2796 
f 3097/3535/2794 3141/3592/2540 3146/3597/2835 
f 3146/3597/2835 3099/3537/2796 3097/3535/2794 
f 2853/3230/2562 2852/3229/2561 3141/3592/2540 
f 3141/3592/2540 3097/3535/2794 2853/3230/2562 
f 3355/3886/3014 3300/3822/2977 2857/3234/2566 
f 2857/3234/2566 2856/3233/2565 3355/3886/3014 
f 3356/3887/3015 3295/3804/2972 3300/3809/2977 
f 3300/3809/2977 3355/3888/3014 3356/3887/3015 
f 2851/3228/2560 2850/3227/2559 3295/3804/2972 
f 3295/3804/2972 3356/3887/3015 2851/3228/2560 
f 3357/3889/3016 3105/3548/2802 2849/3226/2558 
f 2849/3226/2558 2848/3225/2557 3357/3889/3016 
f 3358/3890/3017 3107/3550/2804 3105/3548/2802 
f 3105/3548/2802 3357/3889/3016 3358/3890/3017 
f 3359/3891/3018 3112/3555/2809 3107/3560/2804 
f 3107/3560/2804 3358/3892/3017 3359/3891/3018 
f 2892/3269/2594 2893/3270/2595 3112/3555/2809 
f 3112/3555/2809 3359/3891/3018 2892/3269/2594 
f 3360/3893/3019 2996/3397/2694 2879/3256/2584 
f 2879/3256/2584 2878/3255/2583 3360/3893/3019 
f 3361/3894/3020 2998/3399/2696 2996/3397/2694 
f 2996/3397/2694 3360/3893/3019 3361/3894/3020 
f 3362/3895/3021 3000/3404/2699 2998/3399/2696 
f 2998/3399/2696 3361/3894/3020 3362/3895/3021 
f 2841/3218/2552 2840/3217/2551 3000/3404/2699 
f 3000/3404/2699 3362/3895/3021 2841/3218/2552 
f 3363/3896/3022 2980/3376/2677 2828/3205/2541 
f 2828/3205/2541 2831/3208/2544 3363/3896/3022 
f 3364/3897/3023 2966/3378/2663 2980/3376/2677 
f 2980/3376/2677 3363/3896/3022 3364/3897/3023 
f 3365/3898/2667 2960/3353/2657 2966/3359/2663 
f 2966/3359/2663 3364/3899/3023 3365/3898/2667 
f 3366/3900/3024 2961/3354/2658 2960/3353/2657 
f 2960/3353/2657 3365/3898/2667 3366/3900/3024 
f 3367/3901/3025 3283/3787/2961 2844/3221/2555 
f 2844/3221/2555 2843/3220/2554 3367/3901/3025 
f 3368/3902/3026 3285/3789/2962 3283/3787/2961 
f 3283/3787/2961 3367/3901/3025 3368/3902/3026 
f 3369/3903/3027 3287/3791/2964 3285/3796/2962 
f 3285/3796/2962 3368/3904/3026 3369/3903/3027 
f 2907/3284/2606 2906/3283/2605 3287/3791/2964 
f 3287/3791/2964 3369/3903/3027 2907/3284/2606 
f 3370/3905/3028 2908/3285/2607 2909/3286/2608 
f 2909/3286/2608 3318/3835/2995 3370/3905/3028 
f 3371/3906/3029 3370/3905/3028 3318/3835/2995 
f 3318/3835/2995 3313/3840/2990 3371/3906/3029 
f 3372/3907/3030 3371/3908/3029 3313/3830/2990 
f 3313/3830/2990 3311/3828/2988 3372/3907/3030 
f 2875/3252/2580 3372/3907/3030 3311/3828/2988 
f 3311/3828/2988 2876/3253/2581 2875/3252/2580 
f 3373/3909/3031 2874/3251/2579 2877/3254/2582 
f 2877/3254/2582 3083/3518/2780 3373/3909/3031 
f 3374/3910/3032 3373/3909/3031 3083/3518/2780 
f 3083/3518/2780 3088/3523/2785 3374/3910/3032 
f 3375/3911/3033 3374/3912/3032 3088/3545/2785 
f 3088/3545/2785 3102/3543/2799 3375/3911/3033 
f 2898/3275/2600 3375/3911/3033 3102/3543/2799 
f 3102/3543/2799 2899/3276/2601 2898/3275/2600 
f 3376/3913/2919 2842/3219/2553 2845/3222/2556 
f 2845/3222/2556 3255/3749/2933 3376/3913/2919 
f 3377/3914/2921 3376/3913/2919 3255/3749/2933 
f 3255/3749/2933 3253/3752/2932 3377/3914/2921 
f 3378/3915/3034 3377/3916/2921 3253/3747/2932 
f 3253/3747/2932 3251/3745/2931 3378/3915/3034 
f 2838/3215/2549 3378/3915/3034 3251/3745/2931 
f 3251/3745/2931 2839/3216/2550 2838/3215/2549 
f 3379/3917/3035 2830/3207/2543 2829/3206/2542 
f 2829/3206/2542 3070/3500/2769 3379/3917/3035 
f 3380/3918/3036 3379/3917/3035 3070/3500/2769 
f 3070/3500/2769 3065/3505/2764 3380/3918/3036 
f 3381/3919/3037 3380/3920/3036 3065/3495/2764 
f 3065/3495/2764 3063/3493/2762 3381/3919/3037 
f 2809/3186/2528 3381/3919/3037 3063/3493/2762 
f 3063/3493/2762 2810/3187/2529 2809/3186/2528 
f 3382/3921/1249 2821/3198/1249 2961/3354/2658 
f 2961/3354/2658 3366/3900/3024 3382/3921/1249 
f 3045/3467/2744 2929/3306/2626 2928/3305/2588 
f 2928/3305/2588 3046/3468/2745 3045/3467/2744 
f 3051/3473/2750 2931/3308/2628 2929/3306/2626 
f 2929/3306/2626 3045/3467/2744 3051/3473/2750 
f 3060/3485/2759 2936/3313/2633 2931/3318/2628 
f 2931/3318/2628 3051/3487/2750 3060/3485/2759 
f 2894/3271/2596 2897/3274/2599 2936/3313/2633 
f 2936/3313/2633 3060/3485/2759 2894/3271/2596 
f 3075/3508/2774 2975/3368/2672 2896/3273/2598 
f 2896/3273/2598 2895/3272/2597 3075/3508/2774 
f 3073/3503/2772 2977/3370/2674 2975/3368/2672 
f 2975/3368/2672 3075/3508/2774 3073/3503/2772 
f 3071/3501/2770 2979/3375/2676 2977/3370/2674 
f 2977/3370/2674 3073/3503/2772 3071/3501/2770 
f 2829/3206/2542 2828/3205/2541 2979/3375/2676 
f 2979/3375/2676 3071/3501/2770 2829/3206/2542 
f 3258/3754/2936 3222/3705/2903 2883/3260/2586 
f 2883/3260/2586 2882/3259/2585 3258/3754/2936 
f 3263/3759/2941 3224/3707/2905 3222/3705/2903 
f 3222/3705/2903 3258/3754/2936 3263/3759/2941 
f 3272/3771/2950 3229/3712/2910 3224/3717/2905 
f 3224/3717/2905 3263/3773/2941 3272/3771/2950 
f 2806/3183/2525 2805/3182/2524 3229/3712/2910 
f 3229/3712/2910 3272/3771/2950 2806/3183/2525 
f 3282/3786/2960 3256/3750/2934 2845/3222/2556 
f 2845/3222/2556 2844/3221/2555 3282/3786/2960 
f 3277/3781/2955 3242/3733/2922 3256/3750/2934 
f 3256/3750/2934 3282/3786/2960 3277/3781/2955 
f 3275/3779/2953 3237/3728/2918 3242/3733/2922 
f 3242/3733/2922 3277/3781/2955 3275/3779/2953 
f 2881/3258/2554 2880/3257/2553 3237/3728/2918 
f 3237/3728/2918 3275/3779/2953 2881/3258/2554 
f 3046/3468/2745 2928/3305/2588 2835/3212/2547 
f 2835/3212/2547 2834/3211/2526 3046/3468/2745 
f 3383/3922/3038 3384/3923/3039 3385/3924/3040 
f 3385/3924/3040 3386/3925/3041 3383/3922/3038 
f 3387/3926/1237 3388/3927/2605 3389/3928/3042 
f 3389/3928/3042 3390/3929/3043 3387/3926/1237 
f 2846/3223/1249 2847/3224/1249 3382/3921/1249 
f 3382/3921/1249 2816/3193/2535 2846/3223/1249 
f 3391/3930/3044 3392/3931/3045 3385/3924/3040 
f 3385/3924/3040 3384/3923/3039 3391/3930/3044 
f 3393/3932/3046 3394/3933/3047 3395/3934/3040 
f 3395/3934/3040 3396/3935/3045 3393/3932/3046 
f 3397/3936/3048 3398/3937/3049 3399/3938/2561 
f 3399/3938/2561 3400/3939/3050 3397/3936/3048 
f 3401/3940/3051 3402/3941/3052 3403/3942/3053 
f 3403/3942/3053 3404/3943/3054 3401/3940/3051 
f 3405/3944/2539 3406/3945/2530 3407/3946/3055 
f 3407/3946/3055 3408/3947/3056 3405/3944/2539 
f 3409/3948/3057 3410/3949/3058 3411/3950/3059 
f 3411/3950/3059 3412/3951/3060 3409/3948/3057 
f 3413/3952/3061 3414/3953/2555 3415/3954/2556 
f 3415/3954/2556 3416/3955/3062 3413/3952/3061 
f 3391/3930/3044 3384/3923/3039 3417/3956/3063 
f 3417/3956/3063 3418/3957/2618 3391/3930/3044 
f 3419/3958/3064 3420/3959/3065 3421/3960/3066 
f 3421/3960/3066 3422/3961/3067 3419/3958/3064 
f 3423/3962/3068 3405/3944/2539 3408/3947/3056 
f 3408/3947/3056 3424/3963/3069 3423/3962/3068 
f 3425/3964/3070 3426/3965/3071 3427/3966/3072 
f 3427/3966/3072 3428/3967/3073 3425/3964/3070 
f 3407/3946/3055 3406/3945/2530 3429/3968/1237 
f 3429/3968/1237 3430/3969/3043 3407/3946/3055 
f 3429/3968/1237 3387/3926/1237 3390/3929/3043 
f 3390/3929/3043 3430/3969/3043 3429/3968/1237 
f 3431/3970/3074 3432/3971/3075 3433/3972/1249 
f 3433/3972/1249 3434/3973/3076 3431/3970/3074 
f 3435/3974/3077 3436/3975/2609 3437/3976/3078 
f 3437/3976/3078 3438/3977/2611 3435/3974/3077 
f 3439/3978/3079 3440/3979/3080 3441/3980/3081 
f 3441/3980/3081 3442/3981/1249 3439/3978/3079 
f 3442/3981/1249 3441/3980/3081 3434/3973/3076 
f 3434/3973/3076 3433/3972/1249 3442/3981/1249 
f 3443/3982/2588 3444/3983/2587 3445/3984/3082 
f 3445/3984/3082 3446/3985/3083 3443/3982/2588 
f 3392/3931/3045 3391/3930/3044 3393/3932/3046 
f 3393/3932/3046 3396/3935/3045 3392/3931/3045 
f 3447/3986/3084 3448/3987/3085 3449/3988/3086 
f 3449/3988/3086 3450/3989/3087 3447/3986/3084 
f 3451/3990/3088 3452/3991/3089 3453/3992/2618 
f 3453/3992/2618 3454/3993/3090 3451/3990/3088 
f 3455/3994/3091 3456/3995/3092 3452/3991/3089 
f 3452/3991/3089 3451/3990/3088 3455/3994/3091 
f 3457/3996/3093 3451/3990/3088 3454/3993/3090 
f 3454/3993/3090 3458/3997/3094 3457/3996/3093 
f 3459/3998/3095 3455/3994/3091 3451/3990/3088 
f 3451/3990/3088 3457/3996/3093 3459/3998/3095 
f 3460/3999/3096 3461/4000/3097 3428/3967/3073 
f 3428/3967/3073 3462/4001/3098 3460/3999/3096 
f 3463/4002/3099 3464/4003/3100 3461/4000/3097 
f 3461/4000/3097 3460/3999/3096 3463/4002/3099 
f 3455/4004/3091 3460/3999/3096 3462/4001/3098 
f 3462/4001/3098 3456/4005/3092 3455/4004/3091 
f 3459/4006/3095 3463/4002/3099 3460/3999/3096 
f 3460/3999/3096 3455/4004/3091 3459/4006/3095 
f 3465/4007/3101 3466/4008/3102 3440/3979/3080 
f 3440/3979/3080 3467/4009/3103 3465/4007/3101 
f 3457/4010/3093 3458/4011/3094 3466/4008/3102 
f 3466/4008/3102 3465/4007/3101 3457/4010/3093 
f 3463/4012/3099 3465/4007/3101 3467/4009/3103 
f 3467/4009/3103 3464/4013/3100 3463/4012/3099 
f 3459/4014/3095 3457/4010/3093 3465/4007/3101 
f 3465/4007/3101 3463/4012/3099 3459/4014/3095 
f 3468/4015/3104 3469/4016/3105 3450/3989/3087 
f 3450/3989/3087 3470/4017/3106 3468/4015/3104 
f 3471/4018/3107 3472/4019/3108 3469/4016/3105 
f 3469/4016/3105 3468/4015/3104 3471/4018/3107 
f 3473/4020/3109 3468/4015/3104 3470/4017/3106 
f 3470/4017/3106 3474/4021/3110 3473/4020/3109 
f 3475/4022/3111 3471/4018/3107 3468/4015/3104 
f 3468/4015/3104 3473/4020/3109 3475/4022/3111 
f 3476/4023/3112 3477/4024/3113 3420/3959/3065 
f 3420/3959/3065 3478/4025/3114 3476/4023/3112 
f 3479/4026/3115 3480/4027/3116 3477/4024/3113 
f 3477/4024/3113 3476/4023/3112 3479/4026/3115 
f 3471/4028/3107 3476/4023/3112 3478/4025/3114 
f 3478/4025/3114 3472/4029/3108 3471/4028/3107 
f 3475/4030/3111 3479/4026/3115 3476/4023/3112 
f 3476/4023/3112 3471/4028/3107 3475/4030/3111 
f 3481/4031/3117 3482/4032/3118 3384/3923/3039 
f 3384/3923/3039 3483/4033/3119 3481/4031/3117 
f 3473/4034/3109 3474/4035/3110 3482/4032/3118 
f 3482/4032/3118 3481/4031/3117 3473/4034/3109 
f 3479/4036/3115 3481/4031/3117 3483/4033/3119 
f 3483/4033/3119 3480/4037/3116 3479/4036/3115 
f 3475/4038/3111 3473/4034/3109 3481/4031/3117 
f 3481/4031/3117 3479/4036/3115 3475/4038/3111 
f 3484/4039/3120 3485/4040/3121 3366/3900/3024 
f 3366/3900/3024 3365/3898/2667 3484/4039/3120 
f 3486/4041/2660 3487/4042/2661 3485/4040/3121 
f 3485/4040/3121 3484/4039/3120 3486/4041/2660 
f 3488/4043/2669 3484/4039/3120 3365/3898/2667 
f 3365/3898/2667 3364/3899/3023 3488/4043/2669 
f 3489/4044/3122 3486/4041/2660 3484/4039/3120 
f 3484/4039/3120 3488/4043/2669 3489/4044/3122 
f 3490/4045/2656 3491/4046/2667 3439/3978/3079 
f 3439/3978/3079 3492/4047/2659 3490/4045/2656 
f 3493/4048/2662 3494/4049/3123 3491/4046/2667 
f 3491/4046/2667 3490/4045/2656 3493/4048/2662 
f 3486/4041/2660 3490/4045/2656 3492/4047/2659 
f 3492/4047/2659 3487/4042/2661 3486/4041/2660 
f 3489/4044/3122 3493/4048/2662 3490/4045/2656 
f 3490/4045/2656 3486/4041/2660 3489/4044/3122 
f 3495/4050/2675 3496/4051/3124 3425/3964/3070 
f 3425/3964/3070 3497/4052/3125 3495/4050/2675 
f 3498/4053/3126 3499/4054/3127 3496/4051/3124 
f 3496/4051/3124 3495/4050/2675 3498/4053/3126 
f 3493/4055/2662 3495/4050/2675 3497/4052/3125 
f 3497/4052/3125 3494/4056/3123 3493/4055/2662 
f 3489/4057/3122 3498/4053/3126 3495/4050/2675 
f 3495/4050/2675 3493/4055/2662 3489/4057/3122 
f 3500/4058/3128 3363/3896/3022 2831/3208/2544 
f 2831/3208/2544 3501/4059/2672 3500/4058/3128 
f 3488/4060/2669 3364/3897/3023 3363/3896/3022 
f 3363/3896/3022 3500/4058/3128 3488/4060/2669 
f 3498/4053/3126 3500/4058/3128 3501/4059/2672 
f 3501/4059/2672 3499/4054/3127 3498/4053/3126 
f 3489/4057/3122 3488/4060/2669 3500/4058/3128 
f 3500/4058/3128 3498/4053/3126 3489/4057/3122 
f 3502/4061/3129 3503/4062/3130 3447/3986/3084 
f 3447/3986/3084 3504/4063/3131 3502/4061/3129 
f 3505/4064/3132 3506/4065/3133 3503/4062/3130 
f 3503/4062/3130 3502/4061/3129 3505/4064/3132 
f 3507/4066/3134 3502/4061/3129 3504/4063/3131 
f 3504/4063/3131 3508/4067/3135 3507/4066/3134 
f 3509/4068/3136 3505/4064/3132 3502/4061/3129 
f 3502/4061/3129 3507/4066/3134 3509/4068/3136 
f 3510/4069/3137 3511/4070/3138 3445/3984/3082 
f 3445/3984/3082 3512/4071/3139 3510/4069/3137 
f 3513/4072/3140 3514/4073/3141 3511/4070/3138 
f 3511/4070/3138 3510/4069/3137 3513/4072/3140 
f 3505/4074/3132 3510/4069/3137 3512/4071/3139 
f 3512/4071/3139 3506/4075/3133 3505/4074/3132 
f 3509/4076/3142 3513/4072/3140 3510/4069/3137 
f 3510/4069/3137 3505/4074/3132 3509/4076/3142 
f 3515/4077/3143 3360/3893/3019 2878/3255/2583 
f 2878/3255/2583 3516/4078/3144 3515/4077/3143 
f 3517/4079/3145 3361/3894/3020 3360/3893/3019 
f 3360/3893/3019 3515/4077/3143 3517/4079/3145 
f 3513/4080/3140 3515/4077/3143 3516/4078/3144 
f 3516/4078/3144 3514/4081/3141 3513/4080/3140 
f 3509/4082/3146 3517/4079/3145 3515/4077/3143 
f 3515/4077/3143 3513/4080/3140 3509/4082/3146 
f 3518/4083/3147 3519/4084/3148 2841/3218/2552 
f 2841/3218/2552 3362/3895/3021 3518/4083/3147 
f 3520/4085/3149 3521/4086/3150 3519/4084/3148 
f 3519/4084/3148 3518/4083/3147 3520/4085/3149 
f 3517/4079/3145 3518/4083/3147 3362/3895/3021 
f 3362/3895/3021 3361/3894/3020 3517/4079/3145 
f 3509/4082/3146 3520/4085/3149 3518/4083/3147 
f 3518/4083/3147 3517/4079/3145 3509/4082/3146 
f 3522/4087/3151 3523/4088/3152 3419/3958/3064 
f 3419/3958/3064 3524/4089/3153 3522/4087/3151 
f 3507/4090/3134 3508/4091/3135 3523/4088/3152 
f 3523/4088/3152 3522/4087/3151 3507/4090/3134 
f 3520/4085/3149 3522/4087/3151 3524/4089/3153 
f 3524/4089/3153 3521/4086/3150 3520/4085/3149 
f 3509/4082/3146 3507/4090/3134 3522/4087/3151 
f 3522/4087/3151 3520/4085/3149 3509/4082/3146 
f 3525/4092/3154 3526/4093/3155 3409/3948/3057 
f 3409/3948/3057 3527/4094/3156 3525/4092/3154 
f 3528/4095/3157 3529/4096/3158 3526/4093/3155 
f 3526/4093/3155 3525/4092/3154 3528/4095/3157 
f 3530/4097/3159 3525/4092/3154 3527/4094/3156 
f 3527/4094/3156 3531/4098/3160 3530/4097/3159 
f 3532/4099/3161 3528/4095/3157 3525/4092/3154 
f 3525/4092/3154 3530/4097/3159 3532/4099/3161 
f 3533/4100/3162 3534/4101/3163 3391/3930/3044 
f 3391/3930/3044 3535/4102/3164 3533/4100/3162 
f 3536/4103/3165 3537/4104/3166 3534/4101/3163 
f 3534/4101/3163 3533/4100/3162 3536/4103/3165 
f 3528/4105/3157 3533/4100/3162 3535/4102/3164 
f 3535/4102/3164 3529/4106/3158 3528/4105/3157 
f 3532/4107/3161 3536/4103/3165 3533/4100/3162 
f 3533/4100/3162 3528/4105/3157 3532/4107/3161 
f 3538/4108/3167 3539/4109/3168 3431/3970/3074 
f 3431/3970/3074 3540/4110/3169 3538/4108/3167 
f 3530/4111/3159 3531/4112/3160 3539/4109/3168 
f 3539/4109/3168 3538/4108/3167 3530/4111/3159 
f 3536/4113/3165 3538/4108/3167 3540/4110/3169 
f 3540/4110/3169 3537/4114/3166 3536/4113/3165 
f 3532/4115/3161 3530/4111/3159 3538/4108/3167 
f 3538/4108/3167 3536/4113/3165 3532/4115/3161 
f 3541/4116/3170 3542/4117/3171 3412/3951/3060 
f 3412/3951/3060 3543/4118/3172 3541/4116/3170 
f 3544/4119/3173 3545/4120/3174 3542/4117/3171 
f 3542/4117/3171 3541/4116/3170 3544/4119/3173 
f 3546/4121/3175 3541/4116/3170 3543/4118/3172 
f 3543/4118/3172 3547/4122/3176 3546/4121/3175 
f 3548/4123/3177 3544/4119/3173 3541/4116/3170 
f 3541/4116/3170 3546/4121/3175 3548/4123/3177 
f 3549/4124/3178 3550/4125/3179 3432/3971/3075 
f 3432/3971/3075 3551/4126/3180 3549/4124/3178 
f 3552/4127/3181 3553/4128/3182 3550/4125/3179 
f 3550/4125/3179 3549/4124/3178 3552/4127/3181 
f 3544/4129/3173 3549/4124/3178 3551/4126/3180 
f 3551/4126/3180 3545/4130/3174 3544/4129/3173 
f 3548/4131/3177 3552/4127/3181 3549/4124/3178 
f 3549/4124/3178 3544/4129/3173 3548/4131/3177 
f 3554/4132/3183 3555/4133/3184 2813/3190/2532 
f 2813/3190/2532 3556/4134/3185 3554/4132/3183 
f 3557/4135/3186 3558/4136/3187 3555/4133/3184 
f 3555/4133/3184 3554/4132/3183 3557/4135/3186 
f 3552/4127/3181 3554/4132/3183 3556/4134/3185 
f 3556/4134/3185 3553/4128/3182 3552/4127/3181 
f 3548/4131/3177 3557/4135/3186 3554/4132/3183 
f 3554/4132/3183 3552/4127/3181 3548/4131/3177 
f 3559/4137/3188 3560/4138/3189 3446/3985/3083 
f 3446/3985/3083 3561/4139/3190 3559/4137/3188 
f 3546/4140/3175 3547/4141/3176 3560/4138/3189 
f 3560/4138/3189 3559/4137/3188 3546/4140/3175 
f 3557/4142/3186 3559/4137/3188 3561/4139/3190 
f 3561/4139/3190 3558/4143/3187 3557/4142/3186 
f 3548/4144/3177 3546/4140/3175 3559/4137/3188 
f 3559/4137/3188 3557/4142/3186 3548/4144/3177 
f 3562/4145/3191 3563/4146/3192 3564/4147/3193 
f 3564/4147/3193 3565/4148/3194 3562/4145/3191 
f 3566/4149/3195 3567/4150/3196 3563/4146/3192 
f 3563/4146/3192 3562/4145/3191 3566/4149/3195 
f 3568/4151/3197 3562/4145/3191 3565/4148/3194 
f 3565/4148/3194 3569/4152/3198 3568/4151/3197 
f 3570/4153/3199 3566/4149/3195 3562/4145/3191 
f 3562/4145/3191 3568/4151/3197 3570/4153/3199 
f 3571/4154/3200 3572/4155/3201 3424/3963/3069 
f 3424/3963/3069 3573/4156/3202 3571/4154/3200 
f 3574/4157/3203 3575/4158/3204 3572/4155/3201 
f 3572/4155/3201 3571/4154/3200 3574/4157/3203 
f 3566/4159/3195 3571/4154/3200 3573/4156/3202 
f 3573/4156/3202 3567/4160/3196 3566/4159/3195 
f 3570/4161/3199 3574/4157/3203 3571/4154/3200 
f 3571/4154/3200 3566/4159/3195 3570/4161/3199 
f 3576/4162/3205 3577/4163/3206 3427/3966/3072 
f 3427/3966/3072 3578/4164/3207 3576/4162/3205 
f 3568/4165/3197 3569/4166/3198 3577/4163/3206 
f 3577/4163/3206 3576/4162/3205 3568/4165/3197 
f 3574/4167/3203 3576/4162/3205 3578/4164/3207 
f 3578/4164/3207 3575/4168/3204 3574/4167/3203 
f 3570/4169/3199 3568/4165/3197 3576/4162/3205 
f 3576/4162/3205 3574/4167/3203 3570/4169/3199 
f 3579/4170/3208 3381/3919/3037 2809/3186/2528 
f 2809/3186/2528 3580/4171/3209 3579/4170/3208 
f 3581/4172/3210 3380/3920/3036 3381/3919/3037 
f 3381/3919/3037 3579/4170/3208 3581/4172/3210 
f 3582/4173/3211 3579/4170/3208 3580/4171/3209 
f 3580/4171/3209 3583/4174/3212 3582/4173/3211 
f 3584/4175/2767 3581/4172/3210 3579/4170/3208 
f 3579/4170/3208 3582/4173/3211 3584/4175/2767 
f 3585/4176/2768 3586/4177/2774 2830/3207/2543 
f 2830/3207/2543 3379/3917/3035 3585/4176/2768 
f 3587/4178/2771 3588/4179/2772 3586/4177/2774 
f 3586/4177/2774 3585/4176/2768 3587/4178/2771 
f 3581/4180/3210 3585/4176/2768 3379/3917/3035 
f 3379/3917/3035 3380/3918/3036 3581/4180/3210 
f 3584/4181/2767 3587/4178/2771 3585/4176/2768 
f 3585/4176/2768 3581/4180/3210 3584/4181/2767 
f 3589/4182/3213 3590/4183/2775 3426/3965/3071 
f 3426/3965/3071 3591/4184/2770 3589/4182/3213 
f 3592/4185/3214 3593/4186/3214 3590/4183/2775 
f 3590/4183/2775 3589/4182/3213 3592/4185/3214 
f 3587/4178/2771 3589/4182/3213 3591/4184/2770 
f 3591/4184/2770 3588/4179/2772 3587/4178/2771 
f 3584/4181/2767 3592/4185/3214 3589/4182/3213 
f 3589/4182/3213 3587/4178/2771 3584/4181/2767 
f 3594/4187/3211 3595/4188/3215 3423/3962/3068 
f 3423/3962/3068 3596/4189/2777 3594/4187/3211 
f 3582/4173/3211 3583/4174/3212 3595/4188/3215 
f 3595/4188/3215 3594/4187/3211 3582/4173/3211 
f 3592/4190/3214 3594/4187/3211 3596/4189/2777 
f 3596/4189/2777 3593/4191/3214 3592/4190/3214 
f 3584/4175/2767 3582/4173/3211 3594/4187/3211 
f 3594/4187/3211 3592/4190/3214 3584/4175/2767 
f 3597/4192/3216 3598/4193/3217 2874/3251/2579 
f 2874/3251/2579 3373/3909/3031 3597/4192/3216 
f 3599/4194/3218 3600/4195/3219 3598/4193/3217 
f 3598/4193/3217 3597/4192/3216 3599/4194/3218 
f 3601/4196/3220 3597/4192/3216 3373/3909/3031 
f 3373/3909/3031 3374/3910/3032 3601/4196/3220 
f 3602/4197/3221 3599/4194/3218 3597/4192/3216 
f 3597/4192/3216 3601/4196/3220 3602/4197/3221 
f 3603/4198/3222 3604/4199/3223 3401/3940/3051 
f 3401/3940/3051 3605/4200/3224 3603/4198/3222 
f 3606/4201/3225 3607/4202/3226 3604/4199/3223 
f 3604/4199/3223 3603/4198/3222 3606/4201/3225 
f 3599/4203/3218 3603/4198/3222 3605/4200/3224 
f 3605/4200/3224 3600/4204/3219 3599/4203/3218 
f 3602/4205/3221 3606/4201/3225 3603/4198/3222 
f 3603/4198/3222 3599/4203/3218 3602/4205/3221 
f 3608/4206/3227 3609/4207/3228 3398/3937/3049 
f 3398/3937/3049 3610/4208/3229 3608/4206/3227 
f 3611/4209/3230 3612/4210/3231 3609/4207/3228 
f 3609/4207/3228 3608/4206/3227 3611/4209/3230 
f 3606/4211/3225 3608/4206/3227 3610/4208/3229 
f 3610/4208/3229 3607/4212/3226 3606/4211/3225 
f 3602/4213/3221 3611/4209/3230 3608/4206/3227 
f 3608/4206/3227 3606/4211/3225 3602/4213/3221 
f 3613/4214/3232 3375/3911/3033 2898/3275/2600 
f 2898/3275/2600 3614/4215/3233 3613/4214/3232 
f 3601/4216/3220 3374/3912/3032 3375/3911/3033 
f 3375/3911/3033 3613/4214/3232 3601/4216/3220 
f 3611/4209/3230 3613/4214/3232 3614/4215/3233 
f 3614/4215/3233 3612/4210/3231 3611/4209/3230 
f 3602/4213/3221 3601/4216/3220 3613/4214/3232 
f 3613/4214/3232 3611/4209/3230 3602/4213/3221 
f 3615/4217/3234 3357/3889/3016 2848/3225/2557 
f 2848/3225/2557 3616/4218/3235 3615/4217/3234 
f 3617/4219/3236 3358/3890/3017 3357/3889/3016 
f 3357/3889/3016 3615/4217/3234 3617/4219/3236 
f 3618/4220/3237 3615/4217/3234 3616/4218/3235 
f 3616/4218/3235 3619/4221/3238 3618/4220/3237 
f 3620/4222/3239 3617/4219/3236 3615/4217/3234 
f 3615/4217/3234 3618/4220/3237 3620/4222/3239 
f 3621/4223/3240 3622/4224/3241 2892/3269/2594 
f 2892/3269/2594 3359/3891/3018 3621/4223/3240 
f 3623/4225/3242 3624/4226/3243 3622/4224/3241 
f 3622/4224/3241 3621/4223/3240 3623/4225/3242 
f 3617/4227/3236 3621/4223/3240 3359/3891/3018 
f 3359/3891/3018 3358/3892/3017 3617/4227/3236 
f 3620/4228/3239 3623/4225/3242 3621/4223/3240 
f 3621/4223/3240 3617/4227/3236 3620/4228/3239 
f 3625/4229/3244 3626/4230/3245 3397/3936/3048 
f 3397/3936/3048 3627/4231/3246 3625/4229/3244 
f 3628/4232/3247 3629/4233/3248 3626/4230/3245 
f 3626/4230/3245 3625/4229/3244 3628/4232/3247 
f 3623/4225/3242 3625/4229/3244 3627/4231/3246 
f 3627/4231/3246 3624/4226/3243 3623/4225/3242 
f 3620/4228/3239 3628/4232/3247 3625/4229/3244 
f 3625/4229/3244 3623/4225/3242 3620/4228/3239 
f 3630/4234/3249 3631/4235/3250 3402/3941/3052 
f 3402/3941/3052 3632/4236/3251 3630/4234/3249 
f 3618/4237/3237 3619/4238/3238 3631/4235/3250 
f 3631/4235/3250 3630/4234/3249 3618/4237/3237 
f 3628/4239/3247 3630/4234/3249 3632/4236/3251 
f 3632/4236/3251 3629/4240/3248 3628/4239/3247 
f 3620/4241/3239 3618/4237/3237 3630/4234/3249 
f 3630/4234/3249 3628/4239/3247 3620/4241/3239 
f 3633/4242/3252 3634/4243/3253 3405/3944/2539 
f 3405/3944/2539 3635/4244/3254 3633/4242/3252 
f 3636/4245/3255 3637/4246/3255 3634/4243/3253 
f 3634/4243/3253 3633/4242/3252 3636/4245/3255 
f 3638/4247/2540 3633/4242/3252 3635/4244/3254 
f 3635/4244/3254 3639/4248/464 3638/4247/2540 
f 3640/4249/2540 3636/4245/3255 3633/4242/3252 
f 3633/4242/3252 3638/4247/2540 3640/4249/2540 
f 3641/4250/464 3642/4251/3256 3400/3939/3050 
f 3400/3939/3050 3643/4252/3257 3641/4250/464 
f 3644/4253/3258 3645/4254/3259 3642/4251/3256 
f 3642/4251/3256 3641/4250/464 3644/4253/3258 
f 3636/4245/3255 3641/4250/464 3643/4252/3257 
f 3643/4252/3257 3637/4246/3255 3636/4245/3255 
f 3640/4249/2540 3644/4253/3258 3641/4250/464 
f 3641/4250/464 3636/4245/3255 3640/4249/2540 
f 3646/4255/3256 3647/4256/2828 2812/3189/2531 
f 2812/3189/2531 3648/4257/3260 3646/4255/3256 
f 3638/4247/2540 3639/4248/464 3647/4256/2828 
f 3647/4256/2828 3646/4255/3256 3638/4247/2540 
f 3644/4253/3258 3646/4255/3256 3648/4257/3260 
f 3648/4257/3260 3645/4254/3259 3644/4253/3258 
f 3640/4249/2540 3638/4247/2540 3646/4255/3256 
f 3646/4255/3256 3644/4253/3258 3640/4249/2540 
f 3649/4258/1237 3650/4259/3261 3399/3938/2561 
f 3399/3938/2561 3651/4260/3262 3649/4258/1237 
f 3652/4261/3263 3653/4262/2539 3650/4259/3261 
f 3650/4259/3261 3649/4258/1237 3652/4261/3263 
f 3654/4263/2821 3649/4258/1237 3651/4260/3262 
f 3651/4260/3262 3655/4264/3264 3654/4263/2821 
f 3656/4265/3262 3652/4261/3263 3649/4258/1237 
f 3649/4258/1237 3654/4263/2821 3656/4265/3262 
f 3657/4266/3265 3658/4267/1237 3406/3945/2530 
f 3406/3945/2530 3659/4268/464 3657/4266/3265 
f 3660/4269/3262 3661/4270/2539 3658/4267/1237 
f 3658/4267/1237 3657/4266/3265 3660/4269/3262 
f 3652/4261/3263 3657/4266/3265 3659/4268/464 
f 3659/4268/464 3653/4262/2539 3652/4261/3263 
f 3656/4265/3262 3660/4269/3262 3657/4266/3265 
f 3657/4266/3265 3652/4261/3263 3656/4265/3262 
f 3662/4271/3266 3663/4272/3267 2824/3201/2539 
f 2824/3201/2539 3664/4273/3268 3662/4271/3266 
f 3654/4263/2821 3655/4264/3264 3663/4272/3267 
f 3663/4272/3267 3662/4271/3266 3654/4263/2821 
f 3660/4269/3262 3662/4271/3266 3664/4273/3268 
f 3664/4273/3268 3661/4270/2539 3660/4269/3262 
f 3656/4265/3262 3654/4263/2821 3662/4271/3266 
f 3662/4271/3266 3660/4269/3262 3656/4265/3262 
f 3665/4274/3269 3666/4275/3270 3449/3988/3086 
f 3449/3988/3086 3667/4276/2856 3665/4274/3269 
f 3668/4277/3271 3669/4278/2860 3666/4275/3270 
f 3666/4275/3270 3665/4274/3269 3668/4277/3271 
f 3670/4279/3272 3665/4274/3269 3667/4276/2856 
f 3667/4276/2856 3671/4280/2858 3670/4279/3272 
f 3672/4281/3273 3668/4277/3271 3665/4274/3269 
f 3665/4274/3269 3670/4279/3272 3672/4281/3273 
f 3673/4282/2867 3674/4283/2868 3417/3956/3063 
f 3417/3956/3063 3675/4284/2869 3673/4282/2867 
f 3676/4285/3274 3677/4286/2866 3674/4283/2868 
f 3674/4283/2868 3673/4282/2867 3676/4285/3274 
f 3668/4287/3271 3673/4282/2867 3675/4284/2869 
f 3675/4284/2869 3669/4288/2860 3668/4287/3271 
f 3672/4289/3273 3676/4285/3274 3673/4282/2867 
f 3673/4282/2867 3668/4287/3271 3672/4289/3273 
f 3678/4290/3275 3679/4291/2863 3436/3975/2609 
f 3436/3975/2609 3680/4292/2864 3678/4290/3275 
f 3670/4293/3272 3671/4294/2858 3679/4291/2863 
f 3679/4291/2863 3678/4290/3275 3670/4293/3272 
f 3676/4295/3274 3678/4290/3275 3680/4292/2864 
f 3680/4292/2864 3677/4296/2866 3676/4295/3274 
f 3672/4297/3273 3670/4293/3272 3678/4290/3275 
f 3678/4290/3275 3676/4295/3274 3672/4297/3273 
f 3681/4298/3276 3682/4299/3277 3448/3987/3085 
f 3448/3987/3085 3683/4300/3278 3681/4298/3276 
f 3684/4301/3279 3685/4302/2844 3682/4299/3277 
f 3682/4299/3277 3681/4298/3276 3684/4301/3279 
f 3686/4303/3280 3681/4298/3276 3683/4300/3278 
f 3683/4300/3278 3687/4304/3281 3686/4303/3280 
f 3688/4305/3282 3684/4301/3279 3681/4298/3276 
f 3681/4298/3276 3686/4303/3280 3688/4305/3282 
f 3689/4306/3283 3690/4307/2852 3437/3976/3078 
f 3437/3976/3078 3691/4308/3284 3689/4306/3283 
f 3692/4309/3285 3693/4310/3286 3690/4307/2852 
f 3690/4307/2852 3689/4306/3283 3692/4309/3285 
f 3684/4311/3279 3689/4306/3283 3691/4308/3284 
f 3691/4308/3284 3685/4312/2844 3684/4311/3279 
f 3688/4313/3282 3692/4309/3285 3689/4306/3283 
f 3689/4306/3283 3684/4311/3279 3688/4313/3282 
f 3694/4314/2846 3695/4315/3287 3444/3983/2587 
f 3444/3983/2587 3696/4316/2848 3694/4314/2846 
f 3686/4317/3280 3687/4318/3281 3695/4315/3287 
f 3695/4315/3287 3694/4314/2846 3686/4317/3280 
f 3692/4319/3285 3694/4314/2846 3696/4316/2848 
f 3696/4316/2848 3693/4320/3286 3692/4319/3285 
f 3688/4321/3282 3686/4317/3280 3694/4314/2846 
f 3694/4314/2846 3692/4319/3285 3688/4321/3282 
f 3697/4322/2885 3698/4323/3288 3410/3949/3058 
f 3410/3949/3058 3699/4324/3289 3697/4322/2885 
f 3700/4325/3290 3701/4326/2891 3698/4323/3288 
f 3698/4323/3288 3697/4322/2885 3700/4325/3290 
f 3702/4327/2888 3697/4322/2885 3699/4324/3289 
f 3699/4324/3289 3703/4328/3291 3702/4327/2888 
f 3704/4329/3292 3700/4325/3290 3697/4322/2885 
f 3697/4322/2885 3702/4327/2888 3704/4329/3292 
f 3705/4330/3293 3706/4331/2899 3435/3974/3077 
f 3435/3974/3077 3707/4332/2900 3705/4330/3293 
f 3708/4333/3294 3709/4334/3295 3706/4331/2899 
f 3706/4331/2899 3705/4330/3293 3708/4333/3294 
f 3700/4335/3290 3705/4330/3293 3707/4332/2900 
f 3707/4332/2900 3701/4336/2891 3700/4335/3290 
f 3704/4337/3292 3708/4333/3294 3705/4330/3293 
f 3705/4330/3293 3700/4335/3290 3704/4337/3292 
f 3710/4338/3296 3711/4339/3297 3418/3957/2618 
f 3418/3957/2618 3712/4340/3298 3710/4338/3296 
f 3702/4341/2888 3703/4342/3291 3711/4339/3297 
f 3711/4339/3297 3710/4338/3296 3702/4341/2888 
f 3708/4343/3294 3710/4338/3296 3712/4340/3298 
f 3712/4340/3298 3709/4344/3295 3708/4343/3294 
f 3704/4345/3292 3702/4341/2888 3710/4338/3296 
f 3710/4338/3296 3708/4343/3294 3704/4345/3292 
f 3713/4346/3299 3714/4347/3300 3411/3950/3059 
f 3411/3950/3059 3715/4348/2872 3713/4346/3299 
f 3716/4349/2875 3717/4350/3301 3714/4347/3300 
f 3714/4347/3300 3713/4346/3299 3716/4349/2875 
f 3718/4351/3302 3713/4346/3299 3715/4348/2872 
f 3715/4348/2872 3719/4352/3303 3718/4351/3302 
f 3720/4353/3304 3716/4349/2875 3713/4346/3299 
f 3713/4346/3299 3718/4351/3302 3720/4353/3304 
f 3721/4354/3305 3722/4355/3306 3443/3982/2588 
f 3443/3982/2588 3723/4356/3307 3721/4354/3305 
f 3724/4357/3308 3725/4358/3309 3722/4355/3306 
f 3722/4355/3306 3721/4354/3305 3724/4357/3308 
f 3716/4359/2875 3721/4354/3305 3723/4356/3307 
f 3723/4356/3307 3717/4360/3301 3716/4359/2875 
f 3720/4361/3304 3724/4357/3308 3721/4354/3305 
f 3721/4354/3305 3716/4359/2875 3720/4361/3304 
f 3726/4362/2878 3727/4363/3310 3438/3977/2611 
f 3438/3977/2611 3728/4364/2880 3726/4362/2878 
f 3718/4365/3302 3719/4366/3303 3727/4363/3310 
f 3727/4363/3310 3726/4362/2878 3718/4365/3302 
f 3724/4367/3308 3726/4362/2878 3728/4364/2880 
f 3728/4364/2880 3725/4368/3309 3724/4367/3308 
f 3720/4369/3304 3718/4365/3302 3726/4362/2878 
f 3726/4362/2878 3724/4367/3308 3720/4369/3304 
f 3729/4370/3311 3730/4371/3312 3416/3955/3062 
f 3416/3955/3062 3731/4372/3313 3729/4370/3311 
f 3732/4373/3314 3733/4374/3315 3730/4371/3312 
f 3730/4371/3312 3729/4370/3311 3732/4373/3314 
f 3734/4375/3316 3729/4370/3311 3731/4372/3313 
f 3731/4372/3313 3735/4376/3317 3734/4375/3316 
f 3736/4377/3318 3732/4373/3314 3729/4370/3311 
f 3729/4370/3311 3734/4375/3316 3736/4377/3318 
f 3737/4378/3319 3738/4379/3320 3383/3922/3038 
f 3383/3922/3038 3739/4380/3321 3737/4378/3319 
f 3740/4381/3322 3741/4382/3323 3738/4379/3320 
f 3738/4379/3320 3737/4378/3319 3740/4381/3322 
f 3732/4383/3314 3737/4378/3319 3739/4380/3321 
f 3739/4380/3321 3733/4384/3315 3732/4383/3314 
f 3736/4385/3318 3740/4381/3322 3737/4378/3319 
f 3737/4378/3319 3732/4383/3314 3736/4385/3318 
f 3742/4386/3324 3743/4387/3325 3421/3960/3066 
f 3421/3960/3066 3744/4388/3326 3742/4386/3324 
f 3734/4389/3316 3735/4390/3317 3743/4387/3325 
f 3743/4387/3325 3742/4386/3324 3734/4389/3316 
f 3740/4391/3322 3742/4386/3324 3744/4388/3326 
f 3744/4388/3326 3741/4392/3323 3740/4391/3322 
f 3736/4393/3318 3734/4389/3316 3742/4386/3324 
f 3742/4386/3324 3740/4391/3322 3736/4393/3318 
f 3745/4394/2917 3746/4395/2933 3415/3954/2556 
f 3415/3954/2556 3747/4396/2934 3745/4394/2917 
f 3748/4397/3327 3749/4398/2932 3746/4395/2933 
f 3746/4395/2933 3745/4394/2917 3748/4397/3327 
f 3750/4399/2917 3745/4394/2917 3747/4396/2934 
f 3747/4396/2934 3751/4400/2922 3750/4399/2917 
f 3752/4401/2923 3748/4397/3327 3745/4394/2917 
f 3745/4394/2917 3750/4399/2917 3752/4401/2923 
f 3753/4402/3328 3754/4403/3329 3422/3961/3067 
f 3422/3961/3067 3755/4404/3330 3753/4402/3328 
f 3756/4405/2927 3757/4406/2928 3754/4403/3329 
f 3754/4403/3329 3753/4402/3328 3756/4405/2927 
f 3748/4407/3327 3753/4402/3328 3755/4404/3330 
f 3755/4404/3330 3749/4408/2932 3748/4407/3327 
f 3752/4409/2923 3756/4405/2927 3753/4402/3328 
f 3753/4402/3328 3748/4407/3327 3752/4409/2923 
f 3758/4410/3331 3378/3915/3034 2838/3215/2549 
f 2838/3215/2549 3759/4411/2926 3758/4410/3331 
f 3760/4412/3332 3377/3916/2921 3378/3915/3034 
f 3378/3915/3034 3758/4410/3331 3760/4412/3332 
f 3756/4405/2927 3758/4410/3331 3759/4411/2926 
f 3759/4411/2926 3757/4406/2928 3756/4405/2927 
f 3752/4409/2923 3760/4412/3332 3758/4410/3331 
f 3758/4410/3331 3756/4405/2927 3752/4409/2923 
f 3761/4413/2917 3762/4414/2918 2842/3219/2553 
f 2842/3219/2553 3376/3913/2919 3761/4413/2917 
f 3750/4399/2917 3751/4400/2922 3762/4414/2918 
f 3762/4414/2918 3761/4413/2917 3750/4399/2917 
f 3760/4415/3332 3761/4413/2917 3376/3913/2919 
f 3376/3913/2919 3377/3914/2921 3760/4415/3332 
f 3752/4401/2923 3750/4399/2917 3761/4413/2917 
f 3761/4413/2917 3760/4415/3332 3752/4401/2923 
f 3763/4416/3333 3764/4417/3334 3413/3952/3061 
f 3413/3952/3061 3765/4418/3335 3763/4416/3333 
f 3766/4419/3336 3767/4420/3337 3764/4417/3334 
f 3764/4417/3334 3763/4416/3333 3766/4419/3336 
f 3768/4421/3338 3763/4416/3333 3765/4418/3335 
f 3765/4418/3335 3769/4422/3339 3768/4421/3338 
f 3770/4423/3340 3766/4419/3336 3763/4416/3333 
f 3763/4416/3333 3768/4421/3338 3770/4423/3340 
f 3771/4424/3341 3772/4425/3342 3389/3928/3042 
f 3389/3928/3042 3773/4426/3343 3771/4424/3341 
f 3774/4427/3344 3775/4428/3345 3772/4425/3342 
f 3772/4425/3342 3771/4424/3341 3774/4427/3344 
f 3766/4429/3336 3771/4424/3341 3773/4426/3343 
f 3773/4426/3343 3767/4430/3337 3766/4429/3336 
f 3770/4431/3340 3774/4427/3344 3771/4424/3341 
f 3771/4424/3341 3766/4429/3336 3770/4431/3340 
f 3776/4432/3346 3777/4433/3347 3386/3925/3041 
f 3386/3925/3041 3778/4434/3348 3776/4432/3346 
f 3768/4435/3338 3769/4436/3339 3777/4433/3347 
f 3777/4433/3347 3776/4432/3346 3768/4435/3338 
f 3774/4437/3344 3776/4432/3346 3778/4434/3348 
f 3778/4434/3348 3775/4438/3345 3774/4437/3344 
f 3770/4439/3340 3768/4435/3338 3776/4432/3346 
f 3776/4432/3346 3774/4437/3344 3770/4439/3340 
f 3779/4440/2959 3780/4441/2960 3414/3953/2555 
f 3414/3953/2555 3781/4442/3349 3779/4440/2959 
f 3782/4443/3350 3783/4444/2955 3780/4441/2960 
f 3780/4441/2960 3779/4440/2959 3782/4443/3350 
f 3784/4445/3351 3779/4440/2959 3781/4442/3349 
f 3781/4442/3349 3785/4446/3352 3784/4445/3351 
f 3786/4447/3353 3782/4443/3350 3779/4440/2959 
f 3779/4440/2959 3784/4445/3351 3786/4447/3353 
f 3787/4448/3354 3367/3901/3025 2843/3220/2554 
f 2843/3220/2554 3788/4449/2953 3787/4448/3354 
f 3789/4450/2957 3368/3902/3026 3367/3901/3025 
f 3367/3901/3025 3787/4448/3354 3789/4450/2957 
f 3782/4443/3350 3787/4448/3354 3788/4449/2953 
f 3788/4449/2953 3783/4444/2955 3782/4443/3350 
f 3786/4447/3353 3789/4450/2957 3787/4448/3354 
f 3787/4448/3354 3782/4443/3350 3786/4447/3353 
f 3790/4451/2963 3791/4452/3355 2907/3284/2606 
f 2907/3284/2606 3369/3903/3027 3790/4451/2963 
f 3792/4453/2963 3793/4454/3356 3791/4452/3355 
f 3791/4452/3355 3790/4451/2963 3792/4453/2963 
f 3789/4455/2957 3790/4451/2963 3369/3903/3027 
f 3369/3903/3027 3368/3904/3026 3789/4455/2957 
f 3786/4456/3353 3792/4453/2963 3790/4451/2963 
f 3790/4451/2963 3789/4455/2957 3786/4456/3353 
f 3794/4457/3357 3795/4458/3358 3388/3927/2605 
f 3388/3927/2605 3796/4459/3359 3794/4457/3357 
f 3784/4460/3351 3785/4461/3352 3795/4458/3358 
f 3795/4458/3358 3794/4457/3357 3784/4460/3351 
f 3792/4453/2963 3794/4457/3357 3796/4459/3359 
f 3796/4459/3359 3793/4454/3356 3792/4453/2963 
f 3786/4456/3353 3784/4460/3351 3794/4457/3357 
f 3794/4457/3357 3792/4453/2963 3786/4456/3353 
f 3797/4462/3360 3798/4463/3361 2851/3228/2560 
f 2851/3228/2560 3356/3887/3015 3797/4462/3360 
f 3799/4464/3362 3800/4465/3363 3798/4463/3361 
f 3798/4463/3361 3797/4462/3360 3799/4464/3362 
f 3801/4466/3364 3797/4462/3360 3356/3887/3015 
f 3356/3887/3015 3355/3888/3014 3801/4466/3364 
f 3802/4467/3365 3799/4464/3362 3797/4462/3360 
f 3797/4462/3360 3801/4466/3364 3802/4467/3365 
f 3803/4468/3366 3804/4469/3367 3403/3942/3053 
f 3403/3942/3053 3805/4470/3368 3803/4468/3366 
f 3806/4471/3369 3807/4472/3370 3804/4469/3367 
f 3804/4469/3367 3803/4468/3366 3806/4471/3369 
f 3799/4473/3362 3803/4468/3366 3805/4470/3368 
f 3805/4470/3368 3800/4474/3363 3799/4473/3362 
f 3802/4475/3365 3806/4471/3369 3803/4468/3366 
f 3803/4468/3366 3799/4473/3362 3802/4475/3365 
f 3808/4476/3371 2856/3233/2565 2859/3236/2568 
f 2859/3236/2568 3809/4477/3372 3808/4476/3371 
f 3801/4478/3364 3355/3886/3014 2856/3233/2565 
f 2856/3233/2565 3808/4476/3371 3801/4478/3364 
f 3806/4479/3369 3808/4476/3371 3809/4477/3372 
f 3809/4477/3372 3807/4480/3370 3806/4479/3369 
f 3802/4481/3365 3801/4478/3364 3808/4476/3371 
f 3808/4476/3371 3806/4479/3369 3802/4481/3365 
f 3810/4482/3373 3372/3907/3030 2875/3252/2580 
f 2875/3252/2580 3811/4483/3374 3810/4482/3373 
f 3812/4484/3375 3371/3908/3029 3372/3907/3030 
f 3372/3907/3030 3810/4482/3373 3812/4484/3375 
f 3813/4485/3376 3810/4482/3373 3811/4483/3374 
f 3811/4483/3374 3814/4486/3377 3813/4485/3376 
f 3815/4487/3378 3812/4484/3375 3810/4482/3373 
f 3810/4482/3373 3813/4485/3376 3815/4487/3378 
f 3816/4488/3379 3817/4489/3380 2908/3285/2607 
f 2908/3285/2607 3370/3905/3028 3816/4488/3379 
f 3818/4490/3381 3819/4491/3382 3817/4489/3380 
f 3817/4489/3380 3816/4488/3379 3818/4490/3381 
f 3812/4492/3375 3816/4488/3379 3370/3905/3028 
f 3370/3905/3028 3371/3906/3029 3812/4492/3375 
f 3815/4493/3378 3818/4490/3381 3816/4488/3379 
f 3816/4488/3379 3812/4492/3375 3815/4493/3378 
f 3820/4494/3383 3821/4495/3384 3404/3943/3054 
f 3404/3943/3054 3822/4496/3385 3820/4494/3383 
f 3813/4497/3376 3814/4498/3377 3821/4495/3384 
f 3821/4495/3384 3820/4494/3383 3813/4497/3376 
f 3818/4499/3381 3820/4494/3383 3822/4496/3385 
f 3822/4496/3385 3819/4500/3382 3818/4499/3381 
f 3815/4501/3378 3813/4497/3376 3820/4494/3383 
f 3820/4494/3383 3818/4499/3381 3815/4501/3378 
f 3454/3993/3090 3453/3992/2618 3394/3933/3047 
f 3394/3933/3047 3823/4502/3386 3454/3993/3090 
f 3458/3997/3094 3454/3993/3090 3823/4502/3386 
f 3823/4502/3386 3824/4503/3387 3458/3997/3094 
f 3466/4008/3102 3458/4011/3094 3824/4504/3387 
f 3824/4504/3387 3825/4505/3388 3466/4008/3102 
f 3440/3979/3080 3466/4008/3102 3825/4505/3388 
f 3825/4505/3388 3441/3980/3081 3440/3979/3080 
f 3492/4047/2659 3439/3978/3079 3442/3981/1249 
f 3442/3981/1249 3826/4506/1249 3492/4047/2659 
f 3487/4042/2661 3492/4047/2659 3826/4506/1249 
f 3826/4506/1249 3827/4507/1249 3487/4042/2661 
f 3485/4040/3121 3487/4042/2661 3827/4507/1249 
f 3827/4507/1249 3828/4508/1249 3485/4040/3121 
f 3366/3900/3024 3485/4040/3121 3828/4508/1249 
f 3828/4508/1249 3382/3921/1249 3366/3900/3024 
f 3573/4156/3202 3424/3963/3069 3408/3947/3056 
f 3408/3947/3056 3829/4509/3389 3573/4156/3202 
f 3567/4160/3196 3573/4156/3202 3829/4509/3389 
f 3829/4509/3389 3830/4510/3390 3567/4160/3196 
f 3563/4146/3192 3567/4150/3196 3830/4511/3390 
f 3830/4511/3390 3831/4512/3391 3563/4146/3192 
f 3564/4147/3193 3563/4146/3192 3831/4512/3391 
f 3831/4512/3391 3395/3934/3040 3564/4147/3193 
f 3580/4171/3209 2809/3186/2528 2812/3189/2531 
f 2812/3189/2531 3647/4256/2828 3580/4171/3209 
f 3583/4174/3212 3580/4171/3209 3647/4256/2828 
f 3647/4256/2828 3639/4248/464 3583/4174/3212 
f 3595/4188/3215 3583/4174/3212 3639/4248/464 
f 3639/4248/464 3635/4244/3254 3595/4188/3215 
f 3423/3962/3068 3595/4188/3215 3635/4244/3254 
f 3635/4244/3254 3405/3944/2539 3423/3962/3068 
f 3699/4324/3289 3410/3949/3058 3409/3948/3057 
f 3409/3948/3057 3526/4093/3155 3699/4324/3289 
f 3703/4328/3291 3699/4324/3289 3526/4093/3155 
f 3526/4093/3155 3529/4096/3158 3703/4328/3291 
f 3711/4339/3297 3703/4342/3291 3529/4106/3158 
f 3529/4106/3158 3535/4102/3164 3711/4339/3297 
f 3418/3957/2618 3711/4339/3297 3535/4102/3164 
f 3535/4102/3164 3391/3930/3044 3418/3957/2618 
f 3543/4118/3172 3412/3951/3060 3411/3950/3059 
f 3411/3950/3059 3714/4347/3300 3543/4118/3172 
f 3547/4122/3176 3543/4118/3172 3714/4347/3300 
f 3714/4347/3300 3717/4350/3301 3547/4122/3176 
f 3560/4138/3189 3547/4141/3176 3717/4360/3301 
f 3717/4360/3301 3723/4356/3307 3560/4138/3189 
f 3446/3985/3083 3560/4138/3189 3723/4356/3307 
f 3723/4356/3307 3443/3982/2588 3446/3985/3083 
f 3675/4284/2869 3417/3956/3063 3384/3923/3039 
f 3384/3923/3039 3482/4032/3118 3675/4284/2869 
f 3669/4288/2860 3675/4284/2869 3482/4032/3118 
f 3482/4032/3118 3474/4035/3110 3669/4288/2860 
f 3666/4275/3270 3669/4278/2860 3474/4021/3110 
f 3474/4021/3110 3470/4017/3106 3666/4275/3270 
f 3449/3988/3086 3666/4275/3270 3470/4017/3106 
f 3470/4017/3106 3450/3989/3087 3449/3988/3086 
f 3512/4071/3139 3445/3984/3082 3444/3983/2587 
f 3444/3983/2587 3695/4315/3287 3512/4071/3139 
f 3506/4075/3133 3512/4071/3139 3695/4315/3287 
f 3695/4315/3287 3687/4318/3281 3506/4075/3133 
f 3503/4062/3130 3506/4065/3133 3687/4304/3281 
f 3687/4304/3281 3683/4300/3278 3503/4062/3130 
f 3447/3986/3084 3503/4062/3130 3683/4300/3278 
f 3683/4300/3278 3448/3987/3085 3447/3986/3084 
f 3616/4218/3235 2848/3225/2557 2851/3228/2560 
f 2851/3228/2560 3798/4463/3361 3616/4218/3235 
f 3619/4221/3238 3616/4218/3235 3798/4463/3361 
f 3798/4463/3361 3800/4465/3363 3619/4221/3238 
f 3631/4235/3250 3619/4238/3238 3800/4474/3363 
f 3800/4474/3363 3805/4470/3368 3631/4235/3250 
f 3402/3941/3052 3631/4235/3250 3805/4470/3368 
f 3805/4470/3368 3403/3942/3053 3402/3941/3052 
f 3605/4200/3224 3401/3940/3051 3404/3943/3054 
f 3404/3943/3054 3821/4495/3384 3605/4200/3224 
f 3600/4204/3219 3605/4200/3224 3821/4495/3384 
f 3821/4495/3384 3814/4498/3377 3600/4204/3219 
f 3598/4193/3217 3600/4195/3219 3814/4486/3377 
f 3814/4486/3377 3811/4483/3374 3598/4193/3217 
f 2874/3251/2579 3598/4193/3217 3811/4483/3374 
f 3811/4483/3374 2875/3252/2580 2874/3251/2579 
f 3831/4512/3391 3832/4513/1284 3396/3935/3045 
f 3396/3935/3045 3395/3934/3040 3831/4512/3391 
f 3830/4511/3390 3833/4514/3392 3832/4513/1284 
f 3832/4513/1284 3831/4512/3391 3830/4511/3390 
f 3829/4509/3389 3834/4515/3389 3833/4516/3392 
f 3833/4516/3392 3830/4510/3390 3829/4509/3389 
f 3408/3947/3056 3407/3946/3055 3834/4515/3389 
f 3834/4515/3389 3829/4509/3389 3408/3947/3056 
f 3825/4505/3388 3835/4517/3388 3434/3973/3076 
f 3434/3973/3076 3441/3980/3081 3825/4505/3388 
f 3824/4504/3387 3836/4518/3393 3835/4517/3388 
f 3835/4517/3388 3825/4505/3388 3824/4504/3387 
f 3823/4502/3386 3837/4519/3394 3836/4520/3393 
f 3836/4520/3393 3824/4503/3387 3823/4502/3386 
f 3394/3933/3047 3393/3932/3046 3837/4519/3394 
f 3837/4519/3394 3823/4502/3386 3394/3933/3047 
f 3838/4521/2535 3826/4506/1249 3442/3981/1249 
f 3442/3981/1249 3433/3972/1249 3838/4521/2535 
f 3839/4522/2535 3827/4507/1249 3826/4506/1249 
f 3826/4506/1249 3838/4521/2535 3839/4522/2535 
f 3840/4523/1249 3828/4508/1249 3827/4507/1249 
f 3827/4507/1249 3839/4522/2535 3840/4523/1249 
f 2816/3193/2535 3382/3921/1249 3828/4508/1249 
f 3828/4508/1249 3840/4523/1249 2816/3193/2535 
f 3634/4243/3253 3659/4268/464 3406/3945/2530 
f 3406/3945/2530 3405/3944/2539 3634/4243/3253 
f 3637/4246/3255 3653/4262/2539 3659/4268/464 
f 3659/4268/464 3634/4243/3253 3637/4246/3255 
f 3643/4252/3257 3650/4259/3261 3653/4262/2539 
f 3653/4262/2539 3637/4246/3255 3643/4252/3257 
f 3400/3939/3050 3399/3938/2561 3650/4259/3261 
f 3650/4259/3261 3643/4252/3257 3400/3939/3050 
f 3626/4230/3245 3610/4208/3229 3398/3937/3049 
f 3398/3937/3049 3397/3936/3048 3626/4230/3245 
f 3629/4233/3248 3607/4212/3226 3610/4208/3229 
f 3610/4208/3229 3626/4230/3245 3629/4233/3248 
f 3632/4236/3251 3604/4199/3223 3607/4202/3226 
f 3607/4202/3226 3629/4240/3248 3632/4236/3251 
f 3402/3941/3052 3401/3940/3051 3604/4199/3223 
f 3604/4199/3223 3632/4236/3251 3402/3941/3052 
f 3817/4489/3380 3809/4477/3372 2859/3236/2568 
f 2859/3236/2568 2908/3285/2607 3817/4489/3380 
f 3819/4491/3382 3807/4480/3370 3809/4477/3372 
f 3809/4477/3372 3817/4489/3380 3819/4491/3382 
f 3822/4496/3385 3804/4469/3367 3807/4472/3370 
f 3807/4472/3370 3819/4500/3382 3822/4496/3385 
f 3404/3943/3054 3403/3942/3053 3804/4469/3367 
f 3804/4469/3367 3822/4496/3385 3404/3943/3054 
f 3841/4524/1284 3842/4525/1284 3385/3924/3040 
f 3385/3924/3040 3392/3931/3045 3841/4524/1284 
f 3843/4526/1208 3844/4527/3395 3842/4525/1284 
f 3842/4525/1284 3841/4524/1284 3843/4526/1208 
f 3845/4528/3396 3846/4529/3396 3844/4530/3395 
f 3844/4530/3395 3843/4531/1208 3845/4528/3396 
f 3430/3969/3043 3390/3929/3043 3846/4529/3396 
f 3846/4529/3396 3845/4528/3396 3430/3969/3043 
f 3674/4283/2868 3712/4340/3298 3418/3957/2618 
f 3418/3957/2618 3417/3956/3063 3674/4283/2868 
f 3677/4286/2866 3709/4344/3295 3712/4340/3298 
f 3712/4340/3298 3674/4283/2868 3677/4286/2866 
f 3680/4292/2864 3706/4331/2899 3709/4334/3295 
f 3709/4334/3295 3677/4296/2866 3680/4292/2864 
f 3436/3975/2609 3435/3974/3077 3706/4331/2899 
f 3706/4331/2899 3680/4292/2864 3436/3975/2609 
f 3847/4532/1237 3848/4533/1237 3387/3926/1237 
f 3387/3926/1237 3429/3968/1237 3847/4532/1237 
f 3849/4534/1237 3850/4535/1237 3848/4533/1237 
f 3848/4533/1237 3847/4532/1237 3849/4534/1237 
f 3851/4536/1237 3852/4537/1237 3850/4535/1237 
f 3850/4535/1237 3849/4534/1237 3851/4536/1237 
f 2827/3204/1237 2868/3245/1237 3852/4537/1237 
f 3852/4537/1237 3851/4536/1237 2827/3204/1237 
f 3690/4307/2852 3728/4364/2880 3438/3977/2611 
f 3438/3977/2611 3437/3976/3078 3690/4307/2852 
f 3693/4310/3286 3725/4368/3309 3728/4364/2880 
f 3728/4364/2880 3690/4307/2852 3693/4310/3286 
f 3696/4316/2848 3722/4355/3306 3725/4358/3309 
f 3725/4358/3309 3693/4320/3286 3696/4316/2848 
f 3444/3983/2587 3443/3982/2588 3722/4355/3306 
f 3722/4355/3306 3696/4316/2848 3444/3983/2587 
f 3511/4070/3138 3561/4139/3190 3446/3985/3083 
f 3446/3985/3083 3445/3984/3082 3511/4070/3138 
f 3514/4073/3141 3558/4143/3187 3561/4139/3190 
f 3561/4139/3190 3511/4070/3138 3514/4073/3141 
f 3516/4078/3144 3555/4133/3184 3558/4136/3187 
f 3558/4136/3187 3514/4081/3141 3516/4078/3144 
f 2878/3255/2583 2813/3190/2532 3555/4133/3184 
f 3555/4133/3184 3516/4078/3144 2878/3255/2583 
f 3731/4372/3313 3416/3955/3062 3415/3954/2556 
f 3415/3954/2556 3746/4395/2933 3731/4372/3313 
f 3735/4376/3317 3731/4372/3313 3746/4395/2933 
f 3746/4395/2933 3749/4398/2932 3735/4376/3317 
f 3743/4387/3325 3735/4390/3317 3749/4408/2932 
f 3749/4408/2932 3755/4404/3330 3743/4387/3325 
f 3421/3960/3066 3743/4387/3325 3755/4404/3330 
f 3755/4404/3330 3422/3961/3067 3421/3960/3066 
f 3781/4442/3349 3414/3953/2555 3413/3952/3061 
f 3413/3952/3061 3764/4417/3334 3781/4442/3349 
f 3785/4446/3352 3781/4442/3349 3764/4417/3334 
f 3764/4417/3334 3767/4420/3337 3785/4446/3352 
f 3795/4458/3358 3785/4461/3352 3767/4430/3337 
f 3767/4430/3337 3773/4426/3343 3795/4458/3358 
f 3388/3927/2605 3795/4458/3358 3773/4426/3343 
f 3773/4426/3343 3389/3928/3042 3388/3927/2605 
f 3478/4025/3114 3420/3959/3065 3419/3958/3064 
f 3419/3958/3064 3523/4088/3152 3478/4025/3114 
f 3472/4029/3012 3478/4025/3114 3523/4088/3152 
f 3523/4088/3152 3508/4091/3135 3472/4029/3012 
f 3469/4016/3105 3472/4019/3012 3508/4067/3135 
f 3508/4067/3135 3504/4063/3131 3469/4016/3105 
f 3450/3989/3087 3469/4016/3105 3504/4063/3131 
f 3504/4063/3131 3447/3986/3084 3450/3989/3087 
f 3527/4094/3156 3409/3948/3057 3412/3951/3060 
f 3412/3951/3060 3542/4117/3171 3527/4094/3156 
f 3531/4098/3013 3527/4094/3156 3542/4117/3171 
f 3542/4117/3171 3545/4120/3174 3531/4098/3013 
f 3539/4109/3168 3531/4112/3013 3545/4130/3174 
f 3545/4130/3174 3551/4126/3180 3539/4109/3168 
f 3431/3970/3074 3539/4109/3168 3551/4126/3180 
f 3551/4126/3180 3432/3971/3075 3431/3970/3074 
f 3707/4332/2900 3435/3974/3077 3438/3977/2611 
f 3438/3977/2611 3727/4363/3310 3707/4332/2900 
f 3701/4336/2891 3707/4332/2900 3727/4363/3310 
f 3727/4363/3310 3719/4366/3303 3701/4336/2891 
f 3698/4323/3288 3701/4326/2891 3719/4352/3303 
f 3719/4352/3303 3715/4348/2872 3698/4323/3288 
f 3410/3949/3058 3698/4323/3288 3715/4348/2872 
f 3715/4348/2872 3411/3950/3059 3410/3949/3058 
f 3691/4308/3284 3437/3976/3078 3436/3975/2609 
f 3436/3975/2609 3679/4291/2863 3691/4308/3284 
f 3685/4312/2844 3691/4308/3284 3679/4291/2863 
f 3679/4291/2863 3671/4294/2858 3685/4312/2844 
f 3682/4299/3277 3685/4302/2844 3671/4280/2858 
f 3671/4280/2858 3667/4276/2856 3682/4299/3277 
f 3448/3987/3085 3682/4299/3277 3667/4276/2856 
f 3667/4276/2856 3449/3988/3086 3448/3987/3085 
f 3497/4052/3125 3425/3964/3070 3428/3967/3073 
f 3428/3967/3073 3461/4000/3097 3497/4052/3125 
f 3494/4056/3123 3497/4052/3125 3461/4000/3097 
f 3461/4000/3097 3464/4003/3100 3494/4056/3123 
f 3491/4046/2667 3494/4049/3123 3464/4013/3100 
f 3464/4013/3100 3467/4009/3103 3491/4046/2667 
f 3439/3978/3079 3491/4046/2667 3467/4009/3103 
f 3467/4009/3103 3440/3979/3080 3439/3978/3079 
f 3578/4164/3207 3427/3966/3072 3426/3965/3071 
f 3426/3965/3071 3590/4183/2775 3578/4164/3207 
f 3575/4168/3204 3578/4164/3207 3590/4183/2775 
f 3590/4183/2775 3593/4186/3214 3575/4168/3204 
f 3572/4155/3201 3575/4158/3204 3593/4191/3214 
f 3593/4191/3214 3596/4189/2777 3572/4155/3201 
f 3424/3963/3069 3572/4155/3201 3596/4189/2777 
f 3596/4189/2777 3423/3962/3068 3424/3963/3069 
f 3837/4519/3394 3393/3932/3046 3391/3930/3044 
f 3391/3930/3044 3534/4101/3163 3837/4519/3394 
f 3836/4520/3393 3837/4519/3394 3534/4101/3163 
f 3534/4101/3163 3537/4104/3166 3836/4520/3393 
f 3835/4517/3388 3836/4518/3393 3537/4114/3166 
f 3537/4114/3166 3540/4110/3169 3835/4517/3388 
f 3434/3973/3076 3835/4517/3388 3540/4110/3169 
f 3540/4110/3169 3431/3970/3074 3434/3973/3076 
f 3838/4521/2535 3433/3972/1249 3432/3971/3075 
f 3432/3971/3075 3550/4125/3179 3838/4521/2535 
f 3839/4522/2535 3838/4521/2535 3550/4125/3179 
f 3550/4125/3179 3553/4128/3182 3839/4522/2535 
f 3840/4523/1249 3839/4522/2535 3553/4128/3182 
f 3553/4128/3182 3556/4134/3185 3840/4523/1249 
f 2816/3193/2535 3840/4523/1249 3556/4134/3185 
f 3556/4134/3185 2813/3190/2532 2816/3193/2535 
f 3834/4515/3389 3407/3946/3055 3430/3969/3043 
f 3430/3969/3043 3845/4528/3396 3834/4515/3389 
f 3833/4516/3392 3834/4515/3389 3845/4528/3396 
f 3845/4528/3396 3843/4531/1208 3833/4516/3392 
f 3832/4513/1284 3833/4514/3392 3843/4526/1208 
f 3843/4526/1208 3841/4524/1284 3832/4513/1284 
f 3396/3935/3045 3832/4513/1284 3841/4524/1284 
f 3841/4524/1284 3392/3931/3045 3396/3935/3045 
f 3664/4273/3268 2824/3201/2539 2827/3204/1237 
f 2827/3204/1237 3851/4536/1237 3664/4273/3268 
f 3661/4270/2539 3664/4273/3268 3851/4536/1237 
f 3851/4536/1237 3849/4534/1237 3661/4270/2539 
f 3658/4267/1237 3661/4270/2539 3849/4534/1237 
f 3849/4534/1237 3847/4532/1237 3658/4267/1237 
f 3406/3945/2530 3658/4267/1237 3847/4532/1237 
f 3847/4532/1237 3429/3968/1237 3406/3945/2530 
f 3796/4459/3359 3388/3927/2605 3387/3926/1237 
f 3387/3926/1237 3848/4533/1237 3796/4459/3359 
f 3793/4454/3356 3796/4459/3359 3848/4533/1237 
f 3848/4533/1237 3850/4535/1237 3793/4454/3356 
f 3791/4452/3355 3793/4454/3356 3850/4535/1237 
f 3850/4535/1237 3852/4537/1237 3791/4452/3355 
f 2907/3284/2606 3791/4452/3355 3852/4537/1237 
f 3852/4537/1237 2868/3245/1237 2907/3284/2606 
f 3846/4529/3396 3390/3929/3043 3389/3928/3042 
f 3389/3928/3042 3772/4425/3342 3846/4529/3396 
f 3844/4530/3395 3846/4529/3396 3772/4425/3342 
f 3772/4425/3342 3775/4428/3345 3844/4530/3395 
f 3842/4525/1284 3844/4527/3395 3775/4438/3345 
f 3775/4438/3345 3778/4434/3348 3842/4525/1284 
f 3385/3924/3040 3842/4525/1284 3778/4434/3348 
f 3778/4434/3348 3386/3925/3041 3385/3924/3040 
f 3759/4411/2926 2838/3215/2549 2841/3218/2552 
f 2841/3218/2552 3519/4084/3148 3759/4411/2926 
f 3757/4406/2928 3759/4411/2926 3519/4084/3148 
f 3519/4084/3148 3521/4086/3150 3757/4406/2928 
f 3754/4403/3329 3757/4406/2928 3521/4086/3150 
f 3521/4086/3150 3524/4089/3153 3754/4403/3329 
f 3422/3961/3067 3754/4403/3329 3524/4089/3153 
f 3524/4089/3153 3419/3958/3064 3422/3961/3067 
f 3744/4388/3326 3421/3960/3066 3420/3959/3065 
f 3420/3959/3065 3477/4024/3113 3744/4388/3326 
f 3741/4392/3323 3744/4388/3326 3477/4024/3113 
f 3477/4024/3113 3480/4027/3116 3741/4392/3323 
f 3738/4379/3320 3741/4382/3323 3480/4037/3116 
f 3480/4037/3116 3483/4033/3119 3738/4379/3320 
f 3383/3922/3038 3738/4379/3320 3483/4033/3119 
f 3483/4033/3119 3384/3923/3039 3383/3922/3038 
f 3648/4257/3260 2812/3189/2531 2892/3269/2594 
f 2892/3269/2594 3622/4224/3241 3648/4257/3260 
f 3645/4254/3259 3648/4257/3260 3622/4224/3241 
f 3622/4224/3241 3624/4226/3243 3645/4254/3259 
f 3642/4251/3256 3645/4254/3259 3624/4226/3243 
f 3624/4226/3243 3627/4231/3246 3642/4251/3256 
f 3400/3939/3050 3642/4251/3256 3627/4231/3246 
f 3627/4231/3246 3397/3936/3048 3400/3939/3050 
f 3614/4215/3233 2898/3275/2600 2824/3201/2539 
f 2824/3201/2539 3663/4272/3267 3614/4215/3233 
f 3612/4210/3231 3614/4215/3233 3663/4272/3267 
f 3663/4272/3267 3655/4264/3264 3612/4210/3231 
f 3609/4207/3228 3612/4210/3231 3655/4264/3264 
f 3655/4264/3264 3651/4260/3262 3609/4207/3228 
f 3398/3937/3049 3609/4207/3228 3651/4260/3262 
f 3651/4260/3262 3399/3938/2561 3398/3937/3049 
f 3565/4148/3194 3564/4147/3193 3453/3992/2618 
f 3453/3992/2618 3452/3991/3089 3565/4148/3194 
f 3569/4152/3198 3565/4148/3194 3452/3991/3089 
f 3452/3991/3089 3456/3995/3092 3569/4152/3198 
f 3577/4163/3206 3569/4166/3198 3456/4005/3092 
f 3456/4005/3092 3462/4001/3098 3577/4163/3206 
f 3427/3966/3072 3577/4163/3206 3462/4001/3098 
f 3462/4001/3098 3428/3967/3073 3427/3966/3072 
f 3591/4184/2770 3426/3965/3071 3425/3964/3070 
f 3425/3964/3070 3496/4051/3124 3591/4184/2770 
f 3588/4179/2772 3591/4184/2770 3496/4051/3124 
f 3496/4051/3124 3499/4054/3127 3588/4179/2772 
f 3586/4177/2774 3588/4179/2772 3499/4054/3127 
f 3499/4054/3127 3501/4059/2672 3586/4177/2774 
f 2830/3207/2543 3586/4177/2774 3501/4059/2672 
f 3501/4059/2672 2831/3208/2544 2830/3207/2543 
f 3765/4418/3335 3413/3952/3061 3416/3955/3062 
f 3416/3955/3062 3730/4371/3312 3765/4418/3335 
f 3769/4422/3339 3765/4418/3335 3730/4371/3312 
f 3730/4371/3312 3733/4374/3315 3769/4422/3339 
f 3777/4433/3347 3769/4436/3339 3733/4384/3315 
f 3733/4384/3315 3739/4380/3321 3777/4433/3347 
f 3386/3925/3041 3777/4433/3347 3739/4380/3321 
f 3739/4380/3321 3383/3922/3038 3386/3925/3041 
f 3788/4449/2953 2843/3220/2554 2842/3219/2553 
f 2842/3219/2553 3762/4414/2918 3788/4449/2953 
f 3783/4444/2955 3788/4449/2953 3762/4414/2918 
f 3762/4414/2918 3751/4400/2922 3783/4444/2955 
f 3780/4441/2960 3783/4444/2955 3751/4400/2922 
f 3751/4400/2922 3747/4396/2934 3780/4441/2960 
f 3414/3953/2555 3780/4441/2960 3747/4396/2934 
f 3747/4396/2934 3415/3954/2556 3414/3953/2555 
f 3394/3933/3047 3453/3992/2618 3564/4147/3193 
f 3564/4147/3193 3395/3934/3040 3394/3933/3047 
f 3382/3921/1249 2847/3224/1249 2822/3199/1249 
f 2822/3199/1249 2821/3198/1249 3382/3921/1249 
f 3853/4538/1237 3854/4539/1237 3855/4540/1237 
f 3855/4540/1237 3856/4541/1237 3853/4538/1237 
f 2296/2198/1705 2295/2197/1704 2267/2168/1676 
f 2267/2168/1676 2266/2167/1675 2296/2198/1705 
f 3857/4542/3397 3858/4543/1220 3859/4544/3398 
f 3859/4544/3398 3860/4545/3399 3857/4542/3397 
f 3861/4546/3400 3862/4547/34 3863/4548/34 
f 3863/4548/34 3864/4549/1282 3861/4546/3400 
f 3865/4550/3401 3857/4542/3397 3860/4545/3399 
f 3860/4545/3399 3866/4551/3402 3865/4550/3401 
f 3867/4552/3403 3868/4553/3404 3869/4554/2489 
f 3869/4554/2489 3870/4555/3405 3867/4552/3403 
f 3858/4543/1220 3857/4542/3397 3871/4556/3406 
f 3871/4556/3406 3872/4557/1220 3858/4543/1220 
f 3873/4558/3407 3874/4559/3408 3875/4560/3409 
f 3875/4560/3409 3876/4561/3410 3873/4558/3407 
f 3877/4562/1282 3878/4563/34 3862/4547/34 
f 3862/4547/34 3861/4546/3400 3877/4562/1282 
f 3879/4564/3411 3880/4565/3412 3881/4566/3413 
f 3881/4566/3413 3882/4567/3414 3879/4564/3411 
f 3864/4549/1282 3863/4548/34 3883/4568/3415 
f 3883/4568/3415 3884/4569/3416 3864/4549/1282 
f 3869/4554/2489 3885/4570/2489 3886/4571/3417 
f 3886/4571/3417 3870/4555/3405 3869/4554/2489 
f 3887/4572/1212 3888/4573/3418 3889/4574/3419 
f 3889/4574/3419 3890/4575/3420 3887/4572/1212 
f 3891/4576/3421 3892/4577/3422 3893/4578/3423 
f 3893/4578/3423 3894/4579/3424 3891/4576/3421 
f 3895/4580/3425 3896/4581/3426 3897/4582/3427 
f 3897/4582/3427 3898/4583/3428 3895/4580/3425 
f 3871/4556/3406 3899/4584/3429 3900/4585/3430 
f 3900/4585/3430 3872/4557/1220 3871/4556/3406 
f 3895/4580/3425 3898/4583/3428 3901/4586/3431 
f 3901/4586/3431 3902/4587/3432 3895/4580/3425 
f 3902/4587/3432 3901/4586/3431 3894/4579/3424 
f 3894/4579/3424 3893/4578/3423 3902/4587/3432 
f 3903/4588/3433 3904/4589/34 3878/4563/34 
f 3878/4563/34 3877/4562/1282 3903/4588/3433 
f 3899/4584/3429 3874/4559/3408 3873/4558/3407 
f 3873/4558/3407 3900/4585/3430 3899/4584/3429 
f 3905/4590/3434 3906/4591/3435 3907/4592/3436 
f 3907/4592/3436 3908/4593/3437 3905/4590/3434 
f 3905/4594/3438 3908/4595/3439 3876/4561/3410 
f 3876/4561/3410 3909/4596/3440 3905/4594/3438 
f 3905/4597/3441 3909/4598/3442 3879/4564/3411 
f 3879/4564/3411 3906/4599/3443 3905/4597/3441 
f 3910/4600/3444 3911/4601/3445 3884/4569/3416 
f 3884/4569/3416 3912/4602/3446 3910/4600/3444 
f 3910/4603/3447 3912/4604/3448 3867/4552/3403 
f 3867/4552/3403 3913/4605/3449 3910/4603/3447 
f 3910/4606/3450 3913/4607/3451 3859/4544/3398 
f 3859/4544/3398 3911/4608/3452 3910/4606/3450 
f 3914/4609/3453 3915/4610/3454 3875/4560/3409 
f 3875/4560/3409 3916/4611/3455 3914/4609/3453 
f 3914/4612/3456 3916/4613/3457 3897/4582/3427 
f 3897/4582/3427 3917/4614/3458 3914/4612/3456 
f 3914/4615/3459 3917/4616/3460 3880/4565/3412 
f 3880/4565/3412 3915/4617/3461 3914/4615/3459 
f 3857/4542/3397 3918/4618/3462 3919/4619/3463 
f 3920/4620/3464 3857/4542/3397 3919/4619/3463 
f 3918/4621/3465 3889/4574/3465 3921/4622/3466 
f 3921/4622/3466 3919/4623/3467 3918/4621/3465 
f 3906/4591/3435 3922/4624/3468 3923/4625/3469 
f 3923/4625/3469 3907/4592/3436 3906/4591/3435 
f 3879/4564/3411 3882/4567/3414 3922/4626/3470 
f 3922/4626/3470 3906/4599/3443 3879/4564/3411 
f 3912/4604/3448 3924/4627/3471 3868/4553/3404 
f 3868/4553/3404 3867/4552/3403 3912/4604/3448 
f 3884/4569/3416 3883/4568/3415 3924/4628/3472 
f 3924/4628/3472 3912/4602/3446 3884/4569/3416 
f 3925/4629/3473 3926/4630/3474 3870/4555/3405 
f 3870/4555/3405 3886/4571/3417 3925/4629/3473 
f 3866/4551/3402 3860/4545/3399 3926/4631/3475 
f 3926/4631/3475 3925/4632/3476 3866/4551/3402 
f 3913/4607/3451 3926/4631/3475 3860/4545/3399 
f 3860/4545/3399 3859/4544/3398 3913/4607/3451 
f 3867/4552/3403 3870/4555/3405 3926/4630/3474 
f 3926/4630/3474 3913/4605/3449 3867/4552/3403 
f 3911/4601/3445 3927/4633/3477 3864/4549/1282 
f 3864/4549/1282 3884/4569/3416 3911/4601/3445 
f 3859/4544/3398 3858/4543/1220 3927/4634/1217 
f 3927/4634/1217 3911/4608/3452 3859/4544/3398 
f 3909/4598/3442 3915/4617/3461 3880/4565/3412 
f 3880/4565/3412 3879/4564/3411 3909/4598/3442 
f 3876/4561/3410 3875/4560/3409 3915/4610/3454 
f 3915/4610/3454 3909/4596/3440 3876/4561/3410 
f 3928/4635/3478 3921/4622/3478 3889/4574/3419 
f 3889/4574/3419 3888/4573/3418 3928/4635/3478 
f 3892/4577/3422 3891/4576/3421 3921/4636/3479 
f 3921/4636/3479 3928/4637/3479 3892/4577/3422 
f 3917/4616/3460 3929/4638/3480 3881/4566/3413 
f 3881/4566/3413 3880/4565/3412 3917/4616/3460 
f 3897/4582/3427 3896/4581/3426 3929/4639/3481 
f 3929/4639/3481 3917/4614/3458 3897/4582/3427 
f 3930/4640/3482 3931/4641/3483 3872/4557/1220 
f 3872/4557/1220 3900/4585/3430 3930/4640/3482 
f 3877/4562/1282 3861/4546/3400 3931/4642/3484 
f 3931/4642/3484 3930/4643/3477 3877/4562/1282 
f 3932/4644/3485 3930/4640/3482 3900/4585/3430 
f 3900/4585/3430 3873/4558/3407 3932/4644/3485 
f 3903/4588/3433 3877/4562/1282 3930/4643/3477 
f 3930/4643/3477 3932/4645/3486 3903/4588/3433 
f 3933/4646/3487 3934/4647/3488 3899/4584/3429 
f 3899/4584/3429 3871/4556/3406 3933/4646/3487 
f 3894/4579/3424 3901/4586/3431 3934/4648/3489 
f 3934/4648/3489 3933/4649/3490 3894/4579/3424 
f 3934/4647/3488 3935/4650/3491 3874/4559/3408 
f 3874/4559/3408 3899/4584/3429 3934/4647/3488 
f 3901/4586/3431 3898/4583/3428 3935/4651/3492 
f 3935/4651/3492 3934/4648/3489 3901/4586/3431 
f 3932/4645/3486 3908/4593/3437 3907/4592/3436 
f 3907/4592/3436 3903/4588/3433 3932/4645/3486 
f 3873/4558/3407 3876/4561/3410 3908/4595/3439 
f 3908/4595/3439 3932/4644/3485 3873/4558/3407 
f 3927/4633/3477 3931/4642/3484 3861/4546/3400 
f 3861/4546/3400 3864/4549/1282 3927/4633/3477 
f 3858/4543/1220 3872/4557/1220 3931/4641/3483 
f 3931/4641/3483 3927/4634/1217 3858/4543/1220 
f 3935/4650/3491 3916/4611/3455 3875/4560/3409 
f 3875/4560/3409 3874/4559/3408 3935/4650/3491 
f 3898/4583/3428 3897/4582/3427 3916/4613/3457 
f 3916/4613/3457 3935/4651/3492 3898/4583/3428 
f 3933/4649/3490 3920/4652/3493 3891/4576/3421 
f 3891/4576/3421 3894/4579/3424 3933/4649/3490 
f 3871/4556/3406 3857/4542/3397 3920/4620/3464 
f 3920/4620/3464 3933/4646/3487 3871/4556/3406 
f 3936/4653/3494 3918/4618/3462 3857/4542/3397 
f 3857/4542/3397 3865/4550/3401 3936/4653/3494 
f 3890/4575/3420 3889/4574/3419 3918/4621/3495 
f 3918/4621/3495 3936/4654/3496 3890/4575/3420 
f 3903/4588/3433 3907/4592/3436 3923/4625/3469 
f 3923/4625/3469 3904/4589/34 3903/4588/3433 
f 3919/4655/3467 3921/4636/3466 3891/4576/3421 
f 3891/4576/3421 3920/4652/3493 3919/4655/3467 
f 3937/4656/3497 3938/4657/1255 3939/4658/3498 
f 3939/4658/3498 3940/4659/3499 3937/4656/3497 
f 3941/4660/3 3942/4661/3 3943/4662/3500 
f 3943/4662/3500 3944/4663/1207 3941/4660/3 
f 3940/4659/3499 3939/4658/3498 3865/4550/3401 
f 3865/4550/3401 3866/4551/3402 3940/4659/3499 
f 3945/4664/2489 3946/4665/3501 3947/4666/3502 
f 3947/4666/3502 3948/4667/3503 3945/4664/2489 
f 3938/4657/1255 3949/4668/1255 3950/4669/3504 
f 3950/4669/3504 3939/4658/3498 3938/4657/1255 
f 3951/4670/3505 3952/4671/3506 3953/4672/3507 
f 3953/4672/3507 3954/4673/3508 3951/4670/3505 
f 3955/4674/1207 3943/4662/3500 3942/4661/3 
f 3942/4661/3 3956/4675/3 3955/4674/1207 
f 3957/4676/3509 3958/4677/3510 3959/4678/3511 
f 3959/4678/3511 3960/4679/3512 3957/4676/3509 
f 3961/4680/3513 3941/4660/3 3944/4663/1207 
f 3944/4663/1207 3962/4681/3514 3961/4680/3513 
f 3886/4571/3417 3885/4570/2489 3945/4664/2489 
f 3945/4664/2489 3948/4667/3503 3886/4571/3417 
f 3963/4682/3515 3964/4683/3516 3887/4572/1212 
f 3887/4572/1212 3890/4575/3420 3963/4682/3515 
f 3965/4684/3517 3966/4685/3518 3967/4686/3519 
f 3967/4686/3519 3968/4687/3520 3965/4684/3517 
f 3969/4688/3521 3970/4689/3522 3971/4690/3523 
f 3971/4690/3523 3972/4691/3524 3969/4688/3521 
f 3950/4669/3504 3949/4668/1255 3973/4692/3505 
f 3973/4692/3505 3974/4693/3525 3950/4669/3504 
f 3971/4690/3523 3975/4694/3526 3976/4695/3527 
f 3976/4695/3527 3972/4691/3524 3971/4690/3523 
f 3975/4694/3526 3965/4684/3517 3968/4687/3520 
f 3968/4687/3520 3976/4695/3527 3975/4694/3526 
f 3977/4696/3528 3955/4674/1207 3956/4675/3 
f 3956/4675/3 3978/4697/3 3977/4696/3528 
f 3974/4693/3525 3973/4692/3505 3951/4670/3505 
f 3951/4670/3505 3954/4673/3508 3974/4693/3525 
f 3979/4698/3529 3980/4699/3530 3981/4700/3531 
f 3981/4700/3531 3982/4701/3532 3979/4698/3529 
f 3979/4702/3533 3983/4703/3534 3952/4671/3506 
f 3952/4671/3506 3980/4704/3535 3979/4702/3533 
f 3979/4705/3536 3982/4706/3537 3959/4678/3511 
f 3959/4678/3511 3983/4707/3538 3979/4705/3536 
f 3984/4708/3539 3985/4709/3540 3962/4681/3514 
f 3962/4681/3514 3986/4710/3541 3984/4708/3539 
f 3984/4711/3542 3987/4712/3543 3947/4666/3502 
f 3947/4666/3502 3985/4713/3544 3984/4711/3542 
f 3984/4714/3545 3986/4715/3546 3937/4656/3497 
f 3937/4656/3497 3987/4716/3547 3984/4714/3545 
f 3988/4717/3548 3989/4718/3549 3953/4672/3507 
f 3953/4672/3507 3990/4719/3550 3988/4717/3548 
f 3988/4720/3551 3991/4721/3552 3969/4688/3521 
f 3969/4688/3521 3989/4722/3553 3988/4720/3551 
f 3988/4723/3554 3990/4724/3555 3958/4677/3510 
f 3958/4677/3510 3991/4725/3556 3988/4723/3554 
f 3939/4658/3498 3992/4726/3557 3993/4727/3558 
f 3994/4728/3559 3992/4726/3557 3939/4658/3498 
f 3993/4729/3560 3992/4730/3561 3995/4731/3562 
f 3995/4731/3562 3963/4682/3560 3993/4729/3560 
f 3982/4701/3532 3981/4700/3531 3996/4732/3563 
f 3996/4732/3563 3997/4733/3564 3982/4701/3532 
f 3959/4678/3511 3982/4706/3537 3997/4734/3565 
f 3997/4734/3565 3960/4679/3512 3959/4678/3511 
f 3985/4713/3544 3947/4666/3502 3946/4665/3501 
f 3946/4665/3501 3998/4735/3566 3985/4713/3544 
f 3962/4681/3514 3985/4709/3540 3998/4736/3567 
f 3998/4736/3567 3961/4680/3513 3962/4681/3514 
f 3925/4629/3473 3886/4571/3417 3948/4667/3503 
f 3948/4667/3503 3999/4737/3568 3925/4629/3473 
f 3866/4551/3402 3925/4632/3476 3999/4738/3569 
f 3999/4738/3569 3940/4659/3499 3866/4551/3402 
f 3987/4716/3547 3937/4656/3497 3940/4659/3499 
f 3940/4659/3499 3999/4738/3569 3987/4716/3547 
f 3947/4666/3502 3987/4712/3543 3999/4737/3568 
f 3999/4737/3568 3948/4667/3503 3947/4666/3502 
f 3986/4710/3541 3962/4681/3514 3944/4663/1207 
f 3944/4663/1207 4000/4739/1204 3986/4710/3541 
f 3937/4656/3497 3986/4715/3546 4000/4740/3570 
f 4000/4740/3570 3938/4657/1255 3937/4656/3497 
f 3983/4707/3538 3959/4678/3511 3958/4677/3510 
f 3958/4677/3510 3990/4724/3555 3983/4707/3538 
f 3952/4671/3506 3983/4703/3534 3990/4719/3550 
f 3990/4719/3550 3953/4672/3507 3952/4671/3506 
f 4001/4741/3571 3964/4683/3516 3963/4682/3515 
f 3963/4682/3515 3995/4731/3571 4001/4741/3571 
f 3966/4685/3518 4001/4742/3572 3995/4743/3572 
f 3995/4743/3572 3967/4686/3519 3966/4685/3518 
f 3991/4725/3556 3958/4677/3510 3957/4676/3509 
f 3957/4676/3509 4002/4744/3573 3991/4725/3556 
f 3969/4688/3521 3991/4721/3552 4002/4745/3574 
f 4002/4745/3574 3970/4689/3522 3969/4688/3521 
f 4003/4746/3575 3973/4692/3505 3949/4668/1255 
f 3949/4668/1255 4004/4747/3576 4003/4746/3575 
f 3955/4674/1207 4003/4748/1204 4004/4749/3577 
f 4004/4749/3577 3943/4662/3500 3955/4674/1207 
f 4005/4750/3578 3951/4670/3505 3973/4692/3505 
f 3973/4692/3505 4003/4746/3575 4005/4750/3578 
f 3977/4696/3528 4005/4751/3579 4003/4748/1204 
f 4003/4748/1204 3955/4674/1207 3977/4696/3528 
f 4006/4752/3580 3950/4669/3504 3974/4693/3525 
f 3974/4693/3525 4007/4753/3581 4006/4752/3580 
f 3968/4687/3520 4006/4754/3582 4007/4755/3583 
f 4007/4755/3583 3976/4695/3527 3968/4687/3520 
f 4007/4753/3581 3974/4693/3525 3954/4673/3508 
f 3954/4673/3508 4008/4756/3584 4007/4753/3581 
f 3976/4695/3527 4007/4755/3583 4008/4757/3585 
f 4008/4757/3585 3972/4691/3524 3976/4695/3527 
f 4005/4751/3579 3977/4696/3528 3981/4700/3531 
f 3981/4700/3531 3980/4699/3530 4005/4751/3579 
f 3951/4670/3505 4005/4750/3578 3980/4704/3535 
f 3980/4704/3535 3952/4671/3506 3951/4670/3505 
f 4000/4739/1204 3944/4663/1207 3943/4662/3500 
f 3943/4662/3500 4004/4749/3577 4000/4739/1204 
f 3938/4657/1255 4000/4740/3570 4004/4747/3576 
f 4004/4747/3576 3949/4668/1255 3938/4657/1255 
f 4008/4756/3584 3954/4673/3508 3953/4672/3507 
f 3953/4672/3507 3989/4718/3549 4008/4756/3584 
f 3972/4691/3524 4008/4757/3585 3989/4722/3553 
f 3989/4722/3553 3969/4688/3521 3972/4691/3524 
f 4006/4754/3582 3968/4687/3520 3967/4686/3519 
f 3967/4686/3519 3994/4758/3586 4006/4754/3582 
f 3950/4669/3504 4006/4752/3580 3994/4728/3559 
f 3994/4728/3559 3939/4658/3498 3950/4669/3504 
f 3936/4653/3494 3865/4550/3401 3939/4658/3498 
f 3939/4658/3498 3993/4727/3558 3936/4653/3494 
f 3890/4575/3420 3936/4654/3496 3993/4729/3587 
f 3993/4729/3587 3963/4682/3515 3890/4575/3420 
f 3996/4732/3563 3981/4700/3531 3977/4696/3528 
f 3977/4696/3528 3978/4697/3 3996/4732/3563 
f 3992/4759/3561 3994/4758/3586 3967/4686/3519 
f 3967/4686/3519 3995/4743/3562 3992/4759/3561 
f 4009/4760/3588 4010/4761/3589 4011/4762/3590 
f 4011/4762/3590 4012/4763/3591 4009/4760/3588 
f 4013/4764/3592 4014/4765/3593 4015/4766/3594 
f 4015/4766/3594 4016/4767/3595 4013/4764/3592 
f 4017/4768/3596 4018/4769/3597 4019/4770/3598 
f 4019/4770/3598 4020/4771/3599 4017/4768/3596 
f 4013/4764/3592 4021/4772/3600 4022/4773/3601 
f 4022/4773/3601 4014/4765/3593 4013/4764/3592 
f 4023/4774/3602 4024/4775/3603 4025/4776/3604 
f 4025/4776/3604 4026/4777/3605 4023/4774/3602 
f 4027/4778/3606 4024/4775/3603 4023/4774/3602 
f 4023/4774/3602 4028/4779/3607 4027/4778/3606 
f 4029/4780/3608 4030/4781/3609 4031/4782/3610 
f 4031/4782/3610 4032/4783/3611 4029/4780/3608 
f 4033/4784/3612 4034/4785/3613 4035/4786/3614 
f 4035/4786/3614 4036/4787/3615 4033/4784/3612 
f 4037/4788/3616 4038/4789/3617 4039/4790/3618 
f 4039/4790/3618 4040/4791/3619 4037/4788/3616 
f 4012/4763/3591 4041/4792/3620 4042/4793/3621 
f 4042/4793/3621 4009/4760/3588 4012/4763/3591 
f 4043/4794/3622 4044/4795/3623 4045/4796/3624 
f 4045/4796/3624 4046/4797/3625 4043/4794/3622 
f 4047/4798/3626 4048/4799/3627 4049/4800/3628 
f 4049/4800/3628 4050/4801/3629 4047/4798/3626 
f 4051/4802/3630 4052/4803/3631 4053/4804/3632 
f 4053/4804/3632 4054/4805/3633 4051/4802/3630 
f 4055/4806/3634 4056/4807/3635 4057/4808/3636 
f 4057/4808/3636 4058/4809/3637 4055/4806/3634 
f 4056/4807/3635 4059/4810/3638 4060/4811/3639 
f 4060/4811/3639 4057/4808/3636 4056/4807/3635 
f 4059/4810/3638 4061/4812/3640 4062/4813/3641 
f 4062/4813/3641 4060/4811/3639 4059/4810/3638 
f 4063/4814/3642 4064/4815/3643 4065/4816/3644 
f 4065/4816/3644 4066/4817/3645 4063/4814/3642 
f 4067/4818/3646 4068/4819/3647 4069/4820/3648 
f 4069/4820/3648 4070/4821/3649 4067/4818/3646 
f 4021/4772/3600 4071/4822/3650 4072/4823/3651 
f 4072/4823/3651 4022/4773/3601 4021/4772/3600 
f 4073/4824/3652 4032/4783/3611 4031/4782/3610 
f 4031/4782/3610 4074/4825/3653 4073/4824/3652 
f 4071/4822/3650 4075/4826/3654 4076/4827/3655 
f 4076/4827/3655 4072/4823/3651 4071/4822/3650 
f 4077/4828/3656 4073/4824/3652 4074/4825/3653 
f 4074/4825/3653 4078/4829/3657 4077/4828/3656 
f 4079/4830/3658 4080/4831/3659 4081/4832/3660 
f 4081/4832/3660 4082/4833/3661 4079/4830/3658 
f 4083/4834/3662 4077/4828/3656 4078/4829/3657 
f 4078/4829/3657 4084/4835/3663 4083/4834/3662 
f 4017/4768/3596 4083/4834/3662 4084/4835/3663 
f 4084/4835/3663 4018/4769/3597 4017/4768/3596 
f 4080/4831/3659 4085/4836/3664 4086/4837/3665 
f 4086/4837/3665 4081/4832/3660 4080/4831/3659 
f 4087/4838/3666 4040/4791/3619 4039/4790/3618 
f 4039/4790/3618 4088/4839/3667 4087/4838/3666 
f 4085/4836/3664 4089/4840/3668 4090/4841/3669 
f 4090/4841/3669 4086/4837/3665 4085/4836/3664 
f 4089/4840/3668 4045/4796/3624 4044/4795/3623 
f 4044/4795/3623 4090/4841/3669 4089/4840/3668 
f 4067/4818/3646 4091/4842/3670 4092/4843/3671 
f 4092/4843/3671 4068/4819/3647 4067/4818/3646 
f 4091/4842/3670 4093/4844/3672 4094/4845/3673 
f 4094/4845/3673 4092/4843/3671 4091/4842/3670 
f 4093/4844/3672 4087/4838/3666 4088/4839/3667 
f 4088/4839/3667 4094/4845/3673 4093/4844/3672 
f 4019/4770/3598 4095/4846/3674 4096/4847/3675 
f 4096/4847/3675 4020/4771/3599 4019/4770/3598 
f 4097/4848/3676 4098/4849/3677 4099/4850/3678 
f 4099/4850/3678 4100/4851/3679 4097/4848/3676 
f 4095/4846/3674 4101/4852/3680 4102/4853/3681 
f 4102/4853/3681 4096/4847/3675 4095/4846/3674 
f 4061/4812/3640 4064/4815/3643 4063/4814/3642 
f 4063/4814/3642 4062/4813/3641 4061/4812/3640 
f 4082/4833/3661 4099/4850/3678 4098/4849/3677 
f 4098/4849/3677 4079/4830/3658 4082/4833/3661 
f 4010/4761/3589 4103/4854/3682 4104/4855/3683 
f 4104/4855/3683 4011/4762/3590 4010/4761/3589 
f 4075/4826/3654 4070/4821/3649 4069/4820/3648 
f 4069/4820/3648 4076/4827/3655 4075/4826/3654 
f 4103/4854/3682 4097/4848/3676 4100/4851/3679 
f 4100/4851/3679 4104/4855/3683 4103/4854/3682 
f 4052/4803/3631 4105/4856/3684 4106/4857/3685 
f 4106/4857/3685 4053/4804/3632 4052/4803/3631 
f 4105/4856/3684 4107/4858/3686 4108/4859/3687 
f 4108/4859/3687 4106/4857/3685 4105/4856/3684 
f 4107/4858/3686 4109/4860/3688 4110/4861/3689 
f 4110/4861/3689 4108/4859/3687 4107/4858/3686 
f 4109/4860/3688 4066/4817/3645 4065/4816/3644 
f 4065/4816/3644 4110/4861/3689 4109/4860/3688 
f 4101/4852/3680 4027/4778/3606 4028/4779/3607 
f 4028/4779/3607 4102/4853/3681 4101/4852/3680 
f 4111/4862/3690 4112/4863/3691 4113/4864/3692 
f 4113/4864/3692 4114/4865/3693 4111/4862/3690 
f 4111/4866/3694 4115/4867/3695 4035/4786/3614 
f 4035/4786/3614 4112/4868/3696 4111/4866/3694 
f 4111/4869/3697 4114/4870/3698 4016/4767/3595 
f 4016/4767/3595 4115/4871/3699 4111/4869/3697 
f 4116/4872/3700 4117/4873/3701 4118/4874/3702 
f 4118/4874/3702 4119/4875/3703 4116/4872/3700 
f 4116/4876/3704 4120/4877/3705 4025/4776/3604 
f 4025/4776/3604 4117/4878/3706 4116/4876/3704 
f 4116/4879/3707 4119/4880/3708 4034/4785/3613 
f 4034/4785/3613 4120/4881/3709 4116/4879/3707 
f 4121/4882/3710 4122/4883/3711 4015/4766/3594 
f 4015/4766/3594 4123/4884/3712 4121/4882/3710 
f 4121/4885/3713 4124/4886/3714 4036/4787/3615 
f 4036/4787/3615 4122/4887/3715 4121/4885/3713 
f 4121/4888/3716 4123/4889/3717 4042/4793/3621 
f 4042/4793/3621 4124/4890/3718 4121/4888/3716 
f 4125/4891/3719 4126/4892/3720 4026/4777/3605 
f 4026/4777/3605 4127/4893/3721 4125/4891/3719 
f 4125/4894/3722 4128/4895/3723 4041/4792/3620 
f 4041/4792/3620 4126/4896/3724 4125/4894/3722 
f 4125/4897/3725 4127/4898/3726 4033/4784/3612 
f 4033/4784/3612 4128/4899/3727 4125/4897/3725 
f 4129/4900/3728 4130/4901/3729 4029/4780/3608 
f 4029/4780/3608 4131/4902/3730 4129/4900/3728 
f 4129/4903/3713 4132/4904/3731 4047/4798/3626 
f 4047/4798/3626 4130/4905/3732 4129/4903/3713 
f 4129/4906/3733 4131/4907/3734 4043/4794/3622 
f 4043/4794/3622 4132/4908/3735 4129/4906/3733 
f 4133/4909/3736 4134/4910/3737 4030/4781/3609 
f 4030/4781/3609 4135/4911/3738 4133/4909/3736 
f 4133/4912/3739 4136/4913/3740 4054/4805/3633 
f 4054/4805/3633 4134/4914/3741 4133/4912/3739 
f 4133/4915/3742 4135/4916/3743 4050/4801/3629 
f 4050/4801/3629 4136/4917/3744 4133/4915/3742 
f 4137/4918/3745 4138/4919/3746 4046/4797/3625 
f 4046/4797/3625 4139/4920/3747 4137/4918/3745 
f 4137/4921/3748 4140/4922/3749 4048/4799/3627 
f 4048/4799/3627 4138/4923/3750 4137/4921/3748 
f 4137/4924/3751 4139/4925/3752 4038/4789/3617 
f 4038/4789/3617 4140/4926/3753 4137/4924/3751 
f 4141/4927/3754 4142/4928/3755 4051/4802/3630 
f 4051/4802/3630 4143/4929/3756 4141/4927/3754 
f 4141/4930/3757 4144/4931/3758 4037/4788/3616 
f 4037/4788/3616 4142/4932/3759 4141/4930/3757 
f 4141/4933/3760 4143/4934/3761 4049/4800/3628 
f 4049/4800/3628 4144/4935/3762 4141/4933/3760 
f 4112/4868/3696 4035/4786/3614 4034/4785/3613 
f 4034/4785/3613 4119/4880/3708 4112/4868/3696 
f 4113/4864/3692 4112/4863/3691 4119/4875/3703 
f 4119/4875/3703 4118/4874/3702 4113/4864/3692 
f 4115/4871/3699 4016/4767/3595 4015/4766/3594 
f 4015/4766/3594 4122/4883/3711 4115/4871/3699 
f 4035/4786/3614 4115/4867/3695 4122/4887/3715 
f 4122/4887/3715 4036/4787/3615 4035/4786/3614 
f 4127/4893/3721 4026/4777/3605 4025/4776/3604 
f 4025/4776/3604 4120/4877/3705 4127/4893/3721 
f 4033/4784/3612 4127/4898/3726 4120/4881/3709 
f 4120/4881/3709 4034/4785/3613 4033/4784/3612 
f 4124/4890/3718 4042/4793/3621 4041/4792/3620 
f 4041/4792/3620 4128/4895/3723 4124/4890/3718 
f 4036/4787/3615 4124/4886/3714 4128/4899/3727 
f 4128/4899/3727 4033/4784/3612 4036/4787/3615 
f 4135/4911/3738 4030/4781/3609 4029/4780/3608 
f 4029/4780/3608 4130/4901/3729 4135/4911/3738 
f 4050/4801/3629 4135/4916/3743 4130/4905/3732 
f 4130/4905/3732 4047/4798/3626 4050/4801/3629 
f 4132/4908/3735 4043/4794/3622 4046/4797/3625 
f 4046/4797/3625 4138/4919/3746 4132/4908/3735 
f 4047/4798/3626 4132/4904/3731 4138/4923/3750 
f 4138/4923/3750 4048/4799/3627 4047/4798/3626 
f 4143/4929/3756 4051/4802/3630 4054/4805/3633 
f 4054/4805/3633 4136/4913/3740 4143/4929/3756 
f 4049/4800/3628 4143/4934/3761 4136/4917/3744 
f 4136/4917/3744 4050/4801/3629 4049/4800/3628 
f 4144/4935/3762 4049/4800/3628 4048/4799/3627 
f 4048/4799/3627 4140/4922/3749 4144/4935/3762 
f 4037/4788/3616 4144/4931/3758 4140/4926/3753 
f 4140/4926/3753 4038/4789/3617 4037/4788/3616 
f 4145/4936/3763 4012/4763/3591 4011/4762/3590 
f 4011/4762/3590 4146/4937/3764 4145/4936/3763 
f 4023/4774/3602 4145/4938/3765 4146/4939/3766 
f 4146/4939/3766 4028/4779/3607 4023/4774/3602 
f 4147/4940/3767 4056/4807/3635 4055/4806/3634 
f 4055/4806/3634 4148/4941/3768 4147/4940/3767 
f 4027/4778/3606 4147/4942/3769 4148/4943/3770 
f 4148/4943/3770 4024/4775/3603 4027/4778/3606 
f 4146/4937/3764 4011/4762/3590 4104/4855/3683 
f 4104/4855/3683 4149/4944/3771 4146/4937/3764 
f 4028/4779/3607 4146/4939/3766 4149/4945/3772 
f 4149/4945/3772 4102/4853/3681 4028/4779/3607 
f 4150/4946/3773 4059/4810/3638 4056/4807/3635 
f 4056/4807/3635 4147/4940/3767 4150/4946/3773 
f 4101/4852/3680 4150/4947/3774 4147/4942/3769 
f 4147/4942/3769 4027/4778/3606 4101/4852/3680 
f 4149/4944/3771 4104/4855/3683 4100/4851/3679 
f 4100/4851/3679 4151/4948/3775 4149/4944/3771 
f 4102/4853/3681 4149/4945/3772 4151/4949/3776 
f 4151/4949/3776 4096/4847/3675 4102/4853/3681 
f 4152/4950/3777 4061/4812/3640 4059/4810/3638 
f 4059/4810/3638 4150/4946/3773 4152/4950/3777 
f 4095/4846/3674 4152/4951/3778 4150/4947/3774 
f 4150/4947/3774 4101/4852/3680 4095/4846/3674 
f 4151/4948/3775 4100/4851/3679 4099/4850/3678 
f 4099/4850/3678 4153/4952/3779 4151/4948/3775 
f 4096/4847/3675 4151/4949/3776 4153/4953/3780 
f 4153/4953/3780 4020/4771/3599 4096/4847/3675 
f 4154/4954/3781 4064/4815/3643 4061/4812/3640 
f 4061/4812/3640 4152/4950/3777 4154/4954/3781 
f 4019/4770/3598 4154/4955/3782 4152/4951/3778 
f 4152/4951/3778 4095/4846/3674 4019/4770/3598 
f 4155/4956/3783 4098/4849/3677 4097/4848/3676 
f 4097/4848/3676 4156/4957/3784 4155/4956/3783 
f 4069/4820/3648 4155/4958/3785 4156/4959/3786 
f 4156/4959/3786 4076/4827/3655 4069/4820/3648 
f 4157/4960/3787 4062/4813/3641 4063/4814/3642 
f 4063/4814/3642 4158/4961/3788 4157/4960/3787 
f 4075/4826/3654 4157/4962/3789 4158/4963/3790 
f 4158/4963/3790 4070/4821/3649 4075/4826/3654 
f 4156/4957/3784 4097/4848/3676 4103/4854/3682 
f 4103/4854/3682 4159/4964/3791 4156/4957/3784 
f 4076/4827/3655 4156/4959/3786 4159/4965/3792 
f 4159/4965/3792 4072/4823/3651 4076/4827/3655 
f 4160/4966/3793 4060/4811/3639 4062/4813/3641 
f 4062/4813/3641 4157/4960/3787 4160/4966/3793 
f 4071/4822/3650 4160/4967/3794 4157/4962/3789 
f 4157/4962/3789 4075/4826/3654 4071/4822/3650 
f 4159/4964/3791 4103/4854/3682 4010/4761/3589 
f 4010/4761/3589 4161/4968/3795 4159/4964/3791 
f 4072/4823/3651 4159/4965/3792 4161/4969/3796 
f 4161/4969/3796 4022/4773/3601 4072/4823/3651 
f 4162/4970/3797 4057/4808/3636 4060/4811/3639 
f 4060/4811/3639 4160/4966/3793 4162/4970/3797 
f 4021/4772/3600 4162/4971/3798 4160/4967/3794 
f 4160/4967/3794 4071/4822/3650 4021/4772/3600 
f 4161/4968/3795 4010/4761/3589 4009/4760/3588 
f 4009/4760/3588 4163/4972/3799 4161/4968/3795 
f 4022/4773/3601 4161/4969/3796 4163/4973/3800 
f 4163/4973/3800 4014/4765/3593 4022/4773/3601 
f 4164/4974/3801 4058/4809/3637 4057/4808/3636 
f 4057/4808/3636 4162/4970/3797 4164/4974/3801 
f 4013/4764/3592 4164/4975/3802 4162/4971/3798 
f 4162/4971/3798 4021/4772/3600 4013/4764/3592 
f 4165/4976/3803 4018/4769/3597 4084/4835/3663 
f 4084/4835/3663 4166/4977/3804 4165/4976/3803 
f 4065/4816/3644 4165/4978/3805 4166/4979/3806 
f 4166/4979/3806 4110/4861/3689 4065/4816/3644 
f 4167/4980/3807 4091/4842/3670 4067/4818/3646 
f 4067/4818/3646 4168/4981/3808 4167/4980/3807 
f 4109/4860/3688 4167/4982/3809 4168/4983/3810 
f 4168/4983/3810 4066/4817/3645 4109/4860/3688 
f 4166/4977/3804 4084/4835/3663 4078/4829/3657 
f 4078/4829/3657 4169/4984/3811 4166/4977/3804 
f 4110/4861/3689 4166/4979/3806 4169/4985/3812 
f 4169/4985/3812 4108/4859/3687 4110/4861/3689 
f 4170/4986/3813 4093/4844/3672 4091/4842/3670 
f 4091/4842/3670 4167/4980/3807 4170/4986/3813 
f 4107/4858/3686 4170/4987/3814 4167/4982/3809 
f 4167/4982/3809 4109/4860/3688 4107/4858/3686 
f 4169/4984/3811 4078/4829/3657 4074/4825/3653 
f 4074/4825/3653 4171/4988/3815 4169/4984/3811 
f 4108/4859/3687 4169/4985/3812 4171/4989/3816 
f 4171/4989/3816 4106/4857/3685 4108/4859/3687 
f 4172/4990/3817 4087/4838/3666 4093/4844/3672 
f 4093/4844/3672 4170/4986/3813 4172/4990/3817 
f 4105/4856/3684 4172/4991/3818 4170/4987/3814 
f 4170/4987/3814 4107/4858/3686 4105/4856/3684 
f 4171/4988/3815 4074/4825/3653 4031/4782/3610 
f 4031/4782/3610 4173/4992/3819 4171/4988/3815 
f 4106/4857/3685 4171/4989/3816 4173/4993/3820 
f 4173/4993/3820 4053/4804/3632 4106/4857/3685 
f 4174/4994/3821 4040/4791/3619 4087/4838/3666 
f 4087/4838/3666 4172/4990/3817 4174/4994/3821 
f 4052/4803/3631 4174/4995/3822 4172/4991/3818 
f 4172/4991/3818 4105/4856/3684 4052/4803/3631 
f 4175/4996/3823 4032/4783/3611 4073/4824/3652 
f 4073/4824/3652 4176/4997/3824 4175/4996/3823 
f 4044/4795/3623 4175/4998/3825 4176/4999/3826 
f 4176/4999/3826 4090/4841/3669 4044/4795/3623 
f 4177/5000/3827 4088/4839/3667 4039/4790/3618 
f 4039/4790/3618 4178/5001/3828 4177/5000/3827 
f 4089/4840/3668 4177/5002/3829 4178/5003/3830 
f 4178/5003/3830 4045/4796/3624 4089/4840/3668 
f 4176/4997/3824 4073/4824/3652 4077/4828/3656 
f 4077/4828/3656 4179/5004/3831 4176/4997/3824 
f 4090/4841/3669 4176/4999/3826 4179/5005/3832 
f 4179/5005/3832 4086/4837/3665 4090/4841/3669 
f 4180/5006/3833 4094/4845/3673 4088/4839/3667 
f 4088/4839/3667 4177/5000/3827 4180/5006/3833 
f 4085/4836/3664 4180/5007/3834 4177/5002/3829 
f 4177/5002/3829 4089/4840/3668 4085/4836/3664 
f 4179/5004/3831 4077/4828/3656 4083/4834/3662 
f 4083/4834/3662 4181/5008/3835 4179/5004/3831 
f 4086/4837/3665 4179/5005/3832 4181/5009/3836 
f 4181/5009/3836 4081/4832/3660 4086/4837/3665 
f 4182/5010/3837 4092/4843/3671 4094/4845/3673 
f 4094/4845/3673 4180/5006/3833 4182/5010/3837 
f 4080/4831/3659 4182/5011/3838 4180/5007/3834 
f 4180/5007/3834 4085/4836/3664 4080/4831/3659 
f 4181/5008/3835 4083/4834/3662 4017/4768/3596 
f 4017/4768/3596 4183/5012/3839 4181/5008/3835 
f 4081/4832/3660 4181/5009/3836 4183/5013/3840 
f 4183/5013/3840 4082/4833/3661 4081/4832/3660 
f 4184/5014/3841 4068/4819/3647 4092/4843/3671 
f 4092/4843/3671 4182/5010/3837 4184/5014/3841 
f 4079/4830/3658 4184/5015/3842 4182/5011/3838 
f 4182/5011/3838 4080/4831/3659 4079/4830/3658 
f 4153/4952/3779 4099/4850/3678 4082/4833/3661 
f 4082/4833/3661 4183/5013/3840 4153/4952/3779 
f 4020/4771/3599 4153/4953/3780 4183/5012/3839 
f 4183/5012/3839 4017/4768/3596 4020/4771/3599 
f 4165/4978/3805 4065/4816/3644 4064/4815/3643 
f 4064/4815/3643 4154/4954/3781 4165/4978/3805 
f 4018/4769/3597 4165/4976/3803 4154/4955/3782 
f 4154/4955/3782 4019/4770/3598 4018/4769/3597 
f 4126/4896/3724 4041/4792/3620 4012/4763/3591 
f 4012/4763/3591 4145/4936/3763 4126/4896/3724 
f 4026/4777/3605 4126/4892/3720 4145/4938/3765 
f 4145/4938/3765 4023/4774/3602 4026/4777/3605 
f 4148/4941/3768 4055/4806/3634 4118/4874/3702 
f 4118/4874/3702 4117/4873/3701 4148/4941/3768 
f 4024/4775/3603 4148/4943/3770 4117/4878/3706 
f 4117/4878/3706 4025/4776/3604 4024/4775/3603 
f 4168/4981/3808 4067/4818/3646 4070/4821/3649 
f 4070/4821/3649 4158/4963/3790 4168/4981/3808 
f 4066/4817/3645 4168/4983/3810 4158/4961/3788 
f 4158/4961/3788 4063/4814/3642 4066/4817/3645 
f 4164/4975/3802 4013/4764/3592 4016/4767/3595 
f 4016/4767/3595 4114/4870/3698 4164/4975/3802 
f 4058/4809/3637 4164/4974/3801 4114/4865/3693 
f 4114/4865/3693 4113/4864/3692 4058/4809/3637 
f 4155/4958/3785 4069/4820/3648 4068/4819/3647 
f 4068/4819/3647 4184/5014/3841 4155/4958/3785 
f 4098/4849/3677 4155/4956/3783 4184/5015/3842 
f 4184/5015/3842 4079/4830/3658 4098/4849/3677 
f 4123/4884/3712 4015/4766/3594 4014/4765/3593 
f 4014/4765/3593 4163/4973/3800 4123/4884/3712 
f 4042/4793/3621 4123/4889/3717 4163/4972/3799 
f 4163/4972/3799 4009/4760/3588 4042/4793/3621 
f 4173/4992/3819 4031/4782/3610 4030/4781/3609 
f 4030/4781/3609 4134/4910/3737 4173/4992/3819 
f 4053/4804/3632 4173/4993/3820 4134/4914/3741 
f 4134/4914/3741 4054/4805/3633 4053/4804/3632 
f 4142/4932/3759 4037/4788/3616 4040/4791/3619 
f 4040/4791/3619 4174/4994/3821 4142/4932/3759 
f 4051/4802/3630 4142/4928/3755 4174/4995/3822 
f 4174/4995/3822 4052/4803/3631 4051/4802/3630 
f 4175/4998/3825 4044/4795/3623 4043/4794/3622 
f 4043/4794/3622 4131/4907/3734 4175/4998/3825 
f 4032/4783/3611 4175/4996/3823 4131/4902/3730 
f 4131/4902/3730 4029/4780/3608 4032/4783/3611 
f 4178/5001/3828 4039/4790/3618 4038/4789/3617 
f 4038/4789/3617 4139/4925/3752 4178/5001/3828 
f 4045/4796/3624 4178/5003/3830 4139/4920/3747 
f 4139/4920/3747 4046/4797/3625 4045/4796/3624 
f 4118/4874/3702 4055/4806/3634 4058/4809/3637 
f 4058/4809/3637 4113/4864/3692 4118/4874/3702 
f 4185/5016/3843 4186/5017/3844 4187/5018/3845 
f 4187/5018/3845 4188/5019/3846 4185/5016/3843 
f 4189/5020/3847 4190/5021/3848 4191/5022/3849 
f 4191/5022/3849 4192/5023/3850 4189/5020/3847 
f 4193/5024/3851 4194/5025/3852 4195/5026/3853 
f 4195/5026/3853 4196/5027/3854 4193/5024/3851 
f 4189/5020/3847 4197/5028/3855 4198/5029/3856 
f 4198/5029/3856 4190/5021/3848 4189/5020/3847 
f 4199/5030/3857 4200/5031/3858 4201/5032/3859 
f 4201/5032/3859 4202/5033/3860 4199/5030/3857 
f 4203/5034/3861 4200/5031/3858 4199/5030/3857 
f 4199/5030/3857 4204/5035/3862 4203/5034/3861 
f 4205/5036/3863 4206/5037/3864 4207/5038/3865 
f 4207/5038/3865 4208/5039/3866 4205/5036/3863 
f 4209/5040/3867 4210/5041/3868 4211/5042/3869 
f 4211/5042/3869 4212/5043/3870 4209/5040/3867 
f 4213/5044/3871 4214/5045/3872 4215/5046/3873 
f 4215/5046/3873 4216/5047/3874 4213/5044/3871 
f 4188/5019/3846 4217/5048/3875 4218/5049/3876 
f 4218/5049/3876 4185/5016/3843 4188/5019/3846 
f 4219/5050/3877 4220/5051/3878 4221/5052/3879 
f 4221/5052/3879 4222/5053/3880 4219/5050/3877 
f 4223/5054/3881 4224/5055/3882 4225/5056/3883 
f 4225/5056/3883 4226/5057/3884 4223/5054/3881 
f 4227/5058/3885 4228/5059/3886 4229/5060/3887 
f 4229/5060/3887 4230/5061/3888 4227/5058/3885 
f 4231/5062/3889 4232/5063/3890 4233/5064/3891 
f 4233/5064/3891 4234/5065/3892 4231/5062/3889 
f 4232/5063/3890 4235/5066/3893 4236/5067/3894 
f 4236/5067/3894 4233/5064/3891 4232/5063/3890 
f 4235/5066/3893 4237/5068/3895 4238/5069/3896 
f 4238/5069/3896 4236/5067/3894 4235/5066/3893 
f 4239/5070/3897 4240/5071/3898 4241/5072/3644 
f 4241/5072/3644 4242/5073/3899 4239/5070/3897 
f 4243/5074/3900 4244/5075/3901 4245/5076/3902 
f 4245/5076/3902 4246/5077/3903 4243/5074/3900 
f 4197/5028/3855 4247/5078/3904 4248/5079/3905 
f 4248/5079/3905 4198/5029/3856 4197/5028/3855 
f 4249/5080/3906 4208/5039/3866 4207/5038/3865 
f 4207/5038/3865 4250/5081/3907 4249/5080/3906 
f 4247/5078/3904 4251/5082/3908 4252/5083/3909 
f 4252/5083/3909 4248/5079/3905 4247/5078/3904 
f 4253/5084/3910 4249/5080/3906 4250/5081/3907 
f 4250/5081/3907 4254/5085/3911 4253/5084/3910 
f 4255/5086/3912 4256/5087/3913 4257/5088/3914 
f 4257/5088/3914 4258/5089/3915 4255/5086/3912 
f 4259/5090/3916 4253/5084/3910 4254/5085/3911 
f 4254/5085/3911 4260/5091/3917 4259/5090/3916 
f 4193/5024/3851 4259/5090/3916 4260/5091/3917 
f 4260/5091/3917 4194/5025/3852 4193/5024/3851 
f 4256/5087/3913 4261/5092/3918 4262/5093/3919 
f 4262/5093/3919 4257/5088/3914 4256/5087/3913 
f 4263/5094/3920 4216/5047/3874 4215/5046/3873 
f 4215/5046/3873 4264/5095/3921 4263/5094/3920 
f 4261/5092/3918 4265/5096/3922 4266/5097/3923 
f 4266/5097/3923 4262/5093/3919 4261/5092/3918 
f 4265/5096/3922 4221/5052/3879 4220/5051/3878 
f 4220/5051/3878 4266/5097/3923 4265/5096/3922 
f 4243/5074/3900 4267/5098/3924 4268/5099/3925 
f 4268/5099/3925 4244/5075/3901 4243/5074/3900 
f 4267/5098/3924 4269/5100/3926 4270/5101/3927 
f 4270/5101/3927 4268/5099/3925 4267/5098/3924 
f 4269/5100/3926 4263/5094/3920 4264/5095/3921 
f 4264/5095/3921 4270/5101/3927 4269/5100/3926 
f 4195/5026/3853 4271/5102/3928 4272/5103/3929 
f 4272/5103/3929 4196/5027/3854 4195/5026/3853 
f 4273/5104/3930 4274/5105/3931 4275/5106/3932 
f 4275/5106/3932 4276/5107/3933 4273/5104/3930 
f 4271/5102/3928 4277/5108/3934 4278/5109/3935 
f 4278/5109/3935 4272/5103/3929 4271/5102/3928 
f 4237/5068/3895 4240/5071/3898 4239/5070/3897 
f 4239/5070/3897 4238/5069/3896 4237/5068/3895 
f 4258/5089/3915 4275/5106/3932 4274/5105/3931 
f 4274/5105/3931 4255/5086/3912 4258/5089/3915 
f 4186/5017/3844 4279/5110/3936 4280/5111/3937 
f 4280/5111/3937 4187/5018/3845 4186/5017/3844 
f 4251/5082/3908 4246/5077/3903 4245/5076/3902 
f 4245/5076/3902 4252/5083/3909 4251/5082/3908 
f 4279/5110/3936 4273/5104/3930 4276/5107/3933 
f 4276/5107/3933 4280/5111/3937 4279/5110/3936 
f 4228/5059/3886 4281/5112/3938 4282/5113/3939 
f 4282/5113/3939 4229/5060/3887 4228/5059/3886 
f 4281/5112/3938 4283/5114/3940 4284/5115/3941 
f 4284/5115/3941 4282/5113/3939 4281/5112/3938 
f 4283/5114/3940 4285/5116/3942 4286/5117/3943 
f 4286/5117/3943 4284/5115/3941 4283/5114/3940 
f 4285/5116/3942 4242/5073/3899 4241/5072/3644 
f 4241/5072/3644 4286/5117/3943 4285/5116/3942 
f 4277/5108/3934 4203/5034/3861 4204/5035/3862 
f 4204/5035/3862 4278/5109/3935 4277/5108/3934 
f 4287/5118/3944 4288/5119/3945 4289/5120/3946 
f 4289/5120/3946 4290/5121/3947 4287/5118/3944 
f 4287/5122/3948 4291/5123/3949 4211/5042/3869 
f 4211/5042/3869 4288/5124/3950 4287/5122/3948 
f 4287/5125/3951 4290/5126/3952 4192/5023/3850 
f 4192/5023/3850 4291/5127/3953 4287/5125/3951 
f 4292/5128/3954 4293/5129/3955 4294/5130/3956 
f 4294/5130/3956 4295/5131/3957 4292/5128/3954 
f 4292/5132/3958 4296/5133/3959 4201/5032/3859 
f 4201/5032/3859 4293/5134/3960 4292/5132/3958 
f 4292/5135/3961 4295/5136/3962 4210/5041/3868 
f 4210/5041/3868 4296/5137/3963 4292/5135/3961 
f 4297/5138/3964 4298/5139/3965 4191/5022/3849 
f 4191/5022/3849 4299/5140/3966 4297/5138/3964 
f 4297/5141/3967 4300/5142/3968 4212/5043/3870 
f 4212/5043/3870 4298/5143/3969 4297/5141/3967 
f 4297/5144/3970 4299/5145/3971 4218/5049/3876 
f 4218/5049/3876 4300/5146/3972 4297/5144/3970 
f 4301/5147/3973 4302/5148/3974 4202/5033/3860 
f 4202/5033/3860 4303/5149/3975 4301/5147/3973 
f 4301/5150/3976 4304/5151/3977 4217/5048/3875 
f 4217/5048/3875 4302/5152/3978 4301/5150/3976 
f 4301/5153/3979 4303/5154/3980 4209/5040/3867 
f 4209/5040/3867 4304/5155/3981 4301/5153/3979 
f 4305/5156/3982 4306/5157/3983 4205/5036/3863 
f 4205/5036/3863 4307/5158/3984 4305/5156/3982 
f 4305/5159/3985 4308/5160/3986 4223/5054/3881 
f 4223/5054/3881 4306/5161/3987 4305/5159/3985 
f 4305/5162/3988 4307/5163/3989 4219/5050/3877 
f 4219/5050/3877 4308/5164/3990 4305/5162/3988 
f 4309/5165/3991 4310/5166/3992 4206/5037/3864 
f 4206/5037/3864 4311/5167/3993 4309/5165/3991 
f 4309/5168/3994 4312/5169/3995 4230/5061/3888 
f 4230/5061/3888 4310/5170/3996 4309/5168/3994 
f 4309/5171/3997 4311/5172/3695 4226/5057/3884 
f 4226/5057/3884 4312/5173/3998 4309/5171/3997 
f 4313/5174/3999 4314/5175/4000 4222/5053/3880 
f 4222/5053/3880 4315/5176/4001 4313/5174/3999 
f 4313/5177/4002 4316/5178/4003 4224/5055/3882 
f 4224/5055/3882 4314/5179/4004 4313/5177/4002 
f 4313/5180/4005 4315/5181/4006 4214/5045/3872 
f 4214/5045/3872 4316/5182/4007 4313/5180/4005 
f 4317/5183/4008 4318/5184/4009 4227/5058/3885 
f 4227/5058/3885 4319/5185/4010 4317/5183/4008 
f 4317/5186/4011 4320/5187/4012 4213/5044/3871 
f 4213/5044/3871 4318/5188/4013 4317/5186/4011 
f 4317/5189/4014 4319/5190/4015 4225/5056/3883 
f 4225/5056/3883 4320/5191/4016 4317/5189/4014 
f 4288/5124/3950 4211/5042/3869 4210/5041/3868 
f 4210/5041/3868 4295/5136/3962 4288/5124/3950 
f 4289/5120/3946 4288/5119/3945 4295/5131/3957 
f 4295/5131/3957 4294/5130/3956 4289/5120/3946 
f 4291/5127/3953 4192/5023/3850 4191/5022/3849 
f 4191/5022/3849 4298/5139/3965 4291/5127/3953 
f 4211/5042/3869 4291/5123/3949 4298/5143/3969 
f 4298/5143/3969 4212/5043/3870 4211/5042/3869 
f 4303/5149/3975 4202/5033/3860 4201/5032/3859 
f 4201/5032/3859 4296/5133/3959 4303/5149/3975 
f 4209/5040/3867 4303/5154/3980 4296/5137/3963 
f 4296/5137/3963 4210/5041/3868 4209/5040/3867 
f 4300/5146/3972 4218/5049/3876 4217/5048/3875 
f 4217/5048/3875 4304/5151/3977 4300/5146/3972 
f 4212/5043/3870 4300/5142/3968 4304/5155/3981 
f 4304/5155/3981 4209/5040/3867 4212/5043/3870 
f 4311/5167/3993 4206/5037/3864 4205/5036/3863 
f 4205/5036/3863 4306/5157/3983 4311/5167/3993 
f 4226/5057/3884 4311/5172/3695 4306/5161/3987 
f 4306/5161/3987 4223/5054/3881 4226/5057/3884 
f 4308/5164/3990 4219/5050/3877 4222/5053/3880 
f 4222/5053/3880 4314/5175/4000 4308/5164/3990 
f 4223/5054/3881 4308/5160/3986 4314/5179/4004 
f 4314/5179/4004 4224/5055/3882 4223/5054/3881 
f 4319/5185/4010 4227/5058/3885 4230/5061/3888 
f 4230/5061/3888 4312/5169/3995 4319/5185/4010 
f 4225/5056/3883 4319/5190/4015 4312/5173/3998 
f 4312/5173/3998 4226/5057/3884 4225/5056/3883 
f 4320/5191/4016 4225/5056/3883 4224/5055/3882 
f 4224/5055/3882 4316/5178/4003 4320/5191/4016 
f 4213/5044/3871 4320/5187/4012 4316/5182/4007 
f 4316/5182/4007 4214/5045/3872 4213/5044/3871 
f 4321/5192/4017 4188/5019/3846 4187/5018/3845 
f 4187/5018/3845 4322/5193/4018 4321/5192/4017 
f 4199/5030/3857 4321/5194/4019 4322/5195/4020 
f 4322/5195/4020 4204/5035/3862 4199/5030/3857 
f 4323/5196/4021 4232/5063/3890 4231/5062/3889 
f 4231/5062/3889 4324/5197/4022 4323/5196/4021 
f 4203/5034/3861 4323/5198/4023 4324/5199/4024 
f 4324/5199/4024 4200/5031/3858 4203/5034/3861 
f 4322/5193/4018 4187/5018/3845 4280/5111/3937 
f 4280/5111/3937 4325/5200/4025 4322/5193/4018 
f 4204/5035/3862 4322/5195/4020 4325/5201/4026 
f 4325/5201/4026 4278/5109/3935 4204/5035/3862 
f 4326/5202/4027 4235/5066/3893 4232/5063/3890 
f 4232/5063/3890 4323/5196/4021 4326/5202/4027 
f 4277/5108/3934 4326/5203/4028 4323/5198/4023 
f 4323/5198/4023 4203/5034/3861 4277/5108/3934 
f 4325/5200/4025 4280/5111/3937 4276/5107/3933 
f 4276/5107/3933 4327/5204/4029 4325/5200/4025 
f 4278/5109/3935 4325/5201/4026 4327/5205/4030 
f 4327/5205/4030 4272/5103/3929 4278/5109/3935 
f 4328/5206/4031 4237/5068/3895 4235/5066/3893 
f 4235/5066/3893 4326/5202/4027 4328/5206/4031 
f 4271/5102/3928 4328/5207/4032 4326/5203/4028 
f 4326/5203/4028 4277/5108/3934 4271/5102/3928 
f 4327/5204/4029 4276/5107/3933 4275/5106/3932 
f 4275/5106/3932 4329/5208/4033 4327/5204/4029 
f 4272/5103/3929 4327/5205/4030 4329/5209/4034 
f 4329/5209/4034 4196/5027/3854 4272/5103/3929 
f 4330/5210/4035 4240/5071/3898 4237/5068/3895 
f 4237/5068/3895 4328/5206/4031 4330/5210/4035 
f 4195/5026/3853 4330/5211/4036 4328/5207/4032 
f 4328/5207/4032 4271/5102/3928 4195/5026/3853 
f 4331/5212/4037 4274/5105/3931 4273/5104/3930 
f 4273/5104/3930 4332/5213/4038 4331/5212/4037 
f 4245/5076/3902 4331/5214/4039 4332/5215/4040 
f 4332/5215/4040 4252/5083/3909 4245/5076/3902 
f 4333/5216/4041 4238/5069/3896 4239/5070/3897 
f 4239/5070/3897 4334/5217/4042 4333/5216/4041 
f 4251/5082/3908 4333/5218/4043 4334/5219/4044 
f 4334/5219/4044 4246/5077/3903 4251/5082/3908 
f 4332/5213/4038 4273/5104/3930 4279/5110/3936 
f 4279/5110/3936 4335/5220/4045 4332/5213/4038 
f 4252/5083/3909 4332/5215/4040 4335/5221/4046 
f 4335/5221/4046 4248/5079/3905 4252/5083/3909 
f 4336/5222/4047 4236/5067/3894 4238/5069/3896 
f 4238/5069/3896 4333/5216/4041 4336/5222/4047 
f 4247/5078/3904 4336/5223/4048 4333/5218/4043 
f 4333/5218/4043 4251/5082/3908 4247/5078/3904 
f 4335/5220/4045 4279/5110/3936 4186/5017/3844 
f 4186/5017/3844 4337/5224/4049 4335/5220/4045 
f 4248/5079/3905 4335/5221/4046 4337/5225/4050 
f 4337/5225/4050 4198/5029/3856 4248/5079/3905 
f 4338/5226/4051 4233/5064/3891 4236/5067/3894 
f 4236/5067/3894 4336/5222/4047 4338/5226/4051 
f 4197/5028/3855 4338/5227/4052 4336/5223/4048 
f 4336/5223/4048 4247/5078/3904 4197/5028/3855 
f 4337/5224/4049 4186/5017/3844 4185/5016/3843 
f 4185/5016/3843 4339/5228/4053 4337/5224/4049 
f 4198/5029/3856 4337/5225/4050 4339/5229/4054 
f 4339/5229/4054 4190/5021/3848 4198/5029/3856 
f 4340/5230/4055 4234/5065/3892 4233/5064/3891 
f 4233/5064/3891 4338/5226/4051 4340/5230/4055 
f 4189/5020/3847 4340/5231/4056 4338/5227/4052 
f 4338/5227/4052 4197/5028/3855 4189/5020/3847 
f 4341/5232/4057 4194/5025/3852 4260/5091/3917 
f 4260/5091/3917 4342/5233/4058 4341/5232/4057 
f 4241/5072/3644 4341/5234/4059 4342/5235/4060 
f 4342/5235/4060 4286/5117/3943 4241/5072/3644 
f 4343/5236/4061 4267/5098/3924 4243/5074/3900 
f 4243/5074/3900 4344/5237/4062 4343/5236/4061 
f 4285/5116/3942 4343/5238/4063 4344/5239/4064 
f 4344/5239/4064 4242/5073/3899 4285/5116/3942 
f 4342/5233/4058 4260/5091/3917 4254/5085/3911 
f 4254/5085/3911 4345/5240/4065 4342/5233/4058 
f 4286/5117/3943 4342/5235/4060 4345/5241/4066 
f 4345/5241/4066 4284/5115/3941 4286/5117/3943 
f 4346/5242/4067 4269/5100/3926 4267/5098/3924 
f 4267/5098/3924 4343/5236/4061 4346/5242/4067 
f 4283/5114/3940 4346/5243/4068 4343/5238/4063 
f 4343/5238/4063 4285/5116/3942 4283/5114/3940 
f 4345/5240/4065 4254/5085/3911 4250/5081/3907 
f 4250/5081/3907 4347/5244/4069 4345/5240/4065 
f 4284/5115/3941 4345/5241/4066 4347/5245/4070 
f 4347/5245/4070 4282/5113/3939 4284/5115/3941 
f 4348/5246/4071 4263/5094/3920 4269/5100/3926 
f 4269/5100/3926 4346/5242/4067 4348/5246/4071 
f 4281/5112/3938 4348/5247/4072 4346/5243/4068 
f 4346/5243/4068 4283/5114/3940 4281/5112/3938 
f 4347/5244/4069 4250/5081/3907 4207/5038/3865 
f 4207/5038/3865 4349/5248/4073 4347/5244/4069 
f 4282/5113/3939 4347/5245/4070 4349/5249/4074 
f 4349/5249/4074 4229/5060/3887 4282/5113/3939 
f 4350/5250/4075 4216/5047/3874 4263/5094/3920 
f 4263/5094/3920 4348/5246/4071 4350/5250/4075 
f 4228/5059/3886 4350/5251/4076 4348/5247/4072 
f 4348/5247/4072 4281/5112/3938 4228/5059/3886 
f 4351/5252/4077 4208/5039/3866 4249/5080/3906 
f 4249/5080/3906 4352/5253/4078 4351/5252/4077 
f 4220/5051/3878 4351/5254/4079 4352/5255/4080 
f 4352/5255/4080 4266/5097/3923 4220/5051/3878 
f 4353/5256/4081 4264/5095/3921 4215/5046/3873 
f 4215/5046/3873 4354/5257/4082 4353/5256/4081 
f 4265/5096/3922 4353/5258/4083 4354/5259/4084 
f 4354/5259/4084 4221/5052/3879 4265/5096/3922 
f 4352/5253/4078 4249/5080/3906 4253/5084/3910 
f 4253/5084/3910 4355/5260/4085 4352/5253/4078 
f 4266/5097/3923 4352/5255/4080 4355/5261/4086 
f 4355/5261/4086 4262/5093/3919 4266/5097/3923 
f 4356/5262/4087 4270/5101/3927 4264/5095/3921 
f 4264/5095/3921 4353/5256/4081 4356/5262/4087 
f 4261/5092/3918 4356/5263/4088 4353/5258/4083 
f 4353/5258/4083 4265/5096/3922 4261/5092/3918 
f 4355/5260/4085 4253/5084/3910 4259/5090/3916 
f 4259/5090/3916 4357/5264/4089 4355/5260/4085 
f 4262/5093/3919 4355/5261/4086 4357/5265/4090 
f 4357/5265/4090 4257/5088/3914 4262/5093/3919 
f 4358/5266/4091 4268/5099/3925 4270/5101/3927 
f 4270/5101/3927 4356/5262/4087 4358/5266/4091 
f 4256/5087/3913 4358/5267/4092 4356/5263/4088 
f 4356/5263/4088 4261/5092/3918 4256/5087/3913 
f 4357/5264/4089 4259/5090/3916 4193/5024/3851 
f 4193/5024/3851 4359/5268/4093 4357/5264/4089 
f 4257/5088/3914 4357/5265/4090 4359/5269/4094 
f 4359/5269/4094 4258/5089/3915 4257/5088/3914 
f 4360/5270/4095 4244/5075/3901 4268/5099/3925 
f 4268/5099/3925 4358/5266/4091 4360/5270/4095 
f 4255/5086/3912 4360/5271/4096 4358/5267/4092 
f 4358/5267/4092 4256/5087/3913 4255/5086/3912 
f 4329/5208/4033 4275/5106/3932 4258/5089/3915 
f 4258/5089/3915 4359/5269/4094 4329/5208/4033 
f 4196/5027/3854 4329/5209/4034 4359/5268/4093 
f 4359/5268/4093 4193/5024/3851 4196/5027/3854 
f 4341/5234/4059 4241/5072/3644 4240/5071/3898 
f 4240/5071/3898 4330/5210/4035 4341/5234/4059 
f 4194/5025/3852 4341/5232/4057 4330/5211/4036 
f 4330/5211/4036 4195/5026/3853 4194/5025/3852 
f 4302/5152/3978 4217/5048/3875 4188/5019/3846 
f 4188/5019/3846 4321/5192/4017 4302/5152/3978 
f 4202/5033/3860 4302/5148/3974 4321/5194/4019 
f 4321/5194/4019 4199/5030/3857 4202/5033/3860 
f 4324/5197/4022 4231/5062/3889 4294/5130/3956 
f 4294/5130/3956 4293/5129/3955 4324/5197/4022 
f 4200/5031/3858 4324/5199/4024 4293/5134/3960 
f 4293/5134/3960 4201/5032/3859 4200/5031/3858 
f 4344/5237/4062 4243/5074/3900 4246/5077/3903 
f 4246/5077/3903 4334/5219/4044 4344/5237/4062 
f 4242/5073/3899 4344/5239/4064 4334/5217/4042 
f 4334/5217/4042 4239/5070/3897 4242/5073/3899 
f 4340/5231/4056 4189/5020/3847 4192/5023/3850 
f 4192/5023/3850 4290/5126/3952 4340/5231/4056 
f 4234/5065/3892 4340/5230/4055 4290/5121/3947 
f 4290/5121/3947 4289/5120/3946 4234/5065/3892 
f 4331/5214/4039 4245/5076/3902 4244/5075/3901 
f 4244/5075/3901 4360/5270/4095 4331/5214/4039 
f 4274/5105/3931 4331/5212/4037 4360/5271/4096 
f 4360/5271/4096 4255/5086/3912 4274/5105/3931 
f 4299/5140/3966 4191/5022/3849 4190/5021/3848 
f 4190/5021/3848 4339/5229/4054 4299/5140/3966 
f 4218/5049/3876 4299/5145/3971 4339/5228/4053 
f 4339/5228/4053 4185/5016/3843 4218/5049/3876 
f 4349/5248/4073 4207/5038/3865 4206/5037/3864 
f 4206/5037/3864 4310/5166/3992 4349/5248/4073 
f 4229/5060/3887 4349/5249/4074 4310/5170/3996 
f 4310/5170/3996 4230/5061/3888 4229/5060/3887 
f 4318/5188/4013 4213/5044/3871 4216/5047/3874 
f 4216/5047/3874 4350/5250/4075 4318/5188/4013 
f 4227/5058/3885 4318/5184/4009 4350/5251/4076 
f 4350/5251/4076 4228/5059/3886 4227/5058/3885 
f 4351/5254/4079 4220/5051/3878 4219/5050/3877 
f 4219/5050/3877 4307/5163/3989 4351/5254/4079 
f 4208/5039/3866 4351/5252/4077 4307/5158/3984 
f 4307/5158/3984 4205/5036/3863 4208/5039/3866 
f 4354/5257/4082 4215/5046/3873 4214/5045/3872 
f 4214/5045/3872 4315/5181/4006 4354/5257/4082 
f 4221/5052/3879 4354/5259/4084 4315/5176/4001 
f 4315/5176/4001 4222/5053/3880 4221/5052/3879 
f 4294/5130/3956 4231/5062/3889 4234/5065/3892 
f 4234/5065/3892 4289/5120/3946 4294/5130/3956 
f 4361/5272/4097 4362/5273/4098 4363/5274/4099 
f 4363/5274/4099 4364/5275/4100 4361/5272/4097 
f 4365/5276/4101 4366/5277/4102 4367/5278/4103 
f 4367/5278/4103 4368/5279/4104 4365/5276/4101 
f 4369/5280/4105 4370/5281/4106 4371/5282/4107 
f 4371/5282/4107 4372/5283/4108 4369/5280/4105 
f 4367/5278/4103 4366/5277/4102 4373/5284/4109 
f 4373/5284/4109 4374/5285/4110 4367/5278/4103 
f 4375/5286/4111 4376/5287/4112 4377/5288/4113 
f 4377/5288/4113 4378/5289/4114 4375/5286/4111 
f 4379/5290/4115 4380/5291/4116 4377/5288/4113 
f 4377/5288/4113 4376/5287/4112 4379/5290/4115 
f 4381/5292/4117 4382/5293/4118 4383/5294/4119 
f 4383/5294/4119 4384/5295/4120 4381/5292/4117 
f 4385/5296/4121 4386/5297/4122 4387/5298/4123 
f 4387/5298/4123 4388/5299/4124 4385/5296/4121 
f 4389/5300/4125 4390/5301/4126 4391/5302/4127 
f 4391/5302/4127 4392/5303/4128 4389/5300/4125 
f 4362/5273/4098 4361/5272/4097 4393/5304/4129 
f 4393/5304/4129 4394/5305/4130 4362/5273/4098 
f 4395/5306/4131 4396/5307/4132 4397/5308/4133 
f 4397/5308/4133 4398/5309/4134 4395/5306/4131 
f 4399/5310/4122 4400/5311/4135 4401/5312/4136 
f 4401/5312/4136 4402/5313/4137 4399/5310/4122 
f 4403/5314/4138 4404/5315/4139 4405/5316/4140 
f 4405/5316/4140 4406/5317/4141 4403/5314/4138 
f 4407/5318/4142 4408/5319/4143 4409/5320/4144 
f 4409/5320/4144 4410/5321/4145 4407/5318/4142 
f 4410/5321/4145 4409/5320/4144 4411/5322/4146 
f 4411/5322/4146 4412/5323/4147 4410/5321/4145 
f 4412/5323/4147 4411/5322/4146 4413/5324/4148 
f 4413/5324/4148 4414/5325/4149 4412/5323/4147 
f 4415/5326/4150 4416/5327/4151 4417/5328/4152 
f 4417/5328/4152 4418/5329/4153 4415/5326/4150 
f 4419/5330/4154 4420/5331/4155 4421/5332/4156 
f 4421/5332/4156 4422/5333/4157 4419/5330/4154 
f 4374/5285/4110 4373/5284/4109 4423/5334/4158 
f 4423/5334/4158 4424/5335/4159 4374/5285/4110 
f 4425/5336/4160 4426/5337/4161 4381/5292/4117 
f 4381/5292/4117 4384/5295/4120 4425/5336/4160 
f 4424/5335/4159 4423/5334/4158 4427/5338/4162 
f 4427/5338/4162 4428/5339/4163 4424/5335/4159 
f 4429/5340/4164 4430/5341/4165 4426/5337/4161 
f 4426/5337/4161 4425/5336/4160 4429/5340/4164 
f 4431/5342/4166 4432/5343/4167 4433/5344/4168 
f 4433/5344/4168 4434/5345/4169 4431/5342/4166 
f 4435/5346/4170 4436/5347/4171 4430/5341/4165 
f 4430/5341/4165 4429/5340/4164 4435/5346/4170 
f 4371/5282/4107 4370/5281/4106 4436/5347/4171 
f 4436/5347/4171 4435/5346/4170 4371/5282/4107 
f 4434/5345/4169 4433/5344/4168 4437/5348/4172 
f 4437/5348/4172 4438/5349/4173 4434/5345/4169 
f 4439/5350/4174 4440/5351/4175 4389/5300/4125 
f 4389/5300/4125 4392/5303/4128 4439/5350/4174 
f 4438/5349/4173 4437/5348/4172 4441/5352/4176 
f 4441/5352/4176 4442/5353/4177 4438/5349/4173 
f 4442/5353/4177 4441/5352/4176 4398/5309/4134 
f 4398/5309/4134 4397/5308/4133 4442/5353/4177 
f 4421/5332/4156 4420/5331/4155 4443/5354/4178 
f 4443/5354/4178 4444/5355/4179 4421/5332/4156 
f 4444/5355/4179 4443/5354/4178 4445/5356/4180 
f 4445/5356/4180 4446/5357/4181 4444/5355/4179 
f 4446/5357/4181 4445/5356/4180 4440/5351/4175 
f 4440/5351/4175 4439/5350/4174 4446/5357/4181 
f 4369/5280/4105 4372/5283/4108 4447/5358/4182 
f 4447/5358/4182 4448/5359/4183 4369/5280/4105 
f 4449/5360/4184 4450/5361/4185 4451/5362/4186 
f 4451/5362/4186 4452/5363/4187 4449/5360/4184 
f 4448/5359/4183 4447/5358/4182 4453/5364/4188 
f 4453/5364/4188 4454/5365/4189 4448/5359/4183 
f 4414/5325/4149 4413/5324/4148 4418/5329/4153 
f 4418/5329/4153 4417/5328/4152 4414/5325/4149 
f 4452/5363/4187 4451/5362/4186 4432/5343/4167 
f 4432/5343/4167 4431/5342/4166 4452/5363/4187 
f 4364/5275/4100 4363/5274/4099 4455/5366/4190 
f 4455/5366/4190 4456/5367/4191 4364/5275/4100 
f 4428/5339/4163 4427/5338/4162 4419/5330/4154 
f 4419/5330/4154 4422/5333/4157 4428/5339/4163 
f 4456/5367/4191 4455/5366/4190 4450/5361/4185 
f 4450/5361/4185 4449/5360/4184 4456/5367/4191 
f 4406/5317/4141 4405/5316/4140 4457/5368/4192 
f 4457/5368/4192 4458/5369/4193 4406/5317/4141 
f 4458/5369/4193 4457/5368/4192 4459/5370/4194 
f 4459/5370/4194 4460/5371/4195 4458/5369/4193 
f 4460/5371/4195 4459/5370/4194 4461/5372/4196 
f 4461/5372/4196 4462/5373/4197 4460/5371/4195 
f 4462/5373/4197 4461/5372/4196 4416/5327/4151 
f 4416/5327/4151 4415/5326/4150 4462/5373/4197 
f 4454/5365/4189 4453/5364/4188 4380/5291/4116 
f 4380/5291/4116 4379/5290/4115 4454/5365/4189 
f 4463/5374/4198 4464/5375/4199 4465/5376/4200 
f 4465/5376/4200 4466/5377/4201 4463/5374/4198 
f 4463/5378/4202 4466/5379/4203 4387/5298/4123 
f 4387/5298/4123 4467/5380/4204 4463/5378/4202 
f 4463/5381/4205 4467/5382/4206 4368/5279/4104 
f 4368/5279/4104 4464/5383/4207 4463/5381/4205 
f 4468/5384/4208 4469/5385/4209 4470/5386/4210 
f 4470/5386/4210 4471/5387/4211 4468/5384/4208 
f 4468/5388/4212 4471/5389/4213 4375/5286/4111 
f 4375/5286/4111 4472/5390/4214 4468/5388/4212 
f 4468/5391/4215 4472/5392/4216 4388/5299/4124 
f 4388/5299/4124 4469/5393/4217 4468/5391/4215 
f 4473/5394/4218 4474/5395/4219 4365/5276/4101 
f 4365/5276/4101 4475/5396/4220 4473/5394/4218 
f 4473/5397/4221 4475/5398/4222 4386/5297/4122 
f 4386/5297/4122 4476/5399/4223 4473/5397/4221 
f 4473/5400/4224 4476/5401/4225 4393/5304/4129 
f 4393/5304/4129 4474/5402/4226 4473/5400/4224 
f 4477/5403/4227 4478/5404/4228 4378/5289/4114 
f 4378/5289/4114 4479/5405/4229 4477/5403/4227 
f 4477/5406/4230 4479/5407/4231 4394/5305/4130 
f 4394/5305/4130 4480/5408/4232 4477/5406/4230 
f 4477/5409/4233 4480/5410/4234 4385/5296/4121 
f 4385/5296/4121 4478/5411/4235 4477/5409/4233 
f 4481/5412/4236 4482/5413/4237 4383/5294/4119 
f 4383/5294/4119 4483/5414/4238 4481/5412/4236 
f 4481/5415/4239 4483/5416/4240 4399/5310/4122 
f 4399/5310/4122 4484/5417/4241 4481/5415/4239 
f 4481/5418/4242 4484/5419/4243 4395/5306/4131 
f 4395/5306/4131 4482/5420/4244 4481/5418/4242 
f 4485/5421/4245 4486/5422/4246 4382/5293/4118 
f 4382/5293/4118 4487/5423/4247 4485/5421/4245 
f 4485/5424/4198 4487/5425/4248 4404/5315/4139 
f 4404/5315/4139 4488/5426/4249 4485/5424/4198 
f 4485/5427/4250 4488/5428/4251 4400/5311/4135 
f 4400/5311/4135 4486/5429/4252 4485/5427/4250 
f 4489/5430/4253 4490/5431/4254 4396/5307/4132 
f 4396/5307/4132 4491/5432/4255 4489/5430/4253 
f 4489/5433/4256 4491/5434/4257 4402/5313/4137 
f 4402/5313/4137 4492/5435/4258 4489/5433/4256 
f 4489/5436/4259 4492/5437/4228 4390/5301/4126 
f 4390/5301/4126 4490/5438/4260 4489/5436/4259 
f 4493/5439/4261 4494/5440/4262 4403/5314/4138 
f 4403/5314/4138 4495/5441/4263 4493/5439/4261 
f 4493/5442/4264 4495/5443/4265 4391/5302/4127 
f 4391/5302/4127 4496/5444/4266 4493/5442/4264 
f 4493/5445/4267 4496/5446/4268 4401/5312/4136 
f 4401/5312/4136 4494/5447/4269 4493/5445/4267 
f 4466/5379/4203 4469/5393/4217 4388/5299/4124 
f 4388/5299/4124 4387/5298/4123 4466/5379/4203 
f 4465/5376/4200 4470/5386/4210 4469/5385/4209 
f 4469/5385/4209 4466/5377/4201 4465/5376/4200 
f 4467/5382/4206 4475/5396/4220 4365/5276/4101 
f 4365/5276/4101 4368/5279/4104 4467/5382/4206 
f 4387/5298/4123 4386/5297/4122 4475/5398/4222 
f 4475/5398/4222 4467/5380/4204 4387/5298/4123 
f 4478/5404/4228 4472/5390/4214 4375/5286/4111 
f 4375/5286/4111 4378/5289/4114 4478/5404/4228 
f 4385/5296/4121 4388/5299/4124 4472/5392/4216 
f 4472/5392/4216 4478/5411/4235 4385/5296/4121 
f 4476/5401/4225 4480/5408/4232 4394/5305/4130 
f 4394/5305/4130 4393/5304/4129 4476/5401/4225 
f 4386/5297/4122 4385/5296/4121 4480/5410/4234 
f 4480/5410/4234 4476/5399/4223 4386/5297/4122 
f 4486/5422/4246 4483/5414/4238 4383/5294/4119 
f 4383/5294/4119 4382/5293/4118 4486/5422/4246 
f 4400/5311/4135 4399/5310/4122 4483/5416/4240 
f 4483/5416/4240 4486/5429/4252 4400/5311/4135 
f 4484/5419/4243 4491/5432/4255 4396/5307/4132 
f 4396/5307/4132 4395/5306/4131 4484/5419/4243 
f 4399/5310/4122 4402/5313/4137 4491/5434/4257 
f 4491/5434/4257 4484/5417/4241 4399/5310/4122 
f 4494/5440/4262 4488/5426/4249 4404/5315/4139 
f 4404/5315/4139 4403/5314/4138 4494/5440/4262 
f 4401/5312/4136 4400/5311/4135 4488/5428/4251 
f 4488/5428/4251 4494/5447/4269 4401/5312/4136 
f 4496/5446/4268 4492/5435/4258 4402/5313/4137 
f 4402/5313/4137 4401/5312/4136 4496/5446/4268 
f 4391/5302/4127 4390/5301/4126 4492/5437/4228 
f 4492/5437/4228 4496/5444/4266 4391/5302/4127 
f 4497/5448/4270 4498/5449/4271 4363/5274/4099 
f 4363/5274/4099 4362/5273/4098 4497/5448/4270 
f 4377/5288/4113 4380/5291/4116 4498/5450/4272 
f 4498/5450/4272 4497/5451/4273 4377/5288/4113 
f 4499/5452/4274 4500/5453/4275 4407/5318/4142 
f 4407/5318/4142 4410/5321/4145 4499/5452/4274 
f 4379/5290/4115 4376/5287/4112 4500/5454/4276 
f 4500/5454/4276 4499/5455/4277 4379/5290/4115 
f 4498/5449/4271 4501/5456/4278 4455/5366/4190 
f 4455/5366/4190 4363/5274/4099 4498/5449/4271 
f 4380/5291/4116 4453/5364/4188 4501/5457/4279 
f 4501/5457/4279 4498/5450/4272 4380/5291/4116 
f 4502/5458/4280 4499/5452/4274 4410/5321/4145 
f 4410/5321/4145 4412/5323/4147 4502/5458/4280 
f 4454/5365/4189 4379/5290/4115 4499/5455/4277 
f 4499/5455/4277 4502/5459/4281 4454/5365/4189 
f 4501/5456/4278 4503/5460/4282 4450/5361/4185 
f 4450/5361/4185 4455/5366/4190 4501/5456/4278 
f 4453/5364/4188 4447/5358/4182 4503/5461/4283 
f 4503/5461/4283 4501/5457/4279 4453/5364/4188 
f 4504/5462/4284 4502/5458/4280 4412/5323/4147 
f 4412/5323/4147 4414/5325/4149 4504/5462/4284 
f 4448/5359/4183 4454/5365/4189 4502/5459/4281 
f 4502/5459/4281 4504/5463/4285 4448/5359/4183 
f 4503/5460/4282 4505/5464/4286 4451/5362/4186 
f 4451/5362/4186 4450/5361/4185 4503/5460/4282 
f 4447/5358/4182 4372/5283/4108 4505/5465/4287 
f 4505/5465/4287 4503/5461/4283 4447/5358/4182 
f 4506/5466/4288 4504/5462/4284 4414/5325/4149 
f 4414/5325/4149 4417/5328/4152 4506/5466/4288 
f 4369/5280/4105 4448/5359/4183 4504/5463/4285 
f 4504/5463/4285 4506/5467/4289 4369/5280/4105 
f 4507/5468/4290 4508/5469/4291 4449/5360/4184 
f 4449/5360/4184 4452/5363/4187 4507/5468/4290 
f 4419/5330/4154 4427/5338/4162 4508/5470/4292 
f 4508/5470/4292 4507/5471/4293 4419/5330/4154 
f 4509/5472/4294 4510/5473/4295 4418/5329/4153 
f 4418/5329/4153 4413/5324/4148 4509/5472/4294 
f 4428/5339/4163 4422/5333/4157 4510/5474/4296 
f 4510/5474/4296 4509/5475/4297 4428/5339/4163 
f 4508/5469/4291 4511/5476/4298 4456/5367/4191 
f 4456/5367/4191 4449/5360/4184 4508/5469/4291 
f 4427/5338/4162 4423/5334/4158 4511/5477/4299 
f 4511/5477/4299 4508/5470/4292 4427/5338/4162 
f 4512/5478/4300 4509/5472/4294 4413/5324/4148 
f 4413/5324/4148 4411/5322/4146 4512/5478/4300 
f 4424/5335/4159 4428/5339/4163 4509/5475/4297 
f 4509/5475/4297 4512/5479/4301 4424/5335/4159 
f 4511/5476/4298 4513/5480/4302 4364/5275/4100 
f 4364/5275/4100 4456/5367/4191 4511/5476/4298 
f 4423/5334/4158 4373/5284/4109 4513/5481/4303 
f 4513/5481/4303 4511/5477/4299 4423/5334/4158 
f 4514/5482/4304 4512/5478/4300 4411/5322/4146 
f 4411/5322/4146 4409/5320/4144 4514/5482/4304 
f 4374/5285/4110 4424/5335/4159 4512/5479/4301 
f 4512/5479/4301 4514/5483/4305 4374/5285/4110 
f 4513/5480/4302 4515/5484/4306 4361/5272/4097 
f 4361/5272/4097 4364/5275/4100 4513/5480/4302 
f 4373/5284/4109 4366/5277/4102 4515/5485/4307 
f 4515/5485/4307 4513/5481/4303 4373/5284/4109 
f 4516/5486/4308 4514/5482/4304 4409/5320/4144 
f 4409/5320/4144 4408/5319/4143 4516/5486/4308 
f 4367/5278/4103 4374/5285/4110 4514/5483/4305 
f 4514/5483/4305 4516/5487/4309 4367/5278/4103 
f 4517/5488/4310 4518/5489/4311 4436/5347/4171 
f 4436/5347/4171 4370/5281/4106 4517/5488/4310 
f 4416/5327/4151 4461/5372/4196 4518/5490/4312 
f 4518/5490/4312 4517/5491/4313 4416/5327/4151 
f 4519/5492/4314 4520/5493/4315 4421/5332/4156 
f 4421/5332/4156 4444/5355/4179 4519/5492/4314 
f 4462/5373/4197 4415/5326/4150 4520/5494/4316 
f 4520/5494/4316 4519/5495/4317 4462/5373/4197 
f 4518/5489/4311 4521/5496/4318 4430/5341/4165 
f 4430/5341/4165 4436/5347/4171 4518/5489/4311 
f 4461/5372/4196 4459/5370/4194 4521/5497/4319 
f 4521/5497/4319 4518/5490/4312 4461/5372/4196 
f 4522/5498/4320 4519/5492/4314 4444/5355/4179 
f 4444/5355/4179 4446/5357/4181 4522/5498/4320 
f 4460/5371/4195 4462/5373/4197 4519/5495/4317 
f 4519/5495/4317 4522/5499/4321 4460/5371/4195 
f 4521/5496/4318 4523/5500/4322 4426/5337/4161 
f 4426/5337/4161 4430/5341/4165 4521/5496/4318 
f 4459/5370/4194 4457/5368/4192 4523/5501/4323 
f 4523/5501/4323 4521/5497/4319 4459/5370/4194 
f 4524/5502/4324 4522/5498/4320 4446/5357/4181 
f 4446/5357/4181 4439/5350/4174 4524/5502/4324 
f 4458/5369/4193 4460/5371/4195 4522/5499/4321 
f 4522/5499/4321 4524/5503/4325 4458/5369/4193 
f 4523/5500/4322 4525/5504/4326 4381/5292/4117 
f 4381/5292/4117 4426/5337/4161 4523/5500/4322 
f 4457/5368/4192 4405/5316/4140 4525/5505/4327 
f 4525/5505/4327 4523/5501/4323 4457/5368/4192 
f 4526/5506/4328 4524/5502/4324 4439/5350/4174 
f 4439/5350/4174 4392/5303/4128 4526/5506/4328 
f 4406/5317/4141 4458/5369/4193 4524/5503/4325 
f 4524/5503/4325 4526/5507/4329 4406/5317/4141 
f 4527/5508/4330 4528/5509/4331 4425/5336/4160 
f 4425/5336/4160 4384/5295/4120 4527/5508/4330 
f 4398/5309/4134 4441/5352/4176 4528/5510/4332 
f 4528/5510/4332 4527/5511/4333 4398/5309/4134 
f 4529/5512/4334 4530/5513/4335 4389/5300/4125 
f 4389/5300/4125 4440/5351/4175 4529/5512/4334 
f 4442/5353/4177 4397/5308/4133 4530/5514/4336 
f 4530/5514/4336 4529/5515/4337 4442/5353/4177 
f 4528/5509/4331 4531/5516/4338 4429/5340/4164 
f 4429/5340/4164 4425/5336/4160 4528/5509/4331 
f 4441/5352/4176 4437/5348/4172 4531/5517/4339 
f 4531/5517/4339 4528/5510/4332 4441/5352/4176 
f 4532/5518/4340 4529/5512/4334 4440/5351/4175 
f 4440/5351/4175 4445/5356/4180 4532/5518/4340 
f 4438/5349/4173 4442/5353/4177 4529/5515/4337 
f 4529/5515/4337 4532/5519/4341 4438/5349/4173 
f 4531/5516/4338 4533/5520/4342 4435/5346/4170 
f 4435/5346/4170 4429/5340/4164 4531/5516/4338 
f 4437/5348/4172 4433/5344/4168 4533/5521/4343 
f 4533/5521/4343 4531/5517/4339 4437/5348/4172 
f 4534/5522/4344 4532/5518/4340 4445/5356/4180 
f 4445/5356/4180 4443/5354/4178 4534/5522/4344 
f 4434/5345/4169 4438/5349/4173 4532/5519/4341 
f 4532/5519/4341 4534/5523/4345 4434/5345/4169 
f 4533/5520/4342 4535/5524/4346 4371/5282/4107 
f 4371/5282/4107 4435/5346/4170 4533/5520/4342 
f 4433/5344/4168 4432/5343/4167 4535/5525/4347 
f 4535/5525/4347 4533/5521/4343 4433/5344/4168 
f 4536/5526/4348 4534/5522/4344 4443/5354/4178 
f 4443/5354/4178 4420/5331/4155 4536/5526/4348 
f 4431/5342/4166 4434/5345/4169 4534/5523/4345 
f 4534/5523/4345 4536/5527/4349 4431/5342/4166 
f 4505/5464/4286 4535/5525/4347 4432/5343/4167 
f 4432/5343/4167 4451/5362/4186 4505/5464/4286 
f 4372/5283/4108 4371/5282/4107 4535/5524/4346 
f 4535/5524/4346 4505/5465/4287 4372/5283/4108 
f 4517/5491/4313 4506/5466/4288 4417/5328/4152 
f 4417/5328/4152 4416/5327/4151 4517/5491/4313 
f 4370/5281/4106 4369/5280/4105 4506/5467/4289 
f 4506/5467/4289 4517/5488/4310 4370/5281/4106 
f 4479/5407/4231 4497/5448/4270 4362/5273/4098 
f 4362/5273/4098 4394/5305/4130 4479/5407/4231 
f 4378/5289/4114 4377/5288/4113 4497/5451/4273 
f 4497/5451/4273 4479/5405/4229 4378/5289/4114 
f 4500/5453/4275 4471/5387/4211 4470/5386/4210 
f 4470/5386/4210 4407/5318/4142 4500/5453/4275 
f 4376/5287/4112 4375/5286/4111 4471/5389/4213 
f 4471/5389/4213 4500/5454/4276 4376/5287/4112 
f 4520/5493/4315 4510/5474/4296 4422/5333/4157 
f 4422/5333/4157 4421/5332/4156 4520/5493/4315 
f 4415/5326/4150 4418/5329/4153 4510/5473/4295 
f 4510/5473/4295 4520/5494/4316 4415/5326/4150 
f 4516/5487/4309 4464/5383/4207 4368/5279/4104 
f 4368/5279/4104 4367/5278/4103 4516/5487/4309 
f 4408/5319/4143 4465/5376/4200 4464/5375/4199 
f 4464/5375/4199 4516/5486/4308 4408/5319/4143 
f 4507/5471/4293 4536/5526/4348 4420/5331/4155 
f 4420/5331/4155 4419/5330/4154 4507/5471/4293 
f 4452/5363/4187 4431/5342/4166 4536/5527/4349 
f 4536/5527/4349 4507/5468/4290 4452/5363/4187 
f 4474/5395/4219 4515/5485/4307 4366/5277/4102 
f 4366/5277/4102 4365/5276/4101 4474/5395/4219 
f 4393/5304/4129 4361/5272/4097 4515/5484/4306 
f 4515/5484/4306 4474/5402/4226 4393/5304/4129 
f 4525/5504/4326 4487/5423/4247 4382/5293/4118 
f 4382/5293/4118 4381/5292/4117 4525/5504/4326 
f 4405/5316/4140 4404/5315/4139 4487/5425/4248 
f 4487/5425/4248 4525/5505/4327 4405/5316/4140 
f 4495/5443/4265 4526/5506/4328 4392/5303/4128 
f 4392/5303/4128 4391/5302/4127 4495/5443/4265 
f 4403/5314/4138 4406/5317/4141 4526/5507/4329 
f 4526/5507/4329 4495/5441/4263 4403/5314/4138 
f 4527/5511/4333 4482/5420/4244 4395/5306/4131 
f 4395/5306/4131 4398/5309/4134 4527/5511/4333 
f 4384/5295/4120 4383/5294/4119 4482/5413/4237 
f 4482/5413/4237 4527/5508/4330 4384/5295/4120 
f 4530/5513/4335 4490/5438/4260 4390/5301/4126 
f 4390/5301/4126 4389/5300/4125 4530/5513/4335 
f 4397/5308/4133 4396/5307/4132 4490/5431/4254 
f 4490/5431/4254 4530/5514/4336 4397/5308/4133 
f 4470/5386/4210 4465/5376/4200 4408/5319/4143 
f 4408/5319/4143 4407/5318/4142 4470/5386/4210 
f 4537/5528/4350 4538/5529/4351 4539/5530/4352 
f 4539/5530/4352 4540/5531/4353 4537/5528/4350 
f 4541/5532/4354 4542/5533/4355 4543/5534/4356 
f 4543/5534/4356 4544/5535/4357 4541/5532/4354 
f 4545/5536/4358 4546/5537/4106 4547/5538/4359 
f 4547/5538/4359 4548/5539/4360 4545/5536/4358 
f 4543/5534/4356 4542/5533/4355 4549/5540/4361 
f 4549/5540/4361 4550/5541/4362 4543/5534/4356 
f 4551/5542/4363 4552/5543/4364 4553/5544/4365 
f 4553/5544/4365 4554/5545/4366 4551/5542/4363 
f 4555/5546/4367 4556/5547/4368 4553/5544/4365 
f 4553/5544/4365 4552/5543/4364 4555/5546/4367 
f 4557/5548/4369 4558/5549/4370 4559/5550/4371 
f 4559/5550/4371 4560/5551/4372 4557/5548/4369 
f 4561/5552/4373 4562/5553/4374 4563/5554/4375 
f 4563/5554/4375 4564/5555/4376 4561/5552/4373 
f 4565/5556/4377 4566/5557/4378 4567/5558/4379 
f 4567/5558/4379 4568/5559/4380 4565/5556/4377 
f 4538/5529/4351 4537/5528/4350 4569/5560/4381 
f 4569/5560/4381 4570/5561/4382 4538/5529/4351 
f 4571/5562/4383 4572/5563/4384 4573/5564/4385 
f 4573/5564/4385 4574/5565/4386 4571/5562/4383 
f 4575/5566/4387 4576/5567/4388 4577/5568/4389 
f 4577/5568/4389 4578/5569/4390 4575/5566/4387 
f 4579/5570/4391 4580/5571/4392 4581/5572/4393 
f 4581/5572/4393 4582/5573/4394 4579/5570/4391 
f 4583/5574/4395 4584/5575/4396 4585/5576/4397 
f 4585/5576/4397 4586/5577/4398 4583/5574/4395 
f 4586/5577/4398 4585/5576/4397 4587/5578/4399 
f 4587/5578/4399 4588/5579/4400 4586/5577/4398 
f 4588/5579/4400 4587/5578/4399 4589/5580/4401 
f 4589/5580/4401 4590/5581/4402 4588/5579/4400 
f 4591/5582/4403 4592/5583/4404 4593/5584/4405 
f 4593/5584/4405 4594/5585/4406 4591/5582/4403 
f 4595/5586/4407 4596/5587/4408 4597/5588/4156 
f 4597/5588/4156 4598/5589/4409 4595/5586/4407 
f 4550/5541/4362 4549/5540/4361 4599/5590/4410 
f 4599/5590/4410 4600/5591/4411 4550/5541/4362 
f 4601/5592/4412 4602/5593/4413 4557/5548/4369 
f 4557/5548/4369 4560/5551/4372 4601/5592/4412 
f 4600/5591/4411 4599/5590/4410 4603/5594/4414 
f 4603/5594/4414 4604/5595/4415 4600/5591/4411 
f 4605/5596/4416 4606/5597/4417 4602/5593/4413 
f 4602/5593/4413 4601/5592/4412 4605/5596/4416 
f 4607/5598/4418 4608/5599/4419 4609/5600/4420 
f 4609/5600/4420 4610/5601/4421 4607/5598/4418 
f 4611/5602/4422 4612/5603/4423 4606/5597/4417 
f 4606/5597/4417 4605/5596/4416 4611/5602/4422 
f 4547/5538/4359 4546/5537/4106 4612/5603/4423 
f 4612/5603/4423 4611/5602/4422 4547/5538/4359 
f 4610/5601/4421 4609/5600/4420 4613/5604/4424 
f 4613/5604/4424 4614/5605/4425 4610/5601/4421 
f 4615/5606/4426 4616/5607/4427 4565/5556/4377 
f 4565/5556/4377 4568/5559/4380 4615/5606/4426 
f 4614/5605/4425 4613/5604/4424 4617/5608/4428 
f 4617/5608/4428 4618/5609/4429 4614/5605/4425 
f 4618/5609/4429 4617/5608/4428 4574/5565/4386 
f 4574/5565/4386 4573/5564/4385 4618/5609/4429 
f 4597/5588/4156 4596/5587/4408 4619/5610/4430 
f 4619/5610/4430 4620/5611/4431 4597/5588/4156 
f 4620/5611/4431 4619/5610/4430 4621/5612/4432 
f 4621/5612/4432 4622/5613/4433 4620/5611/4431 
f 4622/5613/4433 4621/5612/4432 4616/5607/4427 
f 4616/5607/4427 4615/5606/4426 4622/5613/4433 
f 4545/5536/4358 4548/5539/4360 4623/5614/4434 
f 4623/5614/4434 4624/5615/4435 4545/5536/4358 
f 4625/5616/4436 4626/5617/4437 4627/5618/4438 
f 4627/5618/4438 4628/5619/4187 4625/5616/4436 
f 4624/5615/4435 4623/5614/4434 4629/5620/4439 
f 4629/5620/4439 4630/5621/4440 4624/5615/4435 
f 4590/5581/4402 4589/5580/4401 4594/5585/4406 
f 4594/5585/4406 4593/5584/4405 4590/5581/4402 
f 4628/5619/4187 4627/5618/4438 4608/5599/4419 
f 4608/5599/4419 4607/5598/4418 4628/5619/4187 
f 4540/5531/4353 4539/5530/4352 4631/5622/4441 
f 4631/5622/4441 4632/5623/4442 4540/5531/4353 
f 4604/5595/4415 4603/5594/4414 4595/5586/4407 
f 4595/5586/4407 4598/5589/4409 4604/5595/4415 
f 4632/5623/4442 4631/5622/4441 4626/5617/4437 
f 4626/5617/4437 4625/5616/4436 4632/5623/4442 
f 4582/5573/4394 4581/5572/4393 4633/5624/4443 
f 4633/5624/4443 4634/5625/4444 4582/5573/4394 
f 4634/5625/4444 4633/5624/4443 4635/5626/4445 
f 4635/5626/4445 4636/5627/4446 4634/5625/4444 
f 4636/5627/4446 4635/5626/4445 4637/5628/4447 
f 4637/5628/4447 4638/5629/4448 4636/5627/4446 
f 4638/5629/4448 4637/5628/4447 4592/5583/4404 
f 4592/5583/4404 4591/5582/4403 4638/5629/4448 
f 4630/5621/4440 4629/5620/4439 4556/5547/4368 
f 4556/5547/4368 4555/5546/4367 4630/5621/4440 
f 4639/5630/4449 4640/5631/4450 4641/5632/4451 
f 4641/5632/4451 4642/5633/4452 4639/5630/4449 
f 4639/5634/4453 4642/5635/4454 4563/5554/4375 
f 4563/5554/4375 4643/5636/4455 4639/5634/4453 
f 4639/5637/4456 4643/5638/4457 4544/5535/4357 
f 4544/5535/4357 4640/5639/4458 4639/5637/4456 
f 4644/5640/4459 4645/5641/4460 4646/5642/4461 
f 4646/5642/4461 4647/5643/4462 4644/5640/4459 
f 4644/5644/4463 4647/5645/4464 4551/5542/4363 
f 4551/5542/4363 4648/5646/4465 4644/5644/4463 
f 4644/5647/4466 4648/5648/4467 4564/5555/4376 
f 4564/5555/4376 4645/5649/4468 4644/5647/4466 
f 4649/5650/4469 4650/5651/4470 4541/5532/4354 
f 4541/5532/4354 4651/5652/4471 4649/5650/4469 
f 4649/5653/4472 4651/5654/4473 4562/5553/4374 
f 4562/5553/4374 4652/5655/4474 4649/5653/4472 
f 4649/5656/4475 4652/5657/4476 4569/5560/4381 
f 4569/5560/4381 4650/5658/4477 4649/5656/4475 
f 4653/5659/4478 4654/5660/4479 4554/5545/4366 
f 4554/5545/4366 4655/5661/4480 4653/5659/4478 
f 4653/5662/4481 4655/5663/4482 4570/5561/4382 
f 4570/5561/4382 4656/5664/4483 4653/5662/4481 
f 4653/5665/4484 4656/5666/4485 4561/5552/4373 
f 4561/5552/4373 4654/5667/4486 4653/5665/4484 
f 4657/5668/4487 4658/5669/4488 4559/5550/4371 
f 4559/5550/4371 4659/5670/4489 4657/5668/4487 
f 4657/5671/4490 4659/5672/4491 4575/5566/4387 
f 4575/5566/4387 4660/5673/4492 4657/5671/4490 
f 4657/5674/4493 4660/5675/4494 4571/5562/4383 
f 4571/5562/4383 4658/5676/4495 4657/5674/4493 
f 4661/5677/4496 4662/5678/4497 4558/5549/4370 
f 4558/5549/4370 4663/5679/4498 4661/5677/4496 
f 4661/5680/4449 4663/5681/4499 4580/5571/4392 
f 4580/5571/4392 4664/5682/4500 4661/5680/4449 
f 4661/5683/4501 4664/5684/4502 4576/5567/4388 
f 4576/5567/4388 4662/5685/4503 4661/5683/4501 
f 4665/5686/4504 4666/5687/4505 4572/5563/4384 
f 4572/5563/4384 4667/5688/4506 4665/5686/4504 
f 4665/5689/4507 4667/5690/4508 4578/5569/4390 
f 4578/5569/4390 4668/5691/4509 4665/5689/4507 
f 4665/5692/4510 4668/5693/4511 4566/5557/4378 
f 4566/5557/4378 4666/5694/4512 4665/5692/4510 
f 4669/5695/4513 4670/5696/4514 4579/5570/4391 
f 4579/5570/4391 4671/5697/4515 4669/5695/4513 
f 4669/5698/4516 4671/5699/4517 4567/5558/4379 
f 4567/5558/4379 4672/5700/4518 4669/5698/4516 
f 4669/5701/4519 4672/5702/4520 4577/5568/4389 
f 4577/5568/4389 4670/5703/4521 4669/5701/4519 
f 4642/5635/4454 4645/5649/4468 4564/5555/4376 
f 4564/5555/4376 4563/5554/4375 4642/5635/4454 
f 4641/5632/4451 4646/5642/4461 4645/5641/4460 
f 4645/5641/4460 4642/5633/4452 4641/5632/4451 
f 4643/5638/4457 4651/5652/4471 4541/5532/4354 
f 4541/5532/4354 4544/5535/4357 4643/5638/4457 
f 4563/5554/4375 4562/5553/4374 4651/5654/4473 
f 4651/5654/4473 4643/5636/4455 4563/5554/4375 
f 4654/5660/4479 4648/5646/4465 4551/5542/4363 
f 4551/5542/4363 4554/5545/4366 4654/5660/4479 
f 4561/5552/4373 4564/5555/4376 4648/5648/4467 
f 4648/5648/4467 4654/5667/4486 4561/5552/4373 
f 4652/5657/4476 4656/5664/4483 4570/5561/4382 
f 4570/5561/4382 4569/5560/4381 4652/5657/4476 
f 4562/5553/4374 4561/5552/4373 4656/5666/4485 
f 4656/5666/4485 4652/5655/4474 4562/5553/4374 
f 4662/5678/4497 4659/5670/4489 4559/5550/4371 
f 4559/5550/4371 4558/5549/4370 4662/5678/4497 
f 4576/5567/4388 4575/5566/4387 4659/5672/4491 
f 4659/5672/4491 4662/5685/4503 4576/5567/4388 
f 4660/5675/4494 4667/5688/4506 4572/5563/4384 
f 4572/5563/4384 4571/5562/4383 4660/5675/4494 
f 4575/5566/4387 4578/5569/4390 4667/5690/4508 
f 4667/5690/4508 4660/5673/4492 4575/5566/4387 
f 4670/5696/4514 4664/5682/4500 4580/5571/4392 
f 4580/5571/4392 4579/5570/4391 4670/5696/4514 
f 4577/5568/4389 4576/5567/4388 4664/5684/4502 
f 4664/5684/4502 4670/5703/4521 4577/5568/4389 
f 4672/5702/4520 4668/5691/4509 4578/5569/4390 
f 4578/5569/4390 4577/5568/4389 4672/5702/4520 
f 4567/5558/4379 4566/5557/4378 4668/5693/4511 
f 4668/5693/4511 4672/5700/4518 4567/5558/4379 
f 4673/5704/4522 4674/5705/4523 4539/5530/4352 
f 4539/5530/4352 4538/5529/4351 4673/5704/4522 
f 4553/5544/4365 4556/5547/4368 4674/5706/4524 
f 4674/5706/4524 4673/5707/4525 4553/5544/4365 
f 4675/5708/4526 4676/5709/4527 4583/5574/4395 
f 4583/5574/4395 4586/5577/4398 4675/5708/4526 
f 4555/5546/4367 4552/5543/4364 4676/5710/4528 
f 4676/5710/4528 4675/5711/4529 4555/5546/4367 
f 4674/5705/4523 4677/5712/4530 4631/5622/4441 
f 4631/5622/4441 4539/5530/4352 4674/5705/4523 
f 4556/5547/4368 4629/5620/4439 4677/5713/4531 
f 4677/5713/4531 4674/5706/4524 4556/5547/4368 
f 4678/5714/4532 4675/5708/4526 4586/5577/4398 
f 4586/5577/4398 4588/5579/4400 4678/5714/4532 
f 4630/5621/4440 4555/5546/4367 4675/5711/4529 
f 4675/5711/4529 4678/5715/4533 4630/5621/4440 
f 4677/5712/4530 4679/5716/4534 4626/5617/4437 
f 4626/5617/4437 4631/5622/4441 4677/5712/4530 
f 4629/5620/4439 4623/5614/4434 4679/5717/4535 
f 4679/5717/4535 4677/5713/4531 4629/5620/4439 
f 4680/5718/4536 4678/5714/4532 4588/5579/4400 
f 4588/5579/4400 4590/5581/4402 4680/5718/4536 
f 4624/5615/4435 4630/5621/4440 4678/5715/4533 
f 4678/5715/4533 4680/5719/4537 4624/5615/4435 
f 4679/5716/4534 4681/5720/4538 4627/5618/4438 
f 4627/5618/4438 4626/5617/4437 4679/5716/4534 
f 4623/5614/4434 4548/5539/4360 4681/5721/4539 
f 4681/5721/4539 4679/5717/4535 4623/5614/4434 
f 4682/5722/4540 4680/5718/4536 4590/5581/4402 
f 4590/5581/4402 4593/5584/4405 4682/5722/4540 
f 4545/5536/4358 4624/5615/4435 4680/5719/4537 
f 4680/5719/4537 4682/5723/4541 4545/5536/4358 
f 4683/5724/4542 4684/5725/4543 4625/5616/4436 
f 4625/5616/4436 4628/5619/4187 4683/5724/4542 
f 4595/5586/4407 4603/5594/4414 4684/5726/4544 
f 4684/5726/4544 4683/5727/4545 4595/5586/4407 
f 4685/5728/4546 4686/5729/4547 4594/5585/4406 
f 4594/5585/4406 4589/5580/4401 4685/5728/4546 
f 4604/5595/4415 4598/5589/4409 4686/5730/4548 
f 4686/5730/4548 4685/5731/4549 4604/5595/4415 
f 4684/5725/4543 4687/5732/4550 4632/5623/4442 
f 4632/5623/4442 4625/5616/4436 4684/5725/4543 
f 4603/5594/4414 4599/5590/4410 4687/5733/4551 
f 4687/5733/4551 4684/5726/4544 4603/5594/4414 
f 4688/5734/4552 4685/5728/4546 4589/5580/4401 
f 4589/5580/4401 4587/5578/4399 4688/5734/4552 
f 4600/5591/4411 4604/5595/4415 4685/5731/4549 
f 4685/5731/4549 4688/5735/4553 4600/5591/4411 
f 4687/5732/4550 4689/5736/4554 4540/5531/4353 
f 4540/5531/4353 4632/5623/4442 4687/5732/4550 
f 4599/5590/4410 4549/5540/4361 4689/5737/4555 
f 4689/5737/4555 4687/5733/4551 4599/5590/4410 
f 4690/5738/4556 4688/5734/4552 4587/5578/4399 
f 4587/5578/4399 4585/5576/4397 4690/5738/4556 
f 4550/5541/4362 4600/5591/4411 4688/5735/4553 
f 4688/5735/4553 4690/5739/4557 4550/5541/4362 
f 4689/5736/4554 4691/5740/4558 4537/5528/4350 
f 4537/5528/4350 4540/5531/4353 4689/5736/4554 
f 4549/5540/4361 4542/5533/4355 4691/5741/4559 
f 4691/5741/4559 4689/5737/4555 4549/5540/4361 
f 4692/5742/4560 4690/5738/4556 4585/5576/4397 
f 4585/5576/4397 4584/5575/4396 4692/5742/4560 
f 4543/5534/4356 4550/5541/4362 4690/5739/4557 
f 4690/5739/4557 4692/5743/4561 4543/5534/4356 
f 4693/5744/4562 4694/5745/4563 4612/5603/4423 
f 4612/5603/4423 4546/5537/4106 4693/5744/4562 
f 4592/5583/4404 4637/5628/4447 4694/5746/4564 
f 4694/5746/4564 4693/5747/4565 4592/5583/4404 
f 4695/5748/4566 4696/5749/4567 4597/5588/4156 
f 4597/5588/4156 4620/5611/4431 4695/5748/4566 
f 4638/5629/4448 4591/5582/4403 4696/5750/4568 
f 4696/5750/4568 4695/5751/4569 4638/5629/4448 
f 4694/5745/4563 4697/5752/4570 4606/5597/4417 
f 4606/5597/4417 4612/5603/4423 4694/5745/4563 
f 4637/5628/4447 4635/5626/4445 4697/5753/4047 
f 4697/5753/4047 4694/5746/4564 4637/5628/4447 
f 4698/5754/4571 4695/5748/4566 4620/5611/4431 
f 4620/5611/4431 4622/5613/4433 4698/5754/4571 
f 4636/5627/4446 4638/5629/4448 4695/5751/4569 
f 4695/5751/4569 4698/5755/4572 4636/5627/4446 
f 4697/5752/4570 4699/5756/4573 4602/5593/4413 
f 4602/5593/4413 4606/5597/4417 4697/5752/4570 
f 4635/5626/4445 4633/5624/4443 4699/5757/4574 
f 4699/5757/4574 4697/5753/4047 4635/5626/4445 
f 4700/5758/4575 4698/5754/4571 4622/5613/4433 
f 4622/5613/4433 4615/5606/4426 4700/5758/4575 
f 4634/5625/4444 4636/5627/4446 4698/5755/4572 
f 4698/5755/4572 4700/5759/4576 4634/5625/4444 
f 4699/5756/4573 4701/5760/4577 4557/5548/4369 
f 4557/5548/4369 4602/5593/4413 4699/5756/4573 
f 4633/5624/4443 4581/5572/4393 4701/5761/4578 
f 4701/5761/4578 4699/5757/4574 4633/5624/4443 
f 4702/5762/4579 4700/5758/4575 4615/5606/4426 
f 4615/5606/4426 4568/5559/4380 4702/5762/4579 
f 4582/5573/4394 4634/5625/4444 4700/5759/4576 
f 4700/5759/4576 4702/5763/4580 4582/5573/4394 
f 4703/5764/4581 4704/5765/4582 4601/5592/4412 
f 4601/5592/4412 4560/5551/4372 4703/5764/4581 
f 4574/5565/4386 4617/5608/4428 4704/5766/4583 
f 4704/5766/4583 4703/5767/4584 4574/5565/4386 
f 4705/5768/4585 4706/5769/4586 4565/5556/4377 
f 4565/5556/4377 4616/5607/4427 4705/5768/4585 
f 4618/5609/4429 4573/5564/4385 4706/5770/4587 
f 4706/5770/4587 4705/5771/4588 4618/5609/4429 
f 4704/5765/4582 4707/5772/4589 4605/5596/4416 
f 4605/5596/4416 4601/5592/4412 4704/5765/4582 
f 4617/5608/4428 4613/5604/4424 4707/5773/4590 
f 4707/5773/4590 4704/5766/4583 4617/5608/4428 
f 4708/5774/4591 4705/5768/4585 4616/5607/4427 
f 4616/5607/4427 4621/5612/4432 4708/5774/4591 
f 4614/5605/4425 4618/5609/4429 4705/5771/4588 
f 4705/5771/4588 4708/5775/4592 4614/5605/4425 
f 4707/5772/4589 4709/5776/4593 4611/5602/4422 
f 4611/5602/4422 4605/5596/4416 4707/5772/4589 
f 4613/5604/4424 4609/5600/4420 4709/5777/4594 
f 4709/5777/4594 4707/5773/4590 4613/5604/4424 
f 4710/5778/4595 4708/5774/4591 4621/5612/4432 
f 4621/5612/4432 4619/5610/4430 4710/5778/4595 
f 4610/5601/4421 4614/5605/4425 4708/5775/4592 
f 4708/5775/4592 4710/5779/4596 4610/5601/4421 
f 4709/5776/4593 4711/5780/4597 4547/5538/4359 
f 4547/5538/4359 4611/5602/4422 4709/5776/4593 
f 4609/5600/4420 4608/5599/4419 4711/5781/4598 
f 4711/5781/4598 4709/5777/4594 4609/5600/4420 
f 4712/5782/4599 4710/5778/4595 4619/5610/4430 
f 4619/5610/4430 4596/5587/4408 4712/5782/4599 
f 4607/5598/4418 4610/5601/4421 4710/5779/4596 
f 4710/5779/4596 4712/5783/4600 4607/5598/4418 
f 4681/5720/4538 4711/5781/4598 4608/5599/4419 
f 4608/5599/4419 4627/5618/4438 4681/5720/4538 
f 4548/5539/4360 4547/5538/4359 4711/5780/4597 
f 4711/5780/4597 4681/5721/4539 4548/5539/4360 
f 4693/5747/4565 4682/5722/4540 4593/5584/4405 
f 4593/5584/4405 4592/5583/4404 4693/5747/4565 
f 4546/5537/4106 4545/5536/4358 4682/5723/4541 
f 4682/5723/4541 4693/5744/4562 4546/5537/4106 
f 4655/5663/4482 4673/5704/4522 4538/5529/4351 
f 4538/5529/4351 4570/5561/4382 4655/5663/4482 
f 4554/5545/4366 4553/5544/4365 4673/5707/4525 
f 4673/5707/4525 4655/5661/4480 4554/5545/4366 
f 4676/5709/4527 4647/5643/4462 4646/5642/4461 
f 4646/5642/4461 4583/5574/4395 4676/5709/4527 
f 4552/5543/4364 4551/5542/4363 4647/5645/4464 
f 4647/5645/4464 4676/5710/4528 4552/5543/4364 
f 4696/5749/4567 4686/5730/4548 4598/5589/4409 
f 4598/5589/4409 4597/5588/4156 4696/5749/4567 
f 4591/5582/4403 4594/5585/4406 4686/5729/4547 
f 4686/5729/4547 4696/5750/4568 4591/5582/4403 
f 4692/5743/4561 4640/5639/4458 4544/5535/4357 
f 4544/5535/4357 4543/5534/4356 4692/5743/4561 
f 4584/5575/4396 4641/5632/4451 4640/5631/4450 
f 4640/5631/4450 4692/5742/4560 4584/5575/4396 
f 4683/5727/4545 4712/5782/4599 4596/5587/4408 
f 4596/5587/4408 4595/5586/4407 4683/5727/4545 
f 4628/5619/4187 4607/5598/4418 4712/5783/4600 
f 4712/5783/4600 4683/5724/4542 4628/5619/4187 
f 4650/5651/4470 4691/5741/4559 4542/5533/4355 
f 4542/5533/4355 4541/5532/4354 4650/5651/4470 
f 4569/5560/4381 4537/5528/4350 4691/5740/4558 
f 4691/5740/4558 4650/5658/4477 4569/5560/4381 
f 4701/5760/4577 4663/5679/4498 4558/5549/4370 
f 4558/5549/4370 4557/5548/4369 4701/5760/4577 
f 4581/5572/4393 4580/5571/4392 4663/5681/4499 
f 4663/5681/4499 4701/5761/4578 4581/5572/4393 
f 4671/5699/4517 4702/5762/4579 4568/5559/4380 
f 4568/5559/4380 4567/5558/4379 4671/5699/4517 
f 4579/5570/4391 4582/5573/4394 4702/5763/4580 
f 4702/5763/4580 4671/5697/4515 4579/5570/4391 
f 4703/5767/4584 4658/5676/4495 4571/5562/4383 
f 4571/5562/4383 4574/5565/4386 4703/5767/4584 
f 4560/5551/4372 4559/5550/4371 4658/5669/4488 
f 4658/5669/4488 4703/5764/4581 4560/5551/4372 
f 4706/5769/4586 4666/5694/4512 4566/5557/4378 
f 4566/5557/4378 4565/5556/4377 4706/5769/4586 
f 4573/5564/4385 4572/5563/4384 4666/5687/4505 
f 4666/5687/4505 4706/5770/4587 4573/5564/4385 
f 4646/5642/4461 4641/5632/4451 4584/5575/4396 
f 4584/5575/4396 4583/5574/4395 4646/5642/4461 
f 1526/1378/1005 1525/1377/1004 1546/1405/1025 
f 1546/1405/1025 1545/1404/1024 1526/1378/1005 
# 9328 faces

